timestamp,error_type,error_message,traceback,file_path,row_index,original_response
2025-04-05 15:54:41,CRITICAL_ERROR,Critical error in main processing loop: name 'root_path' is not defined,"Traceback (most recent call last):
  File ""/var/folders/1j/2k5xpt896fdb5rnbdm6nktnr0000gn/T/ipykernel_14640/3110420929.py"", line 17, in <module>
    for root, dirs, files in os.walk(root_path):
                                     ^^^^^^^^^
NameError: name 'root_path' is not defined
",,,
2025-04-05 15:55:01,ROW_PROCESSING_ERROR,Error processing row 0 in file /Volumes/TVault2/datasets/sugvu24/extracted_frames/case_001/extraction_results.csv: name 'is_image_processed' is not defined,"Traceback (most recent call last):
  File ""/var/folders/1j/2k5xpt896fdb5rnbdm6nktnr0000gn/T/ipykernel_14640/3110420929.py"", line 61, in <module>
    if is_image_processed(img_path):
       ^^^^^^^^^^^^^^^^^^
NameError: name 'is_image_processed' is not defined
",/Volumes/TVault2/datasets/sugvu24/extracted_frames/case_001/extraction_results.csv,0.0,
2025-04-05 15:55:01,ROW_PROCESSING_ERROR,Error processing row 1 in file /Volumes/TVault2/datasets/sugvu24/extracted_frames/case_001/extraction_results.csv: name 'is_image_processed' is not defined,"Traceback (most recent call last):
  File ""/var/folders/1j/2k5xpt896fdb5rnbdm6nktnr0000gn/T/ipykernel_14640/3110420929.py"", line 61, in <module>
    if is_image_processed(img_path):
       ^^^^^^^^^^^^^^^^^^
NameError: name 'is_image_processed' is not defined
",/Volumes/TVault2/datasets/sugvu24/extracted_frames/case_001/extraction_results.csv,1.0,
2025-04-05 15:55:01,ROW_PROCESSING_ERROR,Error processing row 2 in file /Volumes/TVault2/datasets/sugvu24/extracted_frames/case_001/extraction_results.csv: name 'is_image_processed' is not defined,"Traceback (most recent call last):
  File ""/var/folders/1j/2k5xpt896fdb5rnbdm6nktnr0000gn/T/ipykernel_14640/3110420929.py"", line 61, in <module>
    if is_image_processed(img_path):
       ^^^^^^^^^^^^^^^^^^
NameError: name 'is_image_processed' is not defined
",/Volumes/TVault2/datasets/sugvu24/extracted_frames/case_001/extraction_results.csv,2.0,
2025-04-05 15:55:01,ROW_PROCESSING_ERROR,Error processing row 3 in file /Volumes/TVault2/datasets/sugvu24/extracted_frames/case_001/extraction_results.csv: name 'is_image_processed' is not defined,"Traceback (most recent call last):
  File ""/var/folders/1j/2k5xpt896fdb5rnbdm6nktnr0000gn/T/ipykernel_14640/3110420929.py"", line 61, in <module>
    if is_image_processed(img_path):
       ^^^^^^^^^^^^^^^^^^
NameError: name 'is_image_processed' is not defined
",/Volumes/TVault2/datasets/sugvu24/extracted_frames/case_001/extraction_results.csv,3.0,
2025-04-05 15:55:01,ROW_PROCESSING_ERROR,Error processing row 4 in file /Volumes/TVault2/datasets/sugvu24/extracted_frames/case_001/extraction_results.csv: name 'is_image_processed' is not defined,"Traceback (most recent call last):
  File ""/var/folders/1j/2k5xpt896fdb5rnbdm6nktnr0000gn/T/ipykernel_14640/3110420929.py"", line 61, in <module>
    if is_image_processed(img_path):
       ^^^^^^^^^^^^^^^^^^
NameError: name 'is_image_processed' is not defined
",/Volumes/TVault2/datasets/sugvu24/extracted_frames/case_001/extraction_results.csv,4.0,
2025-04-05 15:55:01,ROW_PROCESSING_ERROR,Error processing row 5 in file /Volumes/TVault2/datasets/sugvu24/extracted_frames/case_001/extraction_results.csv: name 'is_image_processed' is not defined,"Traceback (most recent call last):
  File ""/var/folders/1j/2k5xpt896fdb5rnbdm6nktnr0000gn/T/ipykernel_14640/3110420929.py"", line 61, in <module>
    if is_image_processed(img_path):
       ^^^^^^^^^^^^^^^^^^
NameError: name 'is_image_processed' is not defined
",/Volumes/TVault2/datasets/sugvu24/extracted_frames/case_001/extraction_results.csv,5.0,
2025-04-05 15:55:01,ROW_PROCESSING_ERROR,Error processing row 6 in file /Volumes/TVault2/datasets/sugvu24/extracted_frames/case_001/extraction_results.csv: name 'is_image_processed' is not defined,"Traceback (most recent call last):
  File ""/var/folders/1j/2k5xpt896fdb5rnbdm6nktnr0000gn/T/ipykernel_14640/3110420929.py"", line 61, in <module>
    if is_image_processed(img_path):
       ^^^^^^^^^^^^^^^^^^
NameError: name 'is_image_processed' is not defined
",/Volumes/TVault2/datasets/sugvu24/extracted_frames/case_001/extraction_results.csv,6.0,
2025-04-05 15:55:01,ROW_PROCESSING_ERROR,Error processing row 7 in file /Volumes/TVault2/datasets/sugvu24/extracted_frames/case_001/extraction_results.csv: name 'is_image_processed' is not defined,"Traceback (most recent call last):
  File ""/var/folders/1j/2k5xpt896fdb5rnbdm6nktnr0000gn/T/ipykernel_14640/3110420929.py"", line 61, in <module>
    if is_image_processed(img_path):
       ^^^^^^^^^^^^^^^^^^
NameError: name 'is_image_processed' is not defined
",/Volumes/TVault2/datasets/sugvu24/extracted_frames/case_001/extraction_results.csv,7.0,
2025-04-05 15:55:01,ROW_PROCESSING_ERROR,Error processing row 8 in file /Volumes/TVault2/datasets/sugvu24/extracted_frames/case_001/extraction_results.csv: name 'is_image_processed' is not defined,"Traceback (most recent call last):
  File ""/var/folders/1j/2k5xpt896fdb5rnbdm6nktnr0000gn/T/ipykernel_14640/3110420929.py"", line 61, in <module>
    if is_image_processed(img_path):
       ^^^^^^^^^^^^^^^^^^
NameError: name 'is_image_processed' is not defined
",/Volumes/TVault2/datasets/sugvu24/extracted_frames/case_001/extraction_results.csv,8.0,
2025-04-05 15:55:01,ROW_PROCESSING_ERROR,Error processing row 9 in file /Volumes/TVault2/datasets/sugvu24/extracted_frames/case_001/extraction_results.csv: name 'is_image_processed' is not defined,"Traceback (most recent call last):
  File ""/var/folders/1j/2k5xpt896fdb5rnbdm6nktnr0000gn/T/ipykernel_14640/3110420929.py"", line 61, in <module>
    if is_image_processed(img_path):
       ^^^^^^^^^^^^^^^^^^
NameError: name 'is_image_processed' is not defined
",/Volumes/TVault2/datasets/sugvu24/extracted_frames/case_001/extraction_results.csv,9.0,
2025-04-05 15:55:01,ROW_PROCESSING_ERROR,Error processing row 10 in file /Volumes/TVault2/datasets/sugvu24/extracted_frames/case_001/extraction_results.csv: name 'is_image_processed' is not defined,"Traceback (most recent call last):
  File ""/var/folders/1j/2k5xpt896fdb5rnbdm6nktnr0000gn/T/ipykernel_14640/3110420929.py"", line 61, in <module>
    if is_image_processed(img_path):
       ^^^^^^^^^^^^^^^^^^
NameError: name 'is_image_processed' is not defined
",/Volumes/TVault2/datasets/sugvu24/extracted_frames/case_001/extraction_results.csv,10.0,
2025-04-05 15:55:01,ROW_PROCESSING_ERROR,Error processing row 11 in file /Volumes/TVault2/datasets/sugvu24/extracted_frames/case_001/extraction_results.csv: name 'is_image_processed' is not defined,"Traceback (most recent call last):
  File ""/var/folders/1j/2k5xpt896fdb5rnbdm6nktnr0000gn/T/ipykernel_14640/3110420929.py"", line 61, in <module>
    if is_image_processed(img_path):
       ^^^^^^^^^^^^^^^^^^
NameError: name 'is_image_processed' is not defined
",/Volumes/TVault2/datasets/sugvu24/extracted_frames/case_001/extraction_results.csv,11.0,
2025-04-05 15:55:01,ROW_PROCESSING_ERROR,Error processing row 12 in file /Volumes/TVault2/datasets/sugvu24/extracted_frames/case_001/extraction_results.csv: name 'is_image_processed' is not defined,"Traceback (most recent call last):
  File ""/var/folders/1j/2k5xpt896fdb5rnbdm6nktnr0000gn/T/ipykernel_14640/3110420929.py"", line 61, in <module>
    if is_image_processed(img_path):
       ^^^^^^^^^^^^^^^^^^
NameError: name 'is_image_processed' is not defined
",/Volumes/TVault2/datasets/sugvu24/extracted_frames/case_001/extraction_results.csv,12.0,
2025-04-05 15:55:01,ROW_PROCESSING_ERROR,Error processing row 13 in file /Volumes/TVault2/datasets/sugvu24/extracted_frames/case_001/extraction_results.csv: name 'is_image_processed' is not defined,"Traceback (most recent call last):
  File ""/var/folders/1j/2k5xpt896fdb5rnbdm6nktnr0000gn/T/ipykernel_14640/3110420929.py"", line 61, in <module>
    if is_image_processed(img_path):
       ^^^^^^^^^^^^^^^^^^
NameError: name 'is_image_processed' is not defined
",/Volumes/TVault2/datasets/sugvu24/extracted_frames/case_001/extraction_results.csv,13.0,
2025-04-05 15:55:01,ROW_PROCESSING_ERROR,Error processing row 14 in file /Volumes/TVault2/datasets/sugvu24/extracted_frames/case_001/extraction_results.csv: name 'is_image_processed' is not defined,"Traceback (most recent call last):
  File ""/var/folders/1j/2k5xpt896fdb5rnbdm6nktnr0000gn/T/ipykernel_14640/3110420929.py"", line 61, in <module>
    if is_image_processed(img_path):
       ^^^^^^^^^^^^^^^^^^
NameError: name 'is_image_processed' is not defined
",/Volumes/TVault2/datasets/sugvu24/extracted_frames/case_001/extraction_results.csv,14.0,
2025-04-05 15:55:01,ROW_PROCESSING_ERROR,Error processing row 15 in file /Volumes/TVault2/datasets/sugvu24/extracted_frames/case_001/extraction_results.csv: name 'is_image_processed' is not defined,"Traceback (most recent call last):
  File ""/var/folders/1j/2k5xpt896fdb5rnbdm6nktnr0000gn/T/ipykernel_14640/3110420929.py"", line 61, in <module>
    if is_image_processed(img_path):
       ^^^^^^^^^^^^^^^^^^
NameError: name 'is_image_processed' is not defined
",/Volumes/TVault2/datasets/sugvu24/extracted_frames/case_001/extraction_results.csv,15.0,
2025-04-05 15:55:01,ROW_PROCESSING_ERROR,Error processing row 16 in file /Volumes/TVault2/datasets/sugvu24/extracted_frames/case_001/extraction_results.csv: name 'is_image_processed' is not defined,"Traceback (most recent call last):
  File ""/var/folders/1j/2k5xpt896fdb5rnbdm6nktnr0000gn/T/ipykernel_14640/3110420929.py"", line 61, in <module>
    if is_image_processed(img_path):
       ^^^^^^^^^^^^^^^^^^
NameError: name 'is_image_processed' is not defined
",/Volumes/TVault2/datasets/sugvu24/extracted_frames/case_001/extraction_results.csv,16.0,
2025-04-05 15:55:01,ROW_PROCESSING_ERROR,Error processing row 17 in file /Volumes/TVault2/datasets/sugvu24/extracted_frames/case_001/extraction_results.csv: name 'is_image_processed' is not defined,"Traceback (most recent call last):
  File ""/var/folders/1j/2k5xpt896fdb5rnbdm6nktnr0000gn/T/ipykernel_14640/3110420929.py"", line 61, in <module>
    if is_image_processed(img_path):
       ^^^^^^^^^^^^^^^^^^
NameError: name 'is_image_processed' is not defined
",/Volumes/TVault2/datasets/sugvu24/extracted_frames/case_001/extraction_results.csv,17.0,
2025-04-05 15:55:01,ROW_PROCESSING_ERROR,Error processing row 18 in file /Volumes/TVault2/datasets/sugvu24/extracted_frames/case_001/extraction_results.csv: name 'is_image_processed' is not defined,"Traceback (most recent call last):
  File ""/var/folders/1j/2k5xpt896fdb5rnbdm6nktnr0000gn/T/ipykernel_14640/3110420929.py"", line 61, in <module>
    if is_image_processed(img_path):
       ^^^^^^^^^^^^^^^^^^
NameError: name 'is_image_processed' is not defined
",/Volumes/TVault2/datasets/sugvu24/extracted_frames/case_001/extraction_results.csv,18.0,
2025-04-05 15:55:01,ROW_PROCESSING_ERROR,Error processing row 19 in file /Volumes/TVault2/datasets/sugvu24/extracted_frames/case_001/extraction_results.csv: name 'is_image_processed' is not defined,"Traceback (most recent call last):
  File ""/var/folders/1j/2k5xpt896fdb5rnbdm6nktnr0000gn/T/ipykernel_14640/3110420929.py"", line 61, in <module>
    if is_image_processed(img_path):
       ^^^^^^^^^^^^^^^^^^
NameError: name 'is_image_processed' is not defined
",/Volumes/TVault2/datasets/sugvu24/extracted_frames/case_001/extraction_results.csv,19.0,
2025-04-05 15:55:01,ROW_PROCESSING_ERROR,Error processing row 20 in file /Volumes/TVault2/datasets/sugvu24/extracted_frames/case_001/extraction_results.csv: name 'is_image_processed' is not defined,"Traceback (most recent call last):
  File ""/var/folders/1j/2k5xpt896fdb5rnbdm6nktnr0000gn/T/ipykernel_14640/3110420929.py"", line 61, in <module>
    if is_image_processed(img_path):
       ^^^^^^^^^^^^^^^^^^
NameError: name 'is_image_processed' is not defined
",/Volumes/TVault2/datasets/sugvu24/extracted_frames/case_001/extraction_results.csv,20.0,
2025-04-05 15:55:01,ROW_PROCESSING_ERROR,Error processing row 21 in file /Volumes/TVault2/datasets/sugvu24/extracted_frames/case_001/extraction_results.csv: name 'is_image_processed' is not defined,"Traceback (most recent call last):
  File ""/var/folders/1j/2k5xpt896fdb5rnbdm6nktnr0000gn/T/ipykernel_14640/3110420929.py"", line 61, in <module>
    if is_image_processed(img_path):
       ^^^^^^^^^^^^^^^^^^
NameError: name 'is_image_processed' is not defined
",/Volumes/TVault2/datasets/sugvu24/extracted_frames/case_001/extraction_results.csv,21.0,
2025-04-05 15:55:01,ROW_PROCESSING_ERROR,Error processing row 22 in file /Volumes/TVault2/datasets/sugvu24/extracted_frames/case_001/extraction_results.csv: name 'is_image_processed' is not defined,"Traceback (most recent call last):
  File ""/var/folders/1j/2k5xpt896fdb5rnbdm6nktnr0000gn/T/ipykernel_14640/3110420929.py"", line 61, in <module>
    if is_image_processed(img_path):
       ^^^^^^^^^^^^^^^^^^
NameError: name 'is_image_processed' is not defined
",/Volumes/TVault2/datasets/sugvu24/extracted_frames/case_001/extraction_results.csv,22.0,
2025-04-05 15:55:01,ROW_PROCESSING_ERROR,Error processing row 23 in file /Volumes/TVault2/datasets/sugvu24/extracted_frames/case_001/extraction_results.csv: name 'is_image_processed' is not defined,"Traceback (most recent call last):
  File ""/var/folders/1j/2k5xpt896fdb5rnbdm6nktnr0000gn/T/ipykernel_14640/3110420929.py"", line 61, in <module>
    if is_image_processed(img_path):
       ^^^^^^^^^^^^^^^^^^
NameError: name 'is_image_processed' is not defined
",/Volumes/TVault2/datasets/sugvu24/extracted_frames/case_001/extraction_results.csv,23.0,
2025-04-05 15:55:01,ROW_PROCESSING_ERROR,Error processing row 24 in file /Volumes/TVault2/datasets/sugvu24/extracted_frames/case_001/extraction_results.csv: name 'is_image_processed' is not defined,"Traceback (most recent call last):
  File ""/var/folders/1j/2k5xpt896fdb5rnbdm6nktnr0000gn/T/ipykernel_14640/3110420929.py"", line 61, in <module>
    if is_image_processed(img_path):
       ^^^^^^^^^^^^^^^^^^
NameError: name 'is_image_processed' is not defined
",/Volumes/TVault2/datasets/sugvu24/extracted_frames/case_001/extraction_results.csv,24.0,
2025-04-05 15:55:01,ROW_PROCESSING_ERROR,Error processing row 25 in file /Volumes/TVault2/datasets/sugvu24/extracted_frames/case_001/extraction_results.csv: name 'is_image_processed' is not defined,"Traceback (most recent call last):
  File ""/var/folders/1j/2k5xpt896fdb5rnbdm6nktnr0000gn/T/ipykernel_14640/3110420929.py"", line 61, in <module>
    if is_image_processed(img_path):
       ^^^^^^^^^^^^^^^^^^
NameError: name 'is_image_processed' is not defined
",/Volumes/TVault2/datasets/sugvu24/extracted_frames/case_001/extraction_results.csv,25.0,
2025-04-05 15:55:01,ROW_PROCESSING_ERROR,Error processing row 26 in file /Volumes/TVault2/datasets/sugvu24/extracted_frames/case_001/extraction_results.csv: name 'is_image_processed' is not defined,"Traceback (most recent call last):
  File ""/var/folders/1j/2k5xpt896fdb5rnbdm6nktnr0000gn/T/ipykernel_14640/3110420929.py"", line 61, in <module>
    if is_image_processed(img_path):
       ^^^^^^^^^^^^^^^^^^
NameError: name 'is_image_processed' is not defined
",/Volumes/TVault2/datasets/sugvu24/extracted_frames/case_001/extraction_results.csv,26.0,
2025-04-05 15:55:01,ROW_PROCESSING_ERROR,Error processing row 27 in file /Volumes/TVault2/datasets/sugvu24/extracted_frames/case_001/extraction_results.csv: name 'is_image_processed' is not defined,"Traceback (most recent call last):
  File ""/var/folders/1j/2k5xpt896fdb5rnbdm6nktnr0000gn/T/ipykernel_14640/3110420929.py"", line 61, in <module>
    if is_image_processed(img_path):
       ^^^^^^^^^^^^^^^^^^
NameError: name 'is_image_processed' is not defined
",/Volumes/TVault2/datasets/sugvu24/extracted_frames/case_001/extraction_results.csv,27.0,
2025-04-05 15:55:01,ROW_PROCESSING_ERROR,Error processing row 28 in file /Volumes/TVault2/datasets/sugvu24/extracted_frames/case_001/extraction_results.csv: name 'is_image_processed' is not defined,"Traceback (most recent call last):
  File ""/var/folders/1j/2k5xpt896fdb5rnbdm6nktnr0000gn/T/ipykernel_14640/3110420929.py"", line 61, in <module>
    if is_image_processed(img_path):
       ^^^^^^^^^^^^^^^^^^
NameError: name 'is_image_processed' is not defined
",/Volumes/TVault2/datasets/sugvu24/extracted_frames/case_001/extraction_results.csv,28.0,
2025-04-05 15:55:01,ROW_PROCESSING_ERROR,Error processing row 29 in file /Volumes/TVault2/datasets/sugvu24/extracted_frames/case_001/extraction_results.csv: name 'is_image_processed' is not defined,"Traceback (most recent call last):
  File ""/var/folders/1j/2k5xpt896fdb5rnbdm6nktnr0000gn/T/ipykernel_14640/3110420929.py"", line 61, in <module>
    if is_image_processed(img_path):
       ^^^^^^^^^^^^^^^^^^
NameError: name 'is_image_processed' is not defined
",/Volumes/TVault2/datasets/sugvu24/extracted_frames/case_001/extraction_results.csv,29.0,
2025-04-05 15:55:01,ROW_PROCESSING_ERROR,Error processing row 30 in file /Volumes/TVault2/datasets/sugvu24/extracted_frames/case_001/extraction_results.csv: name 'is_image_processed' is not defined,"Traceback (most recent call last):
  File ""/var/folders/1j/2k5xpt896fdb5rnbdm6nktnr0000gn/T/ipykernel_14640/3110420929.py"", line 61, in <module>
    if is_image_processed(img_path):
       ^^^^^^^^^^^^^^^^^^
NameError: name 'is_image_processed' is not defined
",/Volumes/TVault2/datasets/sugvu24/extracted_frames/case_001/extraction_results.csv,30.0,
2025-04-05 15:55:01,ROW_PROCESSING_ERROR,Error processing row 31 in file /Volumes/TVault2/datasets/sugvu24/extracted_frames/case_001/extraction_results.csv: name 'is_image_processed' is not defined,"Traceback (most recent call last):
  File ""/var/folders/1j/2k5xpt896fdb5rnbdm6nktnr0000gn/T/ipykernel_14640/3110420929.py"", line 61, in <module>
    if is_image_processed(img_path):
       ^^^^^^^^^^^^^^^^^^
NameError: name 'is_image_processed' is not defined
",/Volumes/TVault2/datasets/sugvu24/extracted_frames/case_001/extraction_results.csv,31.0,
2025-04-05 15:55:01,ROW_PROCESSING_ERROR,Error processing row 32 in file /Volumes/TVault2/datasets/sugvu24/extracted_frames/case_001/extraction_results.csv: name 'is_image_processed' is not defined,"Traceback (most recent call last):
  File ""/var/folders/1j/2k5xpt896fdb5rnbdm6nktnr0000gn/T/ipykernel_14640/3110420929.py"", line 61, in <module>
    if is_image_processed(img_path):
       ^^^^^^^^^^^^^^^^^^
NameError: name 'is_image_processed' is not defined
",/Volumes/TVault2/datasets/sugvu24/extracted_frames/case_001/extraction_results.csv,32.0,
2025-04-05 15:55:01,ROW_PROCESSING_ERROR,Error processing row 33 in file /Volumes/TVault2/datasets/sugvu24/extracted_frames/case_001/extraction_results.csv: name 'is_image_processed' is not defined,"Traceback (most recent call last):
  File ""/var/folders/1j/2k5xpt896fdb5rnbdm6nktnr0000gn/T/ipykernel_14640/3110420929.py"", line 61, in <module>
    if is_image_processed(img_path):
       ^^^^^^^^^^^^^^^^^^
NameError: name 'is_image_processed' is not defined
",/Volumes/TVault2/datasets/sugvu24/extracted_frames/case_001/extraction_results.csv,33.0,
2025-04-05 15:55:01,ROW_PROCESSING_ERROR,Error processing row 34 in file /Volumes/TVault2/datasets/sugvu24/extracted_frames/case_001/extraction_results.csv: name 'is_image_processed' is not defined,"Traceback (most recent call last):
  File ""/var/folders/1j/2k5xpt896fdb5rnbdm6nktnr0000gn/T/ipykernel_14640/3110420929.py"", line 61, in <module>
    if is_image_processed(img_path):
       ^^^^^^^^^^^^^^^^^^
NameError: name 'is_image_processed' is not defined
",/Volumes/TVault2/datasets/sugvu24/extracted_frames/case_001/extraction_results.csv,34.0,
2025-04-05 15:55:01,ROW_PROCESSING_ERROR,"Error processing row 35 in file /Volumes/TVault2/datasets/sugvu24/extracted_frames/case_001/extraction_results.csv: join() argument must be str, bytes, or os.PathLike object, not 'float'","Traceback (most recent call last):
  File ""/var/folders/1j/2k5xpt896fdb5rnbdm6nktnr0000gn/T/ipykernel_14640/3110420929.py"", line 58, in <module>
    img_path = os.path.join(root, frame_file)
               ^^^^^^^^^^^^^^^^^^^^^^^^^^^^^^
  File ""<frozen posixpath>"", line 90, in join
  File ""<frozen genericpath>"", line 164, in _check_arg_types
TypeError: join() argument must be str, bytes, or os.PathLike object, not 'float'
",/Volumes/TVault2/datasets/sugvu24/extracted_frames/case_001/extraction_results.csv,35.0,
2025-04-05 15:55:01,ROW_PROCESSING_ERROR,"Error processing row 36 in file /Volumes/TVault2/datasets/sugvu24/extracted_frames/case_001/extraction_results.csv: join() argument must be str, bytes, or os.PathLike object, not 'float'","Traceback (most recent call last):
  File ""/var/folders/1j/2k5xpt896fdb5rnbdm6nktnr0000gn/T/ipykernel_14640/3110420929.py"", line 58, in <module>
    img_path = os.path.join(root, frame_file)
               ^^^^^^^^^^^^^^^^^^^^^^^^^^^^^^
  File ""<frozen posixpath>"", line 90, in join
  File ""<frozen genericpath>"", line 164, in _check_arg_types
TypeError: join() argument must be str, bytes, or os.PathLike object, not 'float'
",/Volumes/TVault2/datasets/sugvu24/extracted_frames/case_001/extraction_results.csv,36.0,
2025-04-05 15:55:01,ROW_PROCESSING_ERROR,"Error processing row 37 in file /Volumes/TVault2/datasets/sugvu24/extracted_frames/case_001/extraction_results.csv: join() argument must be str, bytes, or os.PathLike object, not 'float'","Traceback (most recent call last):
  File ""/var/folders/1j/2k5xpt896fdb5rnbdm6nktnr0000gn/T/ipykernel_14640/3110420929.py"", line 58, in <module>
    img_path = os.path.join(root, frame_file)
               ^^^^^^^^^^^^^^^^^^^^^^^^^^^^^^
  File ""<frozen posixpath>"", line 90, in join
  File ""<frozen genericpath>"", line 164, in _check_arg_types
TypeError: join() argument must be str, bytes, or os.PathLike object, not 'float'
",/Volumes/TVault2/datasets/sugvu24/extracted_frames/case_001/extraction_results.csv,37.0,
2025-04-05 15:55:01,ROW_PROCESSING_ERROR,"Error processing row 38 in file /Volumes/TVault2/datasets/sugvu24/extracted_frames/case_001/extraction_results.csv: join() argument must be str, bytes, or os.PathLike object, not 'float'","Traceback (most recent call last):
  File ""/var/folders/1j/2k5xpt896fdb5rnbdm6nktnr0000gn/T/ipykernel_14640/3110420929.py"", line 58, in <module>
    img_path = os.path.join(root, frame_file)
               ^^^^^^^^^^^^^^^^^^^^^^^^^^^^^^
  File ""<frozen posixpath>"", line 90, in join
  File ""<frozen genericpath>"", line 164, in _check_arg_types
TypeError: join() argument must be str, bytes, or os.PathLike object, not 'float'
",/Volumes/TVault2/datasets/sugvu24/extracted_frames/case_001/extraction_results.csv,38.0,
2025-04-05 15:55:01,ROW_PROCESSING_ERROR,"Error processing row 39 in file /Volumes/TVault2/datasets/sugvu24/extracted_frames/case_001/extraction_results.csv: join() argument must be str, bytes, or os.PathLike object, not 'float'","Traceback (most recent call last):
  File ""/var/folders/1j/2k5xpt896fdb5rnbdm6nktnr0000gn/T/ipykernel_14640/3110420929.py"", line 58, in <module>
    img_path = os.path.join(root, frame_file)
               ^^^^^^^^^^^^^^^^^^^^^^^^^^^^^^
  File ""<frozen posixpath>"", line 90, in join
  File ""<frozen genericpath>"", line 164, in _check_arg_types
TypeError: join() argument must be str, bytes, or os.PathLike object, not 'float'
",/Volumes/TVault2/datasets/sugvu24/extracted_frames/case_001/extraction_results.csv,39.0,
2025-04-05 15:55:01,ROW_PROCESSING_ERROR,"Error processing row 40 in file /Volumes/TVault2/datasets/sugvu24/extracted_frames/case_001/extraction_results.csv: join() argument must be str, bytes, or os.PathLike object, not 'float'","Traceback (most recent call last):
  File ""/var/folders/1j/2k5xpt896fdb5rnbdm6nktnr0000gn/T/ipykernel_14640/3110420929.py"", line 58, in <module>
    img_path = os.path.join(root, frame_file)
               ^^^^^^^^^^^^^^^^^^^^^^^^^^^^^^
  File ""<frozen posixpath>"", line 90, in join
  File ""<frozen genericpath>"", line 164, in _check_arg_types
TypeError: join() argument must be str, bytes, or os.PathLike object, not 'float'
",/Volumes/TVault2/datasets/sugvu24/extracted_frames/case_001/extraction_results.csv,40.0,
2025-04-05 15:55:01,ROW_PROCESSING_ERROR,"Error processing row 41 in file /Volumes/TVault2/datasets/sugvu24/extracted_frames/case_001/extraction_results.csv: join() argument must be str, bytes, or os.PathLike object, not 'float'","Traceback (most recent call last):
  File ""/var/folders/1j/2k5xpt896fdb5rnbdm6nktnr0000gn/T/ipykernel_14640/3110420929.py"", line 58, in <module>
    img_path = os.path.join(root, frame_file)
               ^^^^^^^^^^^^^^^^^^^^^^^^^^^^^^
  File ""<frozen posixpath>"", line 90, in join
  File ""<frozen genericpath>"", line 164, in _check_arg_types
TypeError: join() argument must be str, bytes, or os.PathLike object, not 'float'
",/Volumes/TVault2/datasets/sugvu24/extracted_frames/case_001/extraction_results.csv,41.0,
2025-04-05 15:55:01,ROW_PROCESSING_ERROR,Error processing row 42 in file /Volumes/TVault2/datasets/sugvu24/extracted_frames/case_001/extraction_results.csv: name 'is_image_processed' is not defined,"Traceback (most recent call last):
  File ""/var/folders/1j/2k5xpt896fdb5rnbdm6nktnr0000gn/T/ipykernel_14640/3110420929.py"", line 61, in <module>
    if is_image_processed(img_path):
       ^^^^^^^^^^^^^^^^^^
NameError: name 'is_image_processed' is not defined
",/Volumes/TVault2/datasets/sugvu24/extracted_frames/case_001/extraction_results.csv,42.0,
2025-04-05 15:55:01,ROW_PROCESSING_ERROR,"Error processing row 43 in file /Volumes/TVault2/datasets/sugvu24/extracted_frames/case_001/extraction_results.csv: join() argument must be str, bytes, or os.PathLike object, not 'float'","Traceback (most recent call last):
  File ""/var/folders/1j/2k5xpt896fdb5rnbdm6nktnr0000gn/T/ipykernel_14640/3110420929.py"", line 58, in <module>
    img_path = os.path.join(root, frame_file)
               ^^^^^^^^^^^^^^^^^^^^^^^^^^^^^^
  File ""<frozen posixpath>"", line 90, in join
  File ""<frozen genericpath>"", line 164, in _check_arg_types
TypeError: join() argument must be str, bytes, or os.PathLike object, not 'float'
",/Volumes/TVault2/datasets/sugvu24/extracted_frames/case_001/extraction_results.csv,43.0,
2025-04-05 15:55:01,ROW_PROCESSING_ERROR,"Error processing row 44 in file /Volumes/TVault2/datasets/sugvu24/extracted_frames/case_001/extraction_results.csv: join() argument must be str, bytes, or os.PathLike object, not 'float'","Traceback (most recent call last):
  File ""/var/folders/1j/2k5xpt896fdb5rnbdm6nktnr0000gn/T/ipykernel_14640/3110420929.py"", line 58, in <module>
    img_path = os.path.join(root, frame_file)
               ^^^^^^^^^^^^^^^^^^^^^^^^^^^^^^
  File ""<frozen posixpath>"", line 90, in join
  File ""<frozen genericpath>"", line 164, in _check_arg_types
TypeError: join() argument must be str, bytes, or os.PathLike object, not 'float'
",/Volumes/TVault2/datasets/sugvu24/extracted_frames/case_001/extraction_results.csv,44.0,
2025-04-05 15:55:01,ROW_PROCESSING_ERROR,Error processing row 45 in file /Volumes/TVault2/datasets/sugvu24/extracted_frames/case_001/extraction_results.csv: name 'is_image_processed' is not defined,"Traceback (most recent call last):
  File ""/var/folders/1j/2k5xpt896fdb5rnbdm6nktnr0000gn/T/ipykernel_14640/3110420929.py"", line 61, in <module>
    if is_image_processed(img_path):
       ^^^^^^^^^^^^^^^^^^
NameError: name 'is_image_processed' is not defined
",/Volumes/TVault2/datasets/sugvu24/extracted_frames/case_001/extraction_results.csv,45.0,
2025-04-05 15:55:01,ROW_PROCESSING_ERROR,Error processing row 46 in file /Volumes/TVault2/datasets/sugvu24/extracted_frames/case_001/extraction_results.csv: name 'is_image_processed' is not defined,"Traceback (most recent call last):
  File ""/var/folders/1j/2k5xpt896fdb5rnbdm6nktnr0000gn/T/ipykernel_14640/3110420929.py"", line 61, in <module>
    if is_image_processed(img_path):
       ^^^^^^^^^^^^^^^^^^
NameError: name 'is_image_processed' is not defined
",/Volumes/TVault2/datasets/sugvu24/extracted_frames/case_001/extraction_results.csv,46.0,
2025-04-05 15:55:01,ROW_PROCESSING_ERROR,Error processing row 47 in file /Volumes/TVault2/datasets/sugvu24/extracted_frames/case_001/extraction_results.csv: name 'is_image_processed' is not defined,"Traceback (most recent call last):
  File ""/var/folders/1j/2k5xpt896fdb5rnbdm6nktnr0000gn/T/ipykernel_14640/3110420929.py"", line 61, in <module>
    if is_image_processed(img_path):
       ^^^^^^^^^^^^^^^^^^
NameError: name 'is_image_processed' is not defined
",/Volumes/TVault2/datasets/sugvu24/extracted_frames/case_001/extraction_results.csv,47.0,
2025-04-05 15:55:01,ROW_PROCESSING_ERROR,Error processing row 48 in file /Volumes/TVault2/datasets/sugvu24/extracted_frames/case_001/extraction_results.csv: name 'is_image_processed' is not defined,"Traceback (most recent call last):
  File ""/var/folders/1j/2k5xpt896fdb5rnbdm6nktnr0000gn/T/ipykernel_14640/3110420929.py"", line 61, in <module>
    if is_image_processed(img_path):
       ^^^^^^^^^^^^^^^^^^
NameError: name 'is_image_processed' is not defined
",/Volumes/TVault2/datasets/sugvu24/extracted_frames/case_001/extraction_results.csv,48.0,
2025-04-05 15:55:01,ROW_PROCESSING_ERROR,Error processing row 49 in file /Volumes/TVault2/datasets/sugvu24/extracted_frames/case_001/extraction_results.csv: name 'is_image_processed' is not defined,"Traceback (most recent call last):
  File ""/var/folders/1j/2k5xpt896fdb5rnbdm6nktnr0000gn/T/ipykernel_14640/3110420929.py"", line 61, in <module>
    if is_image_processed(img_path):
       ^^^^^^^^^^^^^^^^^^
NameError: name 'is_image_processed' is not defined
",/Volumes/TVault2/datasets/sugvu24/extracted_frames/case_001/extraction_results.csv,49.0,
2025-04-05 15:55:01,ROW_PROCESSING_ERROR,Error processing row 50 in file /Volumes/TVault2/datasets/sugvu24/extracted_frames/case_001/extraction_results.csv: name 'is_image_processed' is not defined,"Traceback (most recent call last):
  File ""/var/folders/1j/2k5xpt896fdb5rnbdm6nktnr0000gn/T/ipykernel_14640/3110420929.py"", line 61, in <module>
    if is_image_processed(img_path):
       ^^^^^^^^^^^^^^^^^^
NameError: name 'is_image_processed' is not defined
",/Volumes/TVault2/datasets/sugvu24/extracted_frames/case_001/extraction_results.csv,50.0,
2025-04-05 15:55:01,ROW_PROCESSING_ERROR,Error processing row 51 in file /Volumes/TVault2/datasets/sugvu24/extracted_frames/case_001/extraction_results.csv: name 'is_image_processed' is not defined,"Traceback (most recent call last):
  File ""/var/folders/1j/2k5xpt896fdb5rnbdm6nktnr0000gn/T/ipykernel_14640/3110420929.py"", line 61, in <module>
    if is_image_processed(img_path):
       ^^^^^^^^^^^^^^^^^^
NameError: name 'is_image_processed' is not defined
",/Volumes/TVault2/datasets/sugvu24/extracted_frames/case_001/extraction_results.csv,51.0,
2025-04-05 15:55:01,ROW_PROCESSING_ERROR,Error processing row 52 in file /Volumes/TVault2/datasets/sugvu24/extracted_frames/case_001/extraction_results.csv: name 'is_image_processed' is not defined,"Traceback (most recent call last):
  File ""/var/folders/1j/2k5xpt896fdb5rnbdm6nktnr0000gn/T/ipykernel_14640/3110420929.py"", line 61, in <module>
    if is_image_processed(img_path):
       ^^^^^^^^^^^^^^^^^^
NameError: name 'is_image_processed' is not defined
",/Volumes/TVault2/datasets/sugvu24/extracted_frames/case_001/extraction_results.csv,52.0,
2025-04-05 15:55:01,ROW_PROCESSING_ERROR,Error processing row 53 in file /Volumes/TVault2/datasets/sugvu24/extracted_frames/case_001/extraction_results.csv: name 'is_image_processed' is not defined,"Traceback (most recent call last):
  File ""/var/folders/1j/2k5xpt896fdb5rnbdm6nktnr0000gn/T/ipykernel_14640/3110420929.py"", line 61, in <module>
    if is_image_processed(img_path):
       ^^^^^^^^^^^^^^^^^^
NameError: name 'is_image_processed' is not defined
",/Volumes/TVault2/datasets/sugvu24/extracted_frames/case_001/extraction_results.csv,53.0,
2025-04-05 15:55:01,ROW_PROCESSING_ERROR,Error processing row 54 in file /Volumes/TVault2/datasets/sugvu24/extracted_frames/case_001/extraction_results.csv: name 'is_image_processed' is not defined,"Traceback (most recent call last):
  File ""/var/folders/1j/2k5xpt896fdb5rnbdm6nktnr0000gn/T/ipykernel_14640/3110420929.py"", line 61, in <module>
    if is_image_processed(img_path):
       ^^^^^^^^^^^^^^^^^^
NameError: name 'is_image_processed' is not defined
",/Volumes/TVault2/datasets/sugvu24/extracted_frames/case_001/extraction_results.csv,54.0,
2025-04-05 15:55:01,ROW_PROCESSING_ERROR,Error processing row 55 in file /Volumes/TVault2/datasets/sugvu24/extracted_frames/case_001/extraction_results.csv: name 'is_image_processed' is not defined,"Traceback (most recent call last):
  File ""/var/folders/1j/2k5xpt896fdb5rnbdm6nktnr0000gn/T/ipykernel_14640/3110420929.py"", line 61, in <module>
    if is_image_processed(img_path):
       ^^^^^^^^^^^^^^^^^^
NameError: name 'is_image_processed' is not defined
",/Volumes/TVault2/datasets/sugvu24/extracted_frames/case_001/extraction_results.csv,55.0,
2025-04-05 15:55:01,ROW_PROCESSING_ERROR,Error processing row 56 in file /Volumes/TVault2/datasets/sugvu24/extracted_frames/case_001/extraction_results.csv: name 'is_image_processed' is not defined,"Traceback (most recent call last):
  File ""/var/folders/1j/2k5xpt896fdb5rnbdm6nktnr0000gn/T/ipykernel_14640/3110420929.py"", line 61, in <module>
    if is_image_processed(img_path):
       ^^^^^^^^^^^^^^^^^^
NameError: name 'is_image_processed' is not defined
",/Volumes/TVault2/datasets/sugvu24/extracted_frames/case_001/extraction_results.csv,56.0,
2025-04-05 15:55:01,ROW_PROCESSING_ERROR,Error processing row 57 in file /Volumes/TVault2/datasets/sugvu24/extracted_frames/case_001/extraction_results.csv: name 'is_image_processed' is not defined,"Traceback (most recent call last):
  File ""/var/folders/1j/2k5xpt896fdb5rnbdm6nktnr0000gn/T/ipykernel_14640/3110420929.py"", line 61, in <module>
    if is_image_processed(img_path):
       ^^^^^^^^^^^^^^^^^^
NameError: name 'is_image_processed' is not defined
",/Volumes/TVault2/datasets/sugvu24/extracted_frames/case_001/extraction_results.csv,57.0,
2025-04-05 15:55:01,ROW_PROCESSING_ERROR,Error processing row 58 in file /Volumes/TVault2/datasets/sugvu24/extracted_frames/case_001/extraction_results.csv: name 'is_image_processed' is not defined,"Traceback (most recent call last):
  File ""/var/folders/1j/2k5xpt896fdb5rnbdm6nktnr0000gn/T/ipykernel_14640/3110420929.py"", line 61, in <module>
    if is_image_processed(img_path):
       ^^^^^^^^^^^^^^^^^^
NameError: name 'is_image_processed' is not defined
",/Volumes/TVault2/datasets/sugvu24/extracted_frames/case_001/extraction_results.csv,58.0,
2025-04-05 15:55:01,ROW_PROCESSING_ERROR,Error processing row 59 in file /Volumes/TVault2/datasets/sugvu24/extracted_frames/case_001/extraction_results.csv: name 'is_image_processed' is not defined,"Traceback (most recent call last):
  File ""/var/folders/1j/2k5xpt896fdb5rnbdm6nktnr0000gn/T/ipykernel_14640/3110420929.py"", line 61, in <module>
    if is_image_processed(img_path):
       ^^^^^^^^^^^^^^^^^^
NameError: name 'is_image_processed' is not defined
",/Volumes/TVault2/datasets/sugvu24/extracted_frames/case_001/extraction_results.csv,59.0,
2025-04-05 15:55:01,ROW_PROCESSING_ERROR,Error processing row 60 in file /Volumes/TVault2/datasets/sugvu24/extracted_frames/case_001/extraction_results.csv: name 'is_image_processed' is not defined,"Traceback (most recent call last):
  File ""/var/folders/1j/2k5xpt896fdb5rnbdm6nktnr0000gn/T/ipykernel_14640/3110420929.py"", line 61, in <module>
    if is_image_processed(img_path):
       ^^^^^^^^^^^^^^^^^^
NameError: name 'is_image_processed' is not defined
",/Volumes/TVault2/datasets/sugvu24/extracted_frames/case_001/extraction_results.csv,60.0,
2025-04-05 15:55:01,ROW_PROCESSING_ERROR,Error processing row 61 in file /Volumes/TVault2/datasets/sugvu24/extracted_frames/case_001/extraction_results.csv: name 'is_image_processed' is not defined,"Traceback (most recent call last):
  File ""/var/folders/1j/2k5xpt896fdb5rnbdm6nktnr0000gn/T/ipykernel_14640/3110420929.py"", line 61, in <module>
    if is_image_processed(img_path):
       ^^^^^^^^^^^^^^^^^^
NameError: name 'is_image_processed' is not defined
",/Volumes/TVault2/datasets/sugvu24/extracted_frames/case_001/extraction_results.csv,61.0,
2025-04-05 15:55:01,ROW_PROCESSING_ERROR,Error processing row 62 in file /Volumes/TVault2/datasets/sugvu24/extracted_frames/case_001/extraction_results.csv: name 'is_image_processed' is not defined,"Traceback (most recent call last):
  File ""/var/folders/1j/2k5xpt896fdb5rnbdm6nktnr0000gn/T/ipykernel_14640/3110420929.py"", line 61, in <module>
    if is_image_processed(img_path):
       ^^^^^^^^^^^^^^^^^^
NameError: name 'is_image_processed' is not defined
",/Volumes/TVault2/datasets/sugvu24/extracted_frames/case_001/extraction_results.csv,62.0,
2025-04-05 15:55:01,ROW_PROCESSING_ERROR,Error processing row 63 in file /Volumes/TVault2/datasets/sugvu24/extracted_frames/case_001/extraction_results.csv: name 'is_image_processed' is not defined,"Traceback (most recent call last):
  File ""/var/folders/1j/2k5xpt896fdb5rnbdm6nktnr0000gn/T/ipykernel_14640/3110420929.py"", line 61, in <module>
    if is_image_processed(img_path):
       ^^^^^^^^^^^^^^^^^^
NameError: name 'is_image_processed' is not defined
",/Volumes/TVault2/datasets/sugvu24/extracted_frames/case_001/extraction_results.csv,63.0,
2025-04-05 15:55:01,ROW_PROCESSING_ERROR,Error processing row 64 in file /Volumes/TVault2/datasets/sugvu24/extracted_frames/case_001/extraction_results.csv: name 'is_image_processed' is not defined,"Traceback (most recent call last):
  File ""/var/folders/1j/2k5xpt896fdb5rnbdm6nktnr0000gn/T/ipykernel_14640/3110420929.py"", line 61, in <module>
    if is_image_processed(img_path):
       ^^^^^^^^^^^^^^^^^^
NameError: name 'is_image_processed' is not defined
",/Volumes/TVault2/datasets/sugvu24/extracted_frames/case_001/extraction_results.csv,64.0,
2025-04-05 15:55:01,ROW_PROCESSING_ERROR,Error processing row 65 in file /Volumes/TVault2/datasets/sugvu24/extracted_frames/case_001/extraction_results.csv: name 'is_image_processed' is not defined,"Traceback (most recent call last):
  File ""/var/folders/1j/2k5xpt896fdb5rnbdm6nktnr0000gn/T/ipykernel_14640/3110420929.py"", line 61, in <module>
    if is_image_processed(img_path):
       ^^^^^^^^^^^^^^^^^^
NameError: name 'is_image_processed' is not defined
",/Volumes/TVault2/datasets/sugvu24/extracted_frames/case_001/extraction_results.csv,65.0,
2025-04-05 15:55:01,ROW_PROCESSING_ERROR,Error processing row 66 in file /Volumes/TVault2/datasets/sugvu24/extracted_frames/case_001/extraction_results.csv: name 'is_image_processed' is not defined,"Traceback (most recent call last):
  File ""/var/folders/1j/2k5xpt896fdb5rnbdm6nktnr0000gn/T/ipykernel_14640/3110420929.py"", line 61, in <module>
    if is_image_processed(img_path):
       ^^^^^^^^^^^^^^^^^^
NameError: name 'is_image_processed' is not defined
",/Volumes/TVault2/datasets/sugvu24/extracted_frames/case_001/extraction_results.csv,66.0,
2025-04-05 15:55:01,ROW_PROCESSING_ERROR,Error processing row 67 in file /Volumes/TVault2/datasets/sugvu24/extracted_frames/case_001/extraction_results.csv: name 'is_image_processed' is not defined,"Traceback (most recent call last):
  File ""/var/folders/1j/2k5xpt896fdb5rnbdm6nktnr0000gn/T/ipykernel_14640/3110420929.py"", line 61, in <module>
    if is_image_processed(img_path):
       ^^^^^^^^^^^^^^^^^^
NameError: name 'is_image_processed' is not defined
",/Volumes/TVault2/datasets/sugvu24/extracted_frames/case_001/extraction_results.csv,67.0,
2025-04-05 15:55:01,ROW_PROCESSING_ERROR,Error processing row 68 in file /Volumes/TVault2/datasets/sugvu24/extracted_frames/case_001/extraction_results.csv: name 'is_image_processed' is not defined,"Traceback (most recent call last):
  File ""/var/folders/1j/2k5xpt896fdb5rnbdm6nktnr0000gn/T/ipykernel_14640/3110420929.py"", line 61, in <module>
    if is_image_processed(img_path):
       ^^^^^^^^^^^^^^^^^^
NameError: name 'is_image_processed' is not defined
",/Volumes/TVault2/datasets/sugvu24/extracted_frames/case_001/extraction_results.csv,68.0,
2025-04-05 15:55:01,ROW_PROCESSING_ERROR,Error processing row 69 in file /Volumes/TVault2/datasets/sugvu24/extracted_frames/case_001/extraction_results.csv: name 'is_image_processed' is not defined,"Traceback (most recent call last):
  File ""/var/folders/1j/2k5xpt896fdb5rnbdm6nktnr0000gn/T/ipykernel_14640/3110420929.py"", line 61, in <module>
    if is_image_processed(img_path):
       ^^^^^^^^^^^^^^^^^^
NameError: name 'is_image_processed' is not defined
",/Volumes/TVault2/datasets/sugvu24/extracted_frames/case_001/extraction_results.csv,69.0,
2025-04-05 15:55:01,ROW_PROCESSING_ERROR,Error processing row 70 in file /Volumes/TVault2/datasets/sugvu24/extracted_frames/case_001/extraction_results.csv: name 'is_image_processed' is not defined,"Traceback (most recent call last):
  File ""/var/folders/1j/2k5xpt896fdb5rnbdm6nktnr0000gn/T/ipykernel_14640/3110420929.py"", line 61, in <module>
    if is_image_processed(img_path):
       ^^^^^^^^^^^^^^^^^^
NameError: name 'is_image_processed' is not defined
",/Volumes/TVault2/datasets/sugvu24/extracted_frames/case_001/extraction_results.csv,70.0,
2025-04-05 15:55:01,ROW_PROCESSING_ERROR,Error processing row 71 in file /Volumes/TVault2/datasets/sugvu24/extracted_frames/case_001/extraction_results.csv: name 'is_image_processed' is not defined,"Traceback (most recent call last):
  File ""/var/folders/1j/2k5xpt896fdb5rnbdm6nktnr0000gn/T/ipykernel_14640/3110420929.py"", line 61, in <module>
    if is_image_processed(img_path):
       ^^^^^^^^^^^^^^^^^^
NameError: name 'is_image_processed' is not defined
",/Volumes/TVault2/datasets/sugvu24/extracted_frames/case_001/extraction_results.csv,71.0,
2025-04-05 15:55:01,ROW_PROCESSING_ERROR,Error processing row 72 in file /Volumes/TVault2/datasets/sugvu24/extracted_frames/case_001/extraction_results.csv: name 'is_image_processed' is not defined,"Traceback (most recent call last):
  File ""/var/folders/1j/2k5xpt896fdb5rnbdm6nktnr0000gn/T/ipykernel_14640/3110420929.py"", line 61, in <module>
    if is_image_processed(img_path):
       ^^^^^^^^^^^^^^^^^^
NameError: name 'is_image_processed' is not defined
",/Volumes/TVault2/datasets/sugvu24/extracted_frames/case_001/extraction_results.csv,72.0,
2025-04-05 15:55:01,ROW_PROCESSING_ERROR,Error processing row 73 in file /Volumes/TVault2/datasets/sugvu24/extracted_frames/case_001/extraction_results.csv: name 'is_image_processed' is not defined,"Traceback (most recent call last):
  File ""/var/folders/1j/2k5xpt896fdb5rnbdm6nktnr0000gn/T/ipykernel_14640/3110420929.py"", line 61, in <module>
    if is_image_processed(img_path):
       ^^^^^^^^^^^^^^^^^^
NameError: name 'is_image_processed' is not defined
",/Volumes/TVault2/datasets/sugvu24/extracted_frames/case_001/extraction_results.csv,73.0,
2025-04-05 15:55:01,ROW_PROCESSING_ERROR,Error processing row 74 in file /Volumes/TVault2/datasets/sugvu24/extracted_frames/case_001/extraction_results.csv: name 'is_image_processed' is not defined,"Traceback (most recent call last):
  File ""/var/folders/1j/2k5xpt896fdb5rnbdm6nktnr0000gn/T/ipykernel_14640/3110420929.py"", line 61, in <module>
    if is_image_processed(img_path):
       ^^^^^^^^^^^^^^^^^^
NameError: name 'is_image_processed' is not defined
",/Volumes/TVault2/datasets/sugvu24/extracted_frames/case_001/extraction_results.csv,74.0,
2025-04-05 15:55:01,ROW_PROCESSING_ERROR,Error processing row 75 in file /Volumes/TVault2/datasets/sugvu24/extracted_frames/case_001/extraction_results.csv: name 'is_image_processed' is not defined,"Traceback (most recent call last):
  File ""/var/folders/1j/2k5xpt896fdb5rnbdm6nktnr0000gn/T/ipykernel_14640/3110420929.py"", line 61, in <module>
    if is_image_processed(img_path):
       ^^^^^^^^^^^^^^^^^^
NameError: name 'is_image_processed' is not defined
",/Volumes/TVault2/datasets/sugvu24/extracted_frames/case_001/extraction_results.csv,75.0,
2025-04-05 15:55:01,ROW_PROCESSING_ERROR,"Error processing row 0 in file /Volumes/TVault2/datasets/sugvu24/extracted_frames/case_002/extraction_results.csv: join() argument must be str, bytes, or os.PathLike object, not 'float'","Traceback (most recent call last):
  File ""/var/folders/1j/2k5xpt896fdb5rnbdm6nktnr0000gn/T/ipykernel_14640/3110420929.py"", line 58, in <module>
    img_path = os.path.join(root, frame_file)
               ^^^^^^^^^^^^^^^^^^^^^^^^^^^^^^
  File ""<frozen posixpath>"", line 90, in join
  File ""<frozen genericpath>"", line 164, in _check_arg_types
TypeError: join() argument must be str, bytes, or os.PathLike object, not 'float'
",/Volumes/TVault2/datasets/sugvu24/extracted_frames/case_002/extraction_results.csv,0.0,
2025-04-05 15:55:01,ROW_PROCESSING_ERROR,"Error processing row 1 in file /Volumes/TVault2/datasets/sugvu24/extracted_frames/case_002/extraction_results.csv: join() argument must be str, bytes, or os.PathLike object, not 'float'","Traceback (most recent call last):
  File ""/var/folders/1j/2k5xpt896fdb5rnbdm6nktnr0000gn/T/ipykernel_14640/3110420929.py"", line 58, in <module>
    img_path = os.path.join(root, frame_file)
               ^^^^^^^^^^^^^^^^^^^^^^^^^^^^^^
  File ""<frozen posixpath>"", line 90, in join
  File ""<frozen genericpath>"", line 164, in _check_arg_types
TypeError: join() argument must be str, bytes, or os.PathLike object, not 'float'
",/Volumes/TVault2/datasets/sugvu24/extracted_frames/case_002/extraction_results.csv,1.0,
2025-04-05 15:55:01,ROW_PROCESSING_ERROR,"Error processing row 2 in file /Volumes/TVault2/datasets/sugvu24/extracted_frames/case_002/extraction_results.csv: join() argument must be str, bytes, or os.PathLike object, not 'float'","Traceback (most recent call last):
  File ""/var/folders/1j/2k5xpt896fdb5rnbdm6nktnr0000gn/T/ipykernel_14640/3110420929.py"", line 58, in <module>
    img_path = os.path.join(root, frame_file)
               ^^^^^^^^^^^^^^^^^^^^^^^^^^^^^^
  File ""<frozen posixpath>"", line 90, in join
  File ""<frozen genericpath>"", line 164, in _check_arg_types
TypeError: join() argument must be str, bytes, or os.PathLike object, not 'float'
",/Volumes/TVault2/datasets/sugvu24/extracted_frames/case_002/extraction_results.csv,2.0,
2025-04-05 15:55:01,ROW_PROCESSING_ERROR,"Error processing row 3 in file /Volumes/TVault2/datasets/sugvu24/extracted_frames/case_002/extraction_results.csv: join() argument must be str, bytes, or os.PathLike object, not 'float'","Traceback (most recent call last):
  File ""/var/folders/1j/2k5xpt896fdb5rnbdm6nktnr0000gn/T/ipykernel_14640/3110420929.py"", line 58, in <module>
    img_path = os.path.join(root, frame_file)
               ^^^^^^^^^^^^^^^^^^^^^^^^^^^^^^
  File ""<frozen posixpath>"", line 90, in join
  File ""<frozen genericpath>"", line 164, in _check_arg_types
TypeError: join() argument must be str, bytes, or os.PathLike object, not 'float'
",/Volumes/TVault2/datasets/sugvu24/extracted_frames/case_002/extraction_results.csv,3.0,
2025-04-05 15:55:01,ROW_PROCESSING_ERROR,"Error processing row 4 in file /Volumes/TVault2/datasets/sugvu24/extracted_frames/case_002/extraction_results.csv: join() argument must be str, bytes, or os.PathLike object, not 'float'","Traceback (most recent call last):
  File ""/var/folders/1j/2k5xpt896fdb5rnbdm6nktnr0000gn/T/ipykernel_14640/3110420929.py"", line 58, in <module>
    img_path = os.path.join(root, frame_file)
               ^^^^^^^^^^^^^^^^^^^^^^^^^^^^^^
  File ""<frozen posixpath>"", line 90, in join
  File ""<frozen genericpath>"", line 164, in _check_arg_types
TypeError: join() argument must be str, bytes, or os.PathLike object, not 'float'
",/Volumes/TVault2/datasets/sugvu24/extracted_frames/case_002/extraction_results.csv,4.0,
2025-04-05 15:55:01,ROW_PROCESSING_ERROR,"Error processing row 5 in file /Volumes/TVault2/datasets/sugvu24/extracted_frames/case_002/extraction_results.csv: join() argument must be str, bytes, or os.PathLike object, not 'float'","Traceback (most recent call last):
  File ""/var/folders/1j/2k5xpt896fdb5rnbdm6nktnr0000gn/T/ipykernel_14640/3110420929.py"", line 58, in <module>
    img_path = os.path.join(root, frame_file)
               ^^^^^^^^^^^^^^^^^^^^^^^^^^^^^^
  File ""<frozen posixpath>"", line 90, in join
  File ""<frozen genericpath>"", line 164, in _check_arg_types
TypeError: join() argument must be str, bytes, or os.PathLike object, not 'float'
",/Volumes/TVault2/datasets/sugvu24/extracted_frames/case_002/extraction_results.csv,5.0,
2025-04-05 15:55:01,ROW_PROCESSING_ERROR,"Error processing row 6 in file /Volumes/TVault2/datasets/sugvu24/extracted_frames/case_002/extraction_results.csv: join() argument must be str, bytes, or os.PathLike object, not 'float'","Traceback (most recent call last):
  File ""/var/folders/1j/2k5xpt896fdb5rnbdm6nktnr0000gn/T/ipykernel_14640/3110420929.py"", line 58, in <module>
    img_path = os.path.join(root, frame_file)
               ^^^^^^^^^^^^^^^^^^^^^^^^^^^^^^
  File ""<frozen posixpath>"", line 90, in join
  File ""<frozen genericpath>"", line 164, in _check_arg_types
TypeError: join() argument must be str, bytes, or os.PathLike object, not 'float'
",/Volumes/TVault2/datasets/sugvu24/extracted_frames/case_002/extraction_results.csv,6.0,
2025-04-05 15:55:01,ROW_PROCESSING_ERROR,Error processing row 7 in file /Volumes/TVault2/datasets/sugvu24/extracted_frames/case_002/extraction_results.csv: name 'is_image_processed' is not defined,"Traceback (most recent call last):
  File ""/var/folders/1j/2k5xpt896fdb5rnbdm6nktnr0000gn/T/ipykernel_14640/3110420929.py"", line 61, in <module>
    if is_image_processed(img_path):
       ^^^^^^^^^^^^^^^^^^
NameError: name 'is_image_processed' is not defined
",/Volumes/TVault2/datasets/sugvu24/extracted_frames/case_002/extraction_results.csv,7.0,
2025-04-05 15:55:01,ROW_PROCESSING_ERROR,Error processing row 8 in file /Volumes/TVault2/datasets/sugvu24/extracted_frames/case_002/extraction_results.csv: name 'is_image_processed' is not defined,"Traceback (most recent call last):
  File ""/var/folders/1j/2k5xpt896fdb5rnbdm6nktnr0000gn/T/ipykernel_14640/3110420929.py"", line 61, in <module>
    if is_image_processed(img_path):
       ^^^^^^^^^^^^^^^^^^
NameError: name 'is_image_processed' is not defined
",/Volumes/TVault2/datasets/sugvu24/extracted_frames/case_002/extraction_results.csv,8.0,
2025-04-05 15:55:01,ROW_PROCESSING_ERROR,Error processing row 9 in file /Volumes/TVault2/datasets/sugvu24/extracted_frames/case_002/extraction_results.csv: name 'is_image_processed' is not defined,"Traceback (most recent call last):
  File ""/var/folders/1j/2k5xpt896fdb5rnbdm6nktnr0000gn/T/ipykernel_14640/3110420929.py"", line 61, in <module>
    if is_image_processed(img_path):
       ^^^^^^^^^^^^^^^^^^
NameError: name 'is_image_processed' is not defined
",/Volumes/TVault2/datasets/sugvu24/extracted_frames/case_002/extraction_results.csv,9.0,
2025-04-05 15:55:01,ROW_PROCESSING_ERROR,Error processing row 10 in file /Volumes/TVault2/datasets/sugvu24/extracted_frames/case_002/extraction_results.csv: name 'is_image_processed' is not defined,"Traceback (most recent call last):
  File ""/var/folders/1j/2k5xpt896fdb5rnbdm6nktnr0000gn/T/ipykernel_14640/3110420929.py"", line 61, in <module>
    if is_image_processed(img_path):
       ^^^^^^^^^^^^^^^^^^
NameError: name 'is_image_processed' is not defined
",/Volumes/TVault2/datasets/sugvu24/extracted_frames/case_002/extraction_results.csv,10.0,
2025-04-05 15:55:01,ROW_PROCESSING_ERROR,Error processing row 11 in file /Volumes/TVault2/datasets/sugvu24/extracted_frames/case_002/extraction_results.csv: name 'is_image_processed' is not defined,"Traceback (most recent call last):
  File ""/var/folders/1j/2k5xpt896fdb5rnbdm6nktnr0000gn/T/ipykernel_14640/3110420929.py"", line 61, in <module>
    if is_image_processed(img_path):
       ^^^^^^^^^^^^^^^^^^
NameError: name 'is_image_processed' is not defined
",/Volumes/TVault2/datasets/sugvu24/extracted_frames/case_002/extraction_results.csv,11.0,
2025-04-05 15:55:01,ROW_PROCESSING_ERROR,Error processing row 12 in file /Volumes/TVault2/datasets/sugvu24/extracted_frames/case_002/extraction_results.csv: name 'is_image_processed' is not defined,"Traceback (most recent call last):
  File ""/var/folders/1j/2k5xpt896fdb5rnbdm6nktnr0000gn/T/ipykernel_14640/3110420929.py"", line 61, in <module>
    if is_image_processed(img_path):
       ^^^^^^^^^^^^^^^^^^
NameError: name 'is_image_processed' is not defined
",/Volumes/TVault2/datasets/sugvu24/extracted_frames/case_002/extraction_results.csv,12.0,
2025-04-05 15:55:01,ROW_PROCESSING_ERROR,Error processing row 13 in file /Volumes/TVault2/datasets/sugvu24/extracted_frames/case_002/extraction_results.csv: name 'is_image_processed' is not defined,"Traceback (most recent call last):
  File ""/var/folders/1j/2k5xpt896fdb5rnbdm6nktnr0000gn/T/ipykernel_14640/3110420929.py"", line 61, in <module>
    if is_image_processed(img_path):
       ^^^^^^^^^^^^^^^^^^
NameError: name 'is_image_processed' is not defined
",/Volumes/TVault2/datasets/sugvu24/extracted_frames/case_002/extraction_results.csv,13.0,
2025-04-05 15:55:01,ROW_PROCESSING_ERROR,Error processing row 14 in file /Volumes/TVault2/datasets/sugvu24/extracted_frames/case_002/extraction_results.csv: name 'is_image_processed' is not defined,"Traceback (most recent call last):
  File ""/var/folders/1j/2k5xpt896fdb5rnbdm6nktnr0000gn/T/ipykernel_14640/3110420929.py"", line 61, in <module>
    if is_image_processed(img_path):
       ^^^^^^^^^^^^^^^^^^
NameError: name 'is_image_processed' is not defined
",/Volumes/TVault2/datasets/sugvu24/extracted_frames/case_002/extraction_results.csv,14.0,
2025-04-05 15:55:01,ROW_PROCESSING_ERROR,Error processing row 15 in file /Volumes/TVault2/datasets/sugvu24/extracted_frames/case_002/extraction_results.csv: name 'is_image_processed' is not defined,"Traceback (most recent call last):
  File ""/var/folders/1j/2k5xpt896fdb5rnbdm6nktnr0000gn/T/ipykernel_14640/3110420929.py"", line 61, in <module>
    if is_image_processed(img_path):
       ^^^^^^^^^^^^^^^^^^
NameError: name 'is_image_processed' is not defined
",/Volumes/TVault2/datasets/sugvu24/extracted_frames/case_002/extraction_results.csv,15.0,
2025-04-05 15:55:01,ROW_PROCESSING_ERROR,Error processing row 16 in file /Volumes/TVault2/datasets/sugvu24/extracted_frames/case_002/extraction_results.csv: name 'is_image_processed' is not defined,"Traceback (most recent call last):
  File ""/var/folders/1j/2k5xpt896fdb5rnbdm6nktnr0000gn/T/ipykernel_14640/3110420929.py"", line 61, in <module>
    if is_image_processed(img_path):
       ^^^^^^^^^^^^^^^^^^
NameError: name 'is_image_processed' is not defined
",/Volumes/TVault2/datasets/sugvu24/extracted_frames/case_002/extraction_results.csv,16.0,
2025-04-05 15:55:01,ROW_PROCESSING_ERROR,Error processing row 17 in file /Volumes/TVault2/datasets/sugvu24/extracted_frames/case_002/extraction_results.csv: name 'is_image_processed' is not defined,"Traceback (most recent call last):
  File ""/var/folders/1j/2k5xpt896fdb5rnbdm6nktnr0000gn/T/ipykernel_14640/3110420929.py"", line 61, in <module>
    if is_image_processed(img_path):
       ^^^^^^^^^^^^^^^^^^
NameError: name 'is_image_processed' is not defined
",/Volumes/TVault2/datasets/sugvu24/extracted_frames/case_002/extraction_results.csv,17.0,
2025-04-05 15:55:01,ROW_PROCESSING_ERROR,Error processing row 18 in file /Volumes/TVault2/datasets/sugvu24/extracted_frames/case_002/extraction_results.csv: name 'is_image_processed' is not defined,"Traceback (most recent call last):
  File ""/var/folders/1j/2k5xpt896fdb5rnbdm6nktnr0000gn/T/ipykernel_14640/3110420929.py"", line 61, in <module>
    if is_image_processed(img_path):
       ^^^^^^^^^^^^^^^^^^
NameError: name 'is_image_processed' is not defined
",/Volumes/TVault2/datasets/sugvu24/extracted_frames/case_002/extraction_results.csv,18.0,
2025-04-05 15:55:01,ROW_PROCESSING_ERROR,Error processing row 19 in file /Volumes/TVault2/datasets/sugvu24/extracted_frames/case_002/extraction_results.csv: name 'is_image_processed' is not defined,"Traceback (most recent call last):
  File ""/var/folders/1j/2k5xpt896fdb5rnbdm6nktnr0000gn/T/ipykernel_14640/3110420929.py"", line 61, in <module>
    if is_image_processed(img_path):
       ^^^^^^^^^^^^^^^^^^
NameError: name 'is_image_processed' is not defined
",/Volumes/TVault2/datasets/sugvu24/extracted_frames/case_002/extraction_results.csv,19.0,
2025-04-05 15:55:01,ROW_PROCESSING_ERROR,Error processing row 20 in file /Volumes/TVault2/datasets/sugvu24/extracted_frames/case_002/extraction_results.csv: name 'is_image_processed' is not defined,"Traceback (most recent call last):
  File ""/var/folders/1j/2k5xpt896fdb5rnbdm6nktnr0000gn/T/ipykernel_14640/3110420929.py"", line 61, in <module>
    if is_image_processed(img_path):
       ^^^^^^^^^^^^^^^^^^
NameError: name 'is_image_processed' is not defined
",/Volumes/TVault2/datasets/sugvu24/extracted_frames/case_002/extraction_results.csv,20.0,
2025-04-05 15:55:01,ROW_PROCESSING_ERROR,Error processing row 21 in file /Volumes/TVault2/datasets/sugvu24/extracted_frames/case_002/extraction_results.csv: name 'is_image_processed' is not defined,"Traceback (most recent call last):
  File ""/var/folders/1j/2k5xpt896fdb5rnbdm6nktnr0000gn/T/ipykernel_14640/3110420929.py"", line 61, in <module>
    if is_image_processed(img_path):
       ^^^^^^^^^^^^^^^^^^
NameError: name 'is_image_processed' is not defined
",/Volumes/TVault2/datasets/sugvu24/extracted_frames/case_002/extraction_results.csv,21.0,
2025-04-05 15:55:01,ROW_PROCESSING_ERROR,"Error processing row 22 in file /Volumes/TVault2/datasets/sugvu24/extracted_frames/case_002/extraction_results.csv: join() argument must be str, bytes, or os.PathLike object, not 'float'","Traceback (most recent call last):
  File ""/var/folders/1j/2k5xpt896fdb5rnbdm6nktnr0000gn/T/ipykernel_14640/3110420929.py"", line 58, in <module>
    img_path = os.path.join(root, frame_file)
               ^^^^^^^^^^^^^^^^^^^^^^^^^^^^^^
  File ""<frozen posixpath>"", line 90, in join
  File ""<frozen genericpath>"", line 164, in _check_arg_types
TypeError: join() argument must be str, bytes, or os.PathLike object, not 'float'
",/Volumes/TVault2/datasets/sugvu24/extracted_frames/case_002/extraction_results.csv,22.0,
2025-04-05 15:55:01,ROW_PROCESSING_ERROR,"Error processing row 23 in file /Volumes/TVault2/datasets/sugvu24/extracted_frames/case_002/extraction_results.csv: join() argument must be str, bytes, or os.PathLike object, not 'float'","Traceback (most recent call last):
  File ""/var/folders/1j/2k5xpt896fdb5rnbdm6nktnr0000gn/T/ipykernel_14640/3110420929.py"", line 58, in <module>
    img_path = os.path.join(root, frame_file)
               ^^^^^^^^^^^^^^^^^^^^^^^^^^^^^^
  File ""<frozen posixpath>"", line 90, in join
  File ""<frozen genericpath>"", line 164, in _check_arg_types
TypeError: join() argument must be str, bytes, or os.PathLike object, not 'float'
",/Volumes/TVault2/datasets/sugvu24/extracted_frames/case_002/extraction_results.csv,23.0,
2025-04-05 15:55:01,ROW_PROCESSING_ERROR,"Error processing row 24 in file /Volumes/TVault2/datasets/sugvu24/extracted_frames/case_002/extraction_results.csv: join() argument must be str, bytes, or os.PathLike object, not 'float'","Traceback (most recent call last):
  File ""/var/folders/1j/2k5xpt896fdb5rnbdm6nktnr0000gn/T/ipykernel_14640/3110420929.py"", line 58, in <module>
    img_path = os.path.join(root, frame_file)
               ^^^^^^^^^^^^^^^^^^^^^^^^^^^^^^
  File ""<frozen posixpath>"", line 90, in join
  File ""<frozen genericpath>"", line 164, in _check_arg_types
TypeError: join() argument must be str, bytes, or os.PathLike object, not 'float'
",/Volumes/TVault2/datasets/sugvu24/extracted_frames/case_002/extraction_results.csv,24.0,
2025-04-05 15:55:01,ROW_PROCESSING_ERROR,"Error processing row 25 in file /Volumes/TVault2/datasets/sugvu24/extracted_frames/case_002/extraction_results.csv: join() argument must be str, bytes, or os.PathLike object, not 'float'","Traceback (most recent call last):
  File ""/var/folders/1j/2k5xpt896fdb5rnbdm6nktnr0000gn/T/ipykernel_14640/3110420929.py"", line 58, in <module>
    img_path = os.path.join(root, frame_file)
               ^^^^^^^^^^^^^^^^^^^^^^^^^^^^^^
  File ""<frozen posixpath>"", line 90, in join
  File ""<frozen genericpath>"", line 164, in _check_arg_types
TypeError: join() argument must be str, bytes, or os.PathLike object, not 'float'
",/Volumes/TVault2/datasets/sugvu24/extracted_frames/case_002/extraction_results.csv,25.0,
2025-04-05 15:55:01,ROW_PROCESSING_ERROR,Error processing row 26 in file /Volumes/TVault2/datasets/sugvu24/extracted_frames/case_002/extraction_results.csv: name 'is_image_processed' is not defined,"Traceback (most recent call last):
  File ""/var/folders/1j/2k5xpt896fdb5rnbdm6nktnr0000gn/T/ipykernel_14640/3110420929.py"", line 61, in <module>
    if is_image_processed(img_path):
       ^^^^^^^^^^^^^^^^^^
NameError: name 'is_image_processed' is not defined
",/Volumes/TVault2/datasets/sugvu24/extracted_frames/case_002/extraction_results.csv,26.0,
2025-04-05 15:55:01,ROW_PROCESSING_ERROR,Error processing row 27 in file /Volumes/TVault2/datasets/sugvu24/extracted_frames/case_002/extraction_results.csv: name 'is_image_processed' is not defined,"Traceback (most recent call last):
  File ""/var/folders/1j/2k5xpt896fdb5rnbdm6nktnr0000gn/T/ipykernel_14640/3110420929.py"", line 61, in <module>
    if is_image_processed(img_path):
       ^^^^^^^^^^^^^^^^^^
NameError: name 'is_image_processed' is not defined
",/Volumes/TVault2/datasets/sugvu24/extracted_frames/case_002/extraction_results.csv,27.0,
2025-04-05 15:55:01,ROW_PROCESSING_ERROR,Error processing row 28 in file /Volumes/TVault2/datasets/sugvu24/extracted_frames/case_002/extraction_results.csv: name 'is_image_processed' is not defined,"Traceback (most recent call last):
  File ""/var/folders/1j/2k5xpt896fdb5rnbdm6nktnr0000gn/T/ipykernel_14640/3110420929.py"", line 61, in <module>
    if is_image_processed(img_path):
       ^^^^^^^^^^^^^^^^^^
NameError: name 'is_image_processed' is not defined
",/Volumes/TVault2/datasets/sugvu24/extracted_frames/case_002/extraction_results.csv,28.0,
2025-04-05 15:55:01,ROW_PROCESSING_ERROR,Error processing row 29 in file /Volumes/TVault2/datasets/sugvu24/extracted_frames/case_002/extraction_results.csv: name 'is_image_processed' is not defined,"Traceback (most recent call last):
  File ""/var/folders/1j/2k5xpt896fdb5rnbdm6nktnr0000gn/T/ipykernel_14640/3110420929.py"", line 61, in <module>
    if is_image_processed(img_path):
       ^^^^^^^^^^^^^^^^^^
NameError: name 'is_image_processed' is not defined
",/Volumes/TVault2/datasets/sugvu24/extracted_frames/case_002/extraction_results.csv,29.0,
2025-04-05 15:55:01,ROW_PROCESSING_ERROR,Error processing row 30 in file /Volumes/TVault2/datasets/sugvu24/extracted_frames/case_002/extraction_results.csv: name 'is_image_processed' is not defined,"Traceback (most recent call last):
  File ""/var/folders/1j/2k5xpt896fdb5rnbdm6nktnr0000gn/T/ipykernel_14640/3110420929.py"", line 61, in <module>
    if is_image_processed(img_path):
       ^^^^^^^^^^^^^^^^^^
NameError: name 'is_image_processed' is not defined
",/Volumes/TVault2/datasets/sugvu24/extracted_frames/case_002/extraction_results.csv,30.0,
2025-04-05 15:55:01,ROW_PROCESSING_ERROR,Error processing row 31 in file /Volumes/TVault2/datasets/sugvu24/extracted_frames/case_002/extraction_results.csv: name 'is_image_processed' is not defined,"Traceback (most recent call last):
  File ""/var/folders/1j/2k5xpt896fdb5rnbdm6nktnr0000gn/T/ipykernel_14640/3110420929.py"", line 61, in <module>
    if is_image_processed(img_path):
       ^^^^^^^^^^^^^^^^^^
NameError: name 'is_image_processed' is not defined
",/Volumes/TVault2/datasets/sugvu24/extracted_frames/case_002/extraction_results.csv,31.0,
2025-04-05 15:55:01,ROW_PROCESSING_ERROR,Error processing row 32 in file /Volumes/TVault2/datasets/sugvu24/extracted_frames/case_002/extraction_results.csv: name 'is_image_processed' is not defined,"Traceback (most recent call last):
  File ""/var/folders/1j/2k5xpt896fdb5rnbdm6nktnr0000gn/T/ipykernel_14640/3110420929.py"", line 61, in <module>
    if is_image_processed(img_path):
       ^^^^^^^^^^^^^^^^^^
NameError: name 'is_image_processed' is not defined
",/Volumes/TVault2/datasets/sugvu24/extracted_frames/case_002/extraction_results.csv,32.0,
2025-04-05 15:55:01,ROW_PROCESSING_ERROR,Error processing row 33 in file /Volumes/TVault2/datasets/sugvu24/extracted_frames/case_002/extraction_results.csv: name 'is_image_processed' is not defined,"Traceback (most recent call last):
  File ""/var/folders/1j/2k5xpt896fdb5rnbdm6nktnr0000gn/T/ipykernel_14640/3110420929.py"", line 61, in <module>
    if is_image_processed(img_path):
       ^^^^^^^^^^^^^^^^^^
NameError: name 'is_image_processed' is not defined
",/Volumes/TVault2/datasets/sugvu24/extracted_frames/case_002/extraction_results.csv,33.0,
2025-04-05 15:55:01,ROW_PROCESSING_ERROR,Error processing row 34 in file /Volumes/TVault2/datasets/sugvu24/extracted_frames/case_002/extraction_results.csv: name 'is_image_processed' is not defined,"Traceback (most recent call last):
  File ""/var/folders/1j/2k5xpt896fdb5rnbdm6nktnr0000gn/T/ipykernel_14640/3110420929.py"", line 61, in <module>
    if is_image_processed(img_path):
       ^^^^^^^^^^^^^^^^^^
NameError: name 'is_image_processed' is not defined
",/Volumes/TVault2/datasets/sugvu24/extracted_frames/case_002/extraction_results.csv,34.0,
2025-04-05 15:55:01,ROW_PROCESSING_ERROR,Error processing row 35 in file /Volumes/TVault2/datasets/sugvu24/extracted_frames/case_002/extraction_results.csv: name 'is_image_processed' is not defined,"Traceback (most recent call last):
  File ""/var/folders/1j/2k5xpt896fdb5rnbdm6nktnr0000gn/T/ipykernel_14640/3110420929.py"", line 61, in <module>
    if is_image_processed(img_path):
       ^^^^^^^^^^^^^^^^^^
NameError: name 'is_image_processed' is not defined
",/Volumes/TVault2/datasets/sugvu24/extracted_frames/case_002/extraction_results.csv,35.0,
2025-04-05 15:55:01,ROW_PROCESSING_ERROR,"Error processing row 36 in file /Volumes/TVault2/datasets/sugvu24/extracted_frames/case_002/extraction_results.csv: join() argument must be str, bytes, or os.PathLike object, not 'float'","Traceback (most recent call last):
  File ""/var/folders/1j/2k5xpt896fdb5rnbdm6nktnr0000gn/T/ipykernel_14640/3110420929.py"", line 58, in <module>
    img_path = os.path.join(root, frame_file)
               ^^^^^^^^^^^^^^^^^^^^^^^^^^^^^^
  File ""<frozen posixpath>"", line 90, in join
  File ""<frozen genericpath>"", line 164, in _check_arg_types
TypeError: join() argument must be str, bytes, or os.PathLike object, not 'float'
",/Volumes/TVault2/datasets/sugvu24/extracted_frames/case_002/extraction_results.csv,36.0,
2025-04-05 15:55:01,ROW_PROCESSING_ERROR,"Error processing row 37 in file /Volumes/TVault2/datasets/sugvu24/extracted_frames/case_002/extraction_results.csv: join() argument must be str, bytes, or os.PathLike object, not 'float'","Traceback (most recent call last):
  File ""/var/folders/1j/2k5xpt896fdb5rnbdm6nktnr0000gn/T/ipykernel_14640/3110420929.py"", line 58, in <module>
    img_path = os.path.join(root, frame_file)
               ^^^^^^^^^^^^^^^^^^^^^^^^^^^^^^
  File ""<frozen posixpath>"", line 90, in join
  File ""<frozen genericpath>"", line 164, in _check_arg_types
TypeError: join() argument must be str, bytes, or os.PathLike object, not 'float'
",/Volumes/TVault2/datasets/sugvu24/extracted_frames/case_002/extraction_results.csv,37.0,
2025-04-05 15:55:01,ROW_PROCESSING_ERROR,"Error processing row 38 in file /Volumes/TVault2/datasets/sugvu24/extracted_frames/case_002/extraction_results.csv: join() argument must be str, bytes, or os.PathLike object, not 'float'","Traceback (most recent call last):
  File ""/var/folders/1j/2k5xpt896fdb5rnbdm6nktnr0000gn/T/ipykernel_14640/3110420929.py"", line 58, in <module>
    img_path = os.path.join(root, frame_file)
               ^^^^^^^^^^^^^^^^^^^^^^^^^^^^^^
  File ""<frozen posixpath>"", line 90, in join
  File ""<frozen genericpath>"", line 164, in _check_arg_types
TypeError: join() argument must be str, bytes, or os.PathLike object, not 'float'
",/Volumes/TVault2/datasets/sugvu24/extracted_frames/case_002/extraction_results.csv,38.0,
2025-04-05 15:55:01,ROW_PROCESSING_ERROR,"Error processing row 39 in file /Volumes/TVault2/datasets/sugvu24/extracted_frames/case_002/extraction_results.csv: join() argument must be str, bytes, or os.PathLike object, not 'float'","Traceback (most recent call last):
  File ""/var/folders/1j/2k5xpt896fdb5rnbdm6nktnr0000gn/T/ipykernel_14640/3110420929.py"", line 58, in <module>
    img_path = os.path.join(root, frame_file)
               ^^^^^^^^^^^^^^^^^^^^^^^^^^^^^^
  File ""<frozen posixpath>"", line 90, in join
  File ""<frozen genericpath>"", line 164, in _check_arg_types
TypeError: join() argument must be str, bytes, or os.PathLike object, not 'float'
",/Volumes/TVault2/datasets/sugvu24/extracted_frames/case_002/extraction_results.csv,39.0,
2025-04-05 15:55:01,ROW_PROCESSING_ERROR,Error processing row 40 in file /Volumes/TVault2/datasets/sugvu24/extracted_frames/case_002/extraction_results.csv: name 'is_image_processed' is not defined,"Traceback (most recent call last):
  File ""/var/folders/1j/2k5xpt896fdb5rnbdm6nktnr0000gn/T/ipykernel_14640/3110420929.py"", line 61, in <module>
    if is_image_processed(img_path):
       ^^^^^^^^^^^^^^^^^^
NameError: name 'is_image_processed' is not defined
",/Volumes/TVault2/datasets/sugvu24/extracted_frames/case_002/extraction_results.csv,40.0,
2025-04-05 15:55:01,ROW_PROCESSING_ERROR,Error processing row 41 in file /Volumes/TVault2/datasets/sugvu24/extracted_frames/case_002/extraction_results.csv: name 'is_image_processed' is not defined,"Traceback (most recent call last):
  File ""/var/folders/1j/2k5xpt896fdb5rnbdm6nktnr0000gn/T/ipykernel_14640/3110420929.py"", line 61, in <module>
    if is_image_processed(img_path):
       ^^^^^^^^^^^^^^^^^^
NameError: name 'is_image_processed' is not defined
",/Volumes/TVault2/datasets/sugvu24/extracted_frames/case_002/extraction_results.csv,41.0,
2025-04-05 15:55:01,ROW_PROCESSING_ERROR,Error processing row 42 in file /Volumes/TVault2/datasets/sugvu24/extracted_frames/case_002/extraction_results.csv: name 'is_image_processed' is not defined,"Traceback (most recent call last):
  File ""/var/folders/1j/2k5xpt896fdb5rnbdm6nktnr0000gn/T/ipykernel_14640/3110420929.py"", line 61, in <module>
    if is_image_processed(img_path):
       ^^^^^^^^^^^^^^^^^^
NameError: name 'is_image_processed' is not defined
",/Volumes/TVault2/datasets/sugvu24/extracted_frames/case_002/extraction_results.csv,42.0,
2025-04-05 15:55:01,ROW_PROCESSING_ERROR,Error processing row 43 in file /Volumes/TVault2/datasets/sugvu24/extracted_frames/case_002/extraction_results.csv: name 'is_image_processed' is not defined,"Traceback (most recent call last):
  File ""/var/folders/1j/2k5xpt896fdb5rnbdm6nktnr0000gn/T/ipykernel_14640/3110420929.py"", line 61, in <module>
    if is_image_processed(img_path):
       ^^^^^^^^^^^^^^^^^^
NameError: name 'is_image_processed' is not defined
",/Volumes/TVault2/datasets/sugvu24/extracted_frames/case_002/extraction_results.csv,43.0,
2025-04-05 15:55:01,ROW_PROCESSING_ERROR,Error processing row 44 in file /Volumes/TVault2/datasets/sugvu24/extracted_frames/case_002/extraction_results.csv: name 'is_image_processed' is not defined,"Traceback (most recent call last):
  File ""/var/folders/1j/2k5xpt896fdb5rnbdm6nktnr0000gn/T/ipykernel_14640/3110420929.py"", line 61, in <module>
    if is_image_processed(img_path):
       ^^^^^^^^^^^^^^^^^^
NameError: name 'is_image_processed' is not defined
",/Volumes/TVault2/datasets/sugvu24/extracted_frames/case_002/extraction_results.csv,44.0,
2025-04-05 15:55:01,ROW_PROCESSING_ERROR,Error processing row 45 in file /Volumes/TVault2/datasets/sugvu24/extracted_frames/case_002/extraction_results.csv: name 'is_image_processed' is not defined,"Traceback (most recent call last):
  File ""/var/folders/1j/2k5xpt896fdb5rnbdm6nktnr0000gn/T/ipykernel_14640/3110420929.py"", line 61, in <module>
    if is_image_processed(img_path):
       ^^^^^^^^^^^^^^^^^^
NameError: name 'is_image_processed' is not defined
",/Volumes/TVault2/datasets/sugvu24/extracted_frames/case_002/extraction_results.csv,45.0,
2025-04-05 15:55:01,ROW_PROCESSING_ERROR,Error processing row 46 in file /Volumes/TVault2/datasets/sugvu24/extracted_frames/case_002/extraction_results.csv: name 'is_image_processed' is not defined,"Traceback (most recent call last):
  File ""/var/folders/1j/2k5xpt896fdb5rnbdm6nktnr0000gn/T/ipykernel_14640/3110420929.py"", line 61, in <module>
    if is_image_processed(img_path):
       ^^^^^^^^^^^^^^^^^^
NameError: name 'is_image_processed' is not defined
",/Volumes/TVault2/datasets/sugvu24/extracted_frames/case_002/extraction_results.csv,46.0,
2025-04-05 15:55:01,ROW_PROCESSING_ERROR,Error processing row 47 in file /Volumes/TVault2/datasets/sugvu24/extracted_frames/case_002/extraction_results.csv: name 'is_image_processed' is not defined,"Traceback (most recent call last):
  File ""/var/folders/1j/2k5xpt896fdb5rnbdm6nktnr0000gn/T/ipykernel_14640/3110420929.py"", line 61, in <module>
    if is_image_processed(img_path):
       ^^^^^^^^^^^^^^^^^^
NameError: name 'is_image_processed' is not defined
",/Volumes/TVault2/datasets/sugvu24/extracted_frames/case_002/extraction_results.csv,47.0,
2025-04-05 15:55:01,ROW_PROCESSING_ERROR,Error processing row 48 in file /Volumes/TVault2/datasets/sugvu24/extracted_frames/case_002/extraction_results.csv: name 'is_image_processed' is not defined,"Traceback (most recent call last):
  File ""/var/folders/1j/2k5xpt896fdb5rnbdm6nktnr0000gn/T/ipykernel_14640/3110420929.py"", line 61, in <module>
    if is_image_processed(img_path):
       ^^^^^^^^^^^^^^^^^^
NameError: name 'is_image_processed' is not defined
",/Volumes/TVault2/datasets/sugvu24/extracted_frames/case_002/extraction_results.csv,48.0,
2025-04-05 15:55:01,ROW_PROCESSING_ERROR,Error processing row 49 in file /Volumes/TVault2/datasets/sugvu24/extracted_frames/case_002/extraction_results.csv: name 'is_image_processed' is not defined,"Traceback (most recent call last):
  File ""/var/folders/1j/2k5xpt896fdb5rnbdm6nktnr0000gn/T/ipykernel_14640/3110420929.py"", line 61, in <module>
    if is_image_processed(img_path):
       ^^^^^^^^^^^^^^^^^^
NameError: name 'is_image_processed' is not defined
",/Volumes/TVault2/datasets/sugvu24/extracted_frames/case_002/extraction_results.csv,49.0,
2025-04-05 15:55:01,ROW_PROCESSING_ERROR,Error processing row 50 in file /Volumes/TVault2/datasets/sugvu24/extracted_frames/case_002/extraction_results.csv: name 'is_image_processed' is not defined,"Traceback (most recent call last):
  File ""/var/folders/1j/2k5xpt896fdb5rnbdm6nktnr0000gn/T/ipykernel_14640/3110420929.py"", line 61, in <module>
    if is_image_processed(img_path):
       ^^^^^^^^^^^^^^^^^^
NameError: name 'is_image_processed' is not defined
",/Volumes/TVault2/datasets/sugvu24/extracted_frames/case_002/extraction_results.csv,50.0,
2025-04-05 15:55:01,ROW_PROCESSING_ERROR,Error processing row 51 in file /Volumes/TVault2/datasets/sugvu24/extracted_frames/case_002/extraction_results.csv: name 'is_image_processed' is not defined,"Traceback (most recent call last):
  File ""/var/folders/1j/2k5xpt896fdb5rnbdm6nktnr0000gn/T/ipykernel_14640/3110420929.py"", line 61, in <module>
    if is_image_processed(img_path):
       ^^^^^^^^^^^^^^^^^^
NameError: name 'is_image_processed' is not defined
",/Volumes/TVault2/datasets/sugvu24/extracted_frames/case_002/extraction_results.csv,51.0,
2025-04-05 15:55:01,ROW_PROCESSING_ERROR,Error processing row 52 in file /Volumes/TVault2/datasets/sugvu24/extracted_frames/case_002/extraction_results.csv: name 'is_image_processed' is not defined,"Traceback (most recent call last):
  File ""/var/folders/1j/2k5xpt896fdb5rnbdm6nktnr0000gn/T/ipykernel_14640/3110420929.py"", line 61, in <module>
    if is_image_processed(img_path):
       ^^^^^^^^^^^^^^^^^^
NameError: name 'is_image_processed' is not defined
",/Volumes/TVault2/datasets/sugvu24/extracted_frames/case_002/extraction_results.csv,52.0,
2025-04-05 15:55:01,ROW_PROCESSING_ERROR,Error processing row 53 in file /Volumes/TVault2/datasets/sugvu24/extracted_frames/case_002/extraction_results.csv: name 'is_image_processed' is not defined,"Traceback (most recent call last):
  File ""/var/folders/1j/2k5xpt896fdb5rnbdm6nktnr0000gn/T/ipykernel_14640/3110420929.py"", line 61, in <module>
    if is_image_processed(img_path):
       ^^^^^^^^^^^^^^^^^^
NameError: name 'is_image_processed' is not defined
",/Volumes/TVault2/datasets/sugvu24/extracted_frames/case_002/extraction_results.csv,53.0,
2025-04-05 15:55:01,ROW_PROCESSING_ERROR,Error processing row 54 in file /Volumes/TVault2/datasets/sugvu24/extracted_frames/case_002/extraction_results.csv: name 'is_image_processed' is not defined,"Traceback (most recent call last):
  File ""/var/folders/1j/2k5xpt896fdb5rnbdm6nktnr0000gn/T/ipykernel_14640/3110420929.py"", line 61, in <module>
    if is_image_processed(img_path):
       ^^^^^^^^^^^^^^^^^^
NameError: name 'is_image_processed' is not defined
",/Volumes/TVault2/datasets/sugvu24/extracted_frames/case_002/extraction_results.csv,54.0,
2025-04-05 15:55:01,ROW_PROCESSING_ERROR,Error processing row 55 in file /Volumes/TVault2/datasets/sugvu24/extracted_frames/case_002/extraction_results.csv: name 'is_image_processed' is not defined,"Traceback (most recent call last):
  File ""/var/folders/1j/2k5xpt896fdb5rnbdm6nktnr0000gn/T/ipykernel_14640/3110420929.py"", line 61, in <module>
    if is_image_processed(img_path):
       ^^^^^^^^^^^^^^^^^^
NameError: name 'is_image_processed' is not defined
",/Volumes/TVault2/datasets/sugvu24/extracted_frames/case_002/extraction_results.csv,55.0,
2025-04-05 15:55:01,ROW_PROCESSING_ERROR,Error processing row 56 in file /Volumes/TVault2/datasets/sugvu24/extracted_frames/case_002/extraction_results.csv: name 'is_image_processed' is not defined,"Traceback (most recent call last):
  File ""/var/folders/1j/2k5xpt896fdb5rnbdm6nktnr0000gn/T/ipykernel_14640/3110420929.py"", line 61, in <module>
    if is_image_processed(img_path):
       ^^^^^^^^^^^^^^^^^^
NameError: name 'is_image_processed' is not defined
",/Volumes/TVault2/datasets/sugvu24/extracted_frames/case_002/extraction_results.csv,56.0,
2025-04-05 15:55:01,ROW_PROCESSING_ERROR,Error processing row 57 in file /Volumes/TVault2/datasets/sugvu24/extracted_frames/case_002/extraction_results.csv: name 'is_image_processed' is not defined,"Traceback (most recent call last):
  File ""/var/folders/1j/2k5xpt896fdb5rnbdm6nktnr0000gn/T/ipykernel_14640/3110420929.py"", line 61, in <module>
    if is_image_processed(img_path):
       ^^^^^^^^^^^^^^^^^^
NameError: name 'is_image_processed' is not defined
",/Volumes/TVault2/datasets/sugvu24/extracted_frames/case_002/extraction_results.csv,57.0,
2025-04-05 15:55:01,ROW_PROCESSING_ERROR,Error processing row 58 in file /Volumes/TVault2/datasets/sugvu24/extracted_frames/case_002/extraction_results.csv: name 'is_image_processed' is not defined,"Traceback (most recent call last):
  File ""/var/folders/1j/2k5xpt896fdb5rnbdm6nktnr0000gn/T/ipykernel_14640/3110420929.py"", line 61, in <module>
    if is_image_processed(img_path):
       ^^^^^^^^^^^^^^^^^^
NameError: name 'is_image_processed' is not defined
",/Volumes/TVault2/datasets/sugvu24/extracted_frames/case_002/extraction_results.csv,58.0,
2025-04-05 15:55:01,ROW_PROCESSING_ERROR,Error processing row 59 in file /Volumes/TVault2/datasets/sugvu24/extracted_frames/case_002/extraction_results.csv: name 'is_image_processed' is not defined,"Traceback (most recent call last):
  File ""/var/folders/1j/2k5xpt896fdb5rnbdm6nktnr0000gn/T/ipykernel_14640/3110420929.py"", line 61, in <module>
    if is_image_processed(img_path):
       ^^^^^^^^^^^^^^^^^^
NameError: name 'is_image_processed' is not defined
",/Volumes/TVault2/datasets/sugvu24/extracted_frames/case_002/extraction_results.csv,59.0,
2025-04-05 15:55:01,ROW_PROCESSING_ERROR,Error processing row 60 in file /Volumes/TVault2/datasets/sugvu24/extracted_frames/case_002/extraction_results.csv: name 'is_image_processed' is not defined,"Traceback (most recent call last):
  File ""/var/folders/1j/2k5xpt896fdb5rnbdm6nktnr0000gn/T/ipykernel_14640/3110420929.py"", line 61, in <module>
    if is_image_processed(img_path):
       ^^^^^^^^^^^^^^^^^^
NameError: name 'is_image_processed' is not defined
",/Volumes/TVault2/datasets/sugvu24/extracted_frames/case_002/extraction_results.csv,60.0,
2025-04-05 15:55:01,ROW_PROCESSING_ERROR,Error processing row 61 in file /Volumes/TVault2/datasets/sugvu24/extracted_frames/case_002/extraction_results.csv: name 'is_image_processed' is not defined,"Traceback (most recent call last):
  File ""/var/folders/1j/2k5xpt896fdb5rnbdm6nktnr0000gn/T/ipykernel_14640/3110420929.py"", line 61, in <module>
    if is_image_processed(img_path):
       ^^^^^^^^^^^^^^^^^^
NameError: name 'is_image_processed' is not defined
",/Volumes/TVault2/datasets/sugvu24/extracted_frames/case_002/extraction_results.csv,61.0,
2025-04-05 15:55:01,ROW_PROCESSING_ERROR,Error processing row 62 in file /Volumes/TVault2/datasets/sugvu24/extracted_frames/case_002/extraction_results.csv: name 'is_image_processed' is not defined,"Traceback (most recent call last):
  File ""/var/folders/1j/2k5xpt896fdb5rnbdm6nktnr0000gn/T/ipykernel_14640/3110420929.py"", line 61, in <module>
    if is_image_processed(img_path):
       ^^^^^^^^^^^^^^^^^^
NameError: name 'is_image_processed' is not defined
",/Volumes/TVault2/datasets/sugvu24/extracted_frames/case_002/extraction_results.csv,62.0,
2025-04-05 15:55:01,ROW_PROCESSING_ERROR,Error processing row 63 in file /Volumes/TVault2/datasets/sugvu24/extracted_frames/case_002/extraction_results.csv: name 'is_image_processed' is not defined,"Traceback (most recent call last):
  File ""/var/folders/1j/2k5xpt896fdb5rnbdm6nktnr0000gn/T/ipykernel_14640/3110420929.py"", line 61, in <module>
    if is_image_processed(img_path):
       ^^^^^^^^^^^^^^^^^^
NameError: name 'is_image_processed' is not defined
",/Volumes/TVault2/datasets/sugvu24/extracted_frames/case_002/extraction_results.csv,63.0,
2025-04-05 15:55:01,ROW_PROCESSING_ERROR,Error processing row 64 in file /Volumes/TVault2/datasets/sugvu24/extracted_frames/case_002/extraction_results.csv: name 'is_image_processed' is not defined,"Traceback (most recent call last):
  File ""/var/folders/1j/2k5xpt896fdb5rnbdm6nktnr0000gn/T/ipykernel_14640/3110420929.py"", line 61, in <module>
    if is_image_processed(img_path):
       ^^^^^^^^^^^^^^^^^^
NameError: name 'is_image_processed' is not defined
",/Volumes/TVault2/datasets/sugvu24/extracted_frames/case_002/extraction_results.csv,64.0,
2025-04-05 15:55:01,ROW_PROCESSING_ERROR,Error processing row 65 in file /Volumes/TVault2/datasets/sugvu24/extracted_frames/case_002/extraction_results.csv: name 'is_image_processed' is not defined,"Traceback (most recent call last):
  File ""/var/folders/1j/2k5xpt896fdb5rnbdm6nktnr0000gn/T/ipykernel_14640/3110420929.py"", line 61, in <module>
    if is_image_processed(img_path):
       ^^^^^^^^^^^^^^^^^^
NameError: name 'is_image_processed' is not defined
",/Volumes/TVault2/datasets/sugvu24/extracted_frames/case_002/extraction_results.csv,65.0,
2025-04-05 15:55:01,ROW_PROCESSING_ERROR,Error processing row 66 in file /Volumes/TVault2/datasets/sugvu24/extracted_frames/case_002/extraction_results.csv: name 'is_image_processed' is not defined,"Traceback (most recent call last):
  File ""/var/folders/1j/2k5xpt896fdb5rnbdm6nktnr0000gn/T/ipykernel_14640/3110420929.py"", line 61, in <module>
    if is_image_processed(img_path):
       ^^^^^^^^^^^^^^^^^^
NameError: name 'is_image_processed' is not defined
",/Volumes/TVault2/datasets/sugvu24/extracted_frames/case_002/extraction_results.csv,66.0,
2025-04-05 15:55:01,ROW_PROCESSING_ERROR,Error processing row 67 in file /Volumes/TVault2/datasets/sugvu24/extracted_frames/case_002/extraction_results.csv: name 'is_image_processed' is not defined,"Traceback (most recent call last):
  File ""/var/folders/1j/2k5xpt896fdb5rnbdm6nktnr0000gn/T/ipykernel_14640/3110420929.py"", line 61, in <module>
    if is_image_processed(img_path):
       ^^^^^^^^^^^^^^^^^^
NameError: name 'is_image_processed' is not defined
",/Volumes/TVault2/datasets/sugvu24/extracted_frames/case_002/extraction_results.csv,67.0,
2025-04-05 15:55:01,ROW_PROCESSING_ERROR,Error processing row 68 in file /Volumes/TVault2/datasets/sugvu24/extracted_frames/case_002/extraction_results.csv: name 'is_image_processed' is not defined,"Traceback (most recent call last):
  File ""/var/folders/1j/2k5xpt896fdb5rnbdm6nktnr0000gn/T/ipykernel_14640/3110420929.py"", line 61, in <module>
    if is_image_processed(img_path):
       ^^^^^^^^^^^^^^^^^^
NameError: name 'is_image_processed' is not defined
",/Volumes/TVault2/datasets/sugvu24/extracted_frames/case_002/extraction_results.csv,68.0,
2025-04-05 15:55:01,ROW_PROCESSING_ERROR,"Error processing row 69 in file /Volumes/TVault2/datasets/sugvu24/extracted_frames/case_002/extraction_results.csv: join() argument must be str, bytes, or os.PathLike object, not 'float'","Traceback (most recent call last):
  File ""/var/folders/1j/2k5xpt896fdb5rnbdm6nktnr0000gn/T/ipykernel_14640/3110420929.py"", line 58, in <module>
    img_path = os.path.join(root, frame_file)
               ^^^^^^^^^^^^^^^^^^^^^^^^^^^^^^
  File ""<frozen posixpath>"", line 90, in join
  File ""<frozen genericpath>"", line 164, in _check_arg_types
TypeError: join() argument must be str, bytes, or os.PathLike object, not 'float'
",/Volumes/TVault2/datasets/sugvu24/extracted_frames/case_002/extraction_results.csv,69.0,
2025-04-05 15:55:01,ROW_PROCESSING_ERROR,"Error processing row 70 in file /Volumes/TVault2/datasets/sugvu24/extracted_frames/case_002/extraction_results.csv: join() argument must be str, bytes, or os.PathLike object, not 'float'","Traceback (most recent call last):
  File ""/var/folders/1j/2k5xpt896fdb5rnbdm6nktnr0000gn/T/ipykernel_14640/3110420929.py"", line 58, in <module>
    img_path = os.path.join(root, frame_file)
               ^^^^^^^^^^^^^^^^^^^^^^^^^^^^^^
  File ""<frozen posixpath>"", line 90, in join
  File ""<frozen genericpath>"", line 164, in _check_arg_types
TypeError: join() argument must be str, bytes, or os.PathLike object, not 'float'
",/Volumes/TVault2/datasets/sugvu24/extracted_frames/case_002/extraction_results.csv,70.0,
2025-04-05 15:55:01,ROW_PROCESSING_ERROR,"Error processing row 71 in file /Volumes/TVault2/datasets/sugvu24/extracted_frames/case_002/extraction_results.csv: join() argument must be str, bytes, or os.PathLike object, not 'float'","Traceback (most recent call last):
  File ""/var/folders/1j/2k5xpt896fdb5rnbdm6nktnr0000gn/T/ipykernel_14640/3110420929.py"", line 58, in <module>
    img_path = os.path.join(root, frame_file)
               ^^^^^^^^^^^^^^^^^^^^^^^^^^^^^^
  File ""<frozen posixpath>"", line 90, in join
  File ""<frozen genericpath>"", line 164, in _check_arg_types
TypeError: join() argument must be str, bytes, or os.PathLike object, not 'float'
",/Volumes/TVault2/datasets/sugvu24/extracted_frames/case_002/extraction_results.csv,71.0,
2025-04-05 15:55:01,ROW_PROCESSING_ERROR,"Error processing row 72 in file /Volumes/TVault2/datasets/sugvu24/extracted_frames/case_002/extraction_results.csv: join() argument must be str, bytes, or os.PathLike object, not 'float'","Traceback (most recent call last):
  File ""/var/folders/1j/2k5xpt896fdb5rnbdm6nktnr0000gn/T/ipykernel_14640/3110420929.py"", line 58, in <module>
    img_path = os.path.join(root, frame_file)
               ^^^^^^^^^^^^^^^^^^^^^^^^^^^^^^
  File ""<frozen posixpath>"", line 90, in join
  File ""<frozen genericpath>"", line 164, in _check_arg_types
TypeError: join() argument must be str, bytes, or os.PathLike object, not 'float'
",/Volumes/TVault2/datasets/sugvu24/extracted_frames/case_002/extraction_results.csv,72.0,
2025-04-05 15:55:01,ROW_PROCESSING_ERROR,"Error processing row 73 in file /Volumes/TVault2/datasets/sugvu24/extracted_frames/case_002/extraction_results.csv: join() argument must be str, bytes, or os.PathLike object, not 'float'","Traceback (most recent call last):
  File ""/var/folders/1j/2k5xpt896fdb5rnbdm6nktnr0000gn/T/ipykernel_14640/3110420929.py"", line 58, in <module>
    img_path = os.path.join(root, frame_file)
               ^^^^^^^^^^^^^^^^^^^^^^^^^^^^^^
  File ""<frozen posixpath>"", line 90, in join
  File ""<frozen genericpath>"", line 164, in _check_arg_types
TypeError: join() argument must be str, bytes, or os.PathLike object, not 'float'
",/Volumes/TVault2/datasets/sugvu24/extracted_frames/case_002/extraction_results.csv,73.0,
2025-04-05 15:55:01,ROW_PROCESSING_ERROR,"Error processing row 74 in file /Volumes/TVault2/datasets/sugvu24/extracted_frames/case_002/extraction_results.csv: join() argument must be str, bytes, or os.PathLike object, not 'float'","Traceback (most recent call last):
  File ""/var/folders/1j/2k5xpt896fdb5rnbdm6nktnr0000gn/T/ipykernel_14640/3110420929.py"", line 58, in <module>
    img_path = os.path.join(root, frame_file)
               ^^^^^^^^^^^^^^^^^^^^^^^^^^^^^^
  File ""<frozen posixpath>"", line 90, in join
  File ""<frozen genericpath>"", line 164, in _check_arg_types
TypeError: join() argument must be str, bytes, or os.PathLike object, not 'float'
",/Volumes/TVault2/datasets/sugvu24/extracted_frames/case_002/extraction_results.csv,74.0,
2025-04-05 15:55:01,ROW_PROCESSING_ERROR,"Error processing row 75 in file /Volumes/TVault2/datasets/sugvu24/extracted_frames/case_002/extraction_results.csv: join() argument must be str, bytes, or os.PathLike object, not 'float'","Traceback (most recent call last):
  File ""/var/folders/1j/2k5xpt896fdb5rnbdm6nktnr0000gn/T/ipykernel_14640/3110420929.py"", line 58, in <module>
    img_path = os.path.join(root, frame_file)
               ^^^^^^^^^^^^^^^^^^^^^^^^^^^^^^
  File ""<frozen posixpath>"", line 90, in join
  File ""<frozen genericpath>"", line 164, in _check_arg_types
TypeError: join() argument must be str, bytes, or os.PathLike object, not 'float'
",/Volumes/TVault2/datasets/sugvu24/extracted_frames/case_002/extraction_results.csv,75.0,
2025-04-05 15:55:01,ROW_PROCESSING_ERROR,"Error processing row 76 in file /Volumes/TVault2/datasets/sugvu24/extracted_frames/case_002/extraction_results.csv: join() argument must be str, bytes, or os.PathLike object, not 'float'","Traceback (most recent call last):
  File ""/var/folders/1j/2k5xpt896fdb5rnbdm6nktnr0000gn/T/ipykernel_14640/3110420929.py"", line 58, in <module>
    img_path = os.path.join(root, frame_file)
               ^^^^^^^^^^^^^^^^^^^^^^^^^^^^^^
  File ""<frozen posixpath>"", line 90, in join
  File ""<frozen genericpath>"", line 164, in _check_arg_types
TypeError: join() argument must be str, bytes, or os.PathLike object, not 'float'
",/Volumes/TVault2/datasets/sugvu24/extracted_frames/case_002/extraction_results.csv,76.0,
2025-04-05 15:55:01,ROW_PROCESSING_ERROR,"Error processing row 77 in file /Volumes/TVault2/datasets/sugvu24/extracted_frames/case_002/extraction_results.csv: join() argument must be str, bytes, or os.PathLike object, not 'float'","Traceback (most recent call last):
  File ""/var/folders/1j/2k5xpt896fdb5rnbdm6nktnr0000gn/T/ipykernel_14640/3110420929.py"", line 58, in <module>
    img_path = os.path.join(root, frame_file)
               ^^^^^^^^^^^^^^^^^^^^^^^^^^^^^^
  File ""<frozen posixpath>"", line 90, in join
  File ""<frozen genericpath>"", line 164, in _check_arg_types
TypeError: join() argument must be str, bytes, or os.PathLike object, not 'float'
",/Volumes/TVault2/datasets/sugvu24/extracted_frames/case_002/extraction_results.csv,77.0,
2025-04-05 15:55:01,ROW_PROCESSING_ERROR,"Error processing row 78 in file /Volumes/TVault2/datasets/sugvu24/extracted_frames/case_002/extraction_results.csv: join() argument must be str, bytes, or os.PathLike object, not 'float'","Traceback (most recent call last):
  File ""/var/folders/1j/2k5xpt896fdb5rnbdm6nktnr0000gn/T/ipykernel_14640/3110420929.py"", line 58, in <module>
    img_path = os.path.join(root, frame_file)
               ^^^^^^^^^^^^^^^^^^^^^^^^^^^^^^
  File ""<frozen posixpath>"", line 90, in join
  File ""<frozen genericpath>"", line 164, in _check_arg_types
TypeError: join() argument must be str, bytes, or os.PathLike object, not 'float'
",/Volumes/TVault2/datasets/sugvu24/extracted_frames/case_002/extraction_results.csv,78.0,
2025-04-05 15:55:01,ROW_PROCESSING_ERROR,Error processing row 79 in file /Volumes/TVault2/datasets/sugvu24/extracted_frames/case_002/extraction_results.csv: name 'is_image_processed' is not defined,"Traceback (most recent call last):
  File ""/var/folders/1j/2k5xpt896fdb5rnbdm6nktnr0000gn/T/ipykernel_14640/3110420929.py"", line 61, in <module>
    if is_image_processed(img_path):
       ^^^^^^^^^^^^^^^^^^
NameError: name 'is_image_processed' is not defined
",/Volumes/TVault2/datasets/sugvu24/extracted_frames/case_002/extraction_results.csv,79.0,
2025-04-05 15:55:01,ROW_PROCESSING_ERROR,Error processing row 80 in file /Volumes/TVault2/datasets/sugvu24/extracted_frames/case_002/extraction_results.csv: name 'is_image_processed' is not defined,"Traceback (most recent call last):
  File ""/var/folders/1j/2k5xpt896fdb5rnbdm6nktnr0000gn/T/ipykernel_14640/3110420929.py"", line 61, in <module>
    if is_image_processed(img_path):
       ^^^^^^^^^^^^^^^^^^
NameError: name 'is_image_processed' is not defined
",/Volumes/TVault2/datasets/sugvu24/extracted_frames/case_002/extraction_results.csv,80.0,
2025-04-05 15:55:01,ROW_PROCESSING_ERROR,Error processing row 81 in file /Volumes/TVault2/datasets/sugvu24/extracted_frames/case_002/extraction_results.csv: name 'is_image_processed' is not defined,"Traceback (most recent call last):
  File ""/var/folders/1j/2k5xpt896fdb5rnbdm6nktnr0000gn/T/ipykernel_14640/3110420929.py"", line 61, in <module>
    if is_image_processed(img_path):
       ^^^^^^^^^^^^^^^^^^
NameError: name 'is_image_processed' is not defined
",/Volumes/TVault2/datasets/sugvu24/extracted_frames/case_002/extraction_results.csv,81.0,
2025-04-05 15:55:01,ROW_PROCESSING_ERROR,Error processing row 82 in file /Volumes/TVault2/datasets/sugvu24/extracted_frames/case_002/extraction_results.csv: name 'is_image_processed' is not defined,"Traceback (most recent call last):
  File ""/var/folders/1j/2k5xpt896fdb5rnbdm6nktnr0000gn/T/ipykernel_14640/3110420929.py"", line 61, in <module>
    if is_image_processed(img_path):
       ^^^^^^^^^^^^^^^^^^
NameError: name 'is_image_processed' is not defined
",/Volumes/TVault2/datasets/sugvu24/extracted_frames/case_002/extraction_results.csv,82.0,
2025-04-05 15:55:01,ROW_PROCESSING_ERROR,Error processing row 83 in file /Volumes/TVault2/datasets/sugvu24/extracted_frames/case_002/extraction_results.csv: name 'is_image_processed' is not defined,"Traceback (most recent call last):
  File ""/var/folders/1j/2k5xpt896fdb5rnbdm6nktnr0000gn/T/ipykernel_14640/3110420929.py"", line 61, in <module>
    if is_image_processed(img_path):
       ^^^^^^^^^^^^^^^^^^
NameError: name 'is_image_processed' is not defined
",/Volumes/TVault2/datasets/sugvu24/extracted_frames/case_002/extraction_results.csv,83.0,
2025-04-05 15:55:01,ROW_PROCESSING_ERROR,Error processing row 84 in file /Volumes/TVault2/datasets/sugvu24/extracted_frames/case_002/extraction_results.csv: name 'is_image_processed' is not defined,"Traceback (most recent call last):
  File ""/var/folders/1j/2k5xpt896fdb5rnbdm6nktnr0000gn/T/ipykernel_14640/3110420929.py"", line 61, in <module>
    if is_image_processed(img_path):
       ^^^^^^^^^^^^^^^^^^
NameError: name 'is_image_processed' is not defined
",/Volumes/TVault2/datasets/sugvu24/extracted_frames/case_002/extraction_results.csv,84.0,
2025-04-05 15:55:01,ROW_PROCESSING_ERROR,Error processing row 85 in file /Volumes/TVault2/datasets/sugvu24/extracted_frames/case_002/extraction_results.csv: name 'is_image_processed' is not defined,"Traceback (most recent call last):
  File ""/var/folders/1j/2k5xpt896fdb5rnbdm6nktnr0000gn/T/ipykernel_14640/3110420929.py"", line 61, in <module>
    if is_image_processed(img_path):
       ^^^^^^^^^^^^^^^^^^
NameError: name 'is_image_processed' is not defined
",/Volumes/TVault2/datasets/sugvu24/extracted_frames/case_002/extraction_results.csv,85.0,
2025-04-05 15:55:01,ROW_PROCESSING_ERROR,Error processing row 86 in file /Volumes/TVault2/datasets/sugvu24/extracted_frames/case_002/extraction_results.csv: name 'is_image_processed' is not defined,"Traceback (most recent call last):
  File ""/var/folders/1j/2k5xpt896fdb5rnbdm6nktnr0000gn/T/ipykernel_14640/3110420929.py"", line 61, in <module>
    if is_image_processed(img_path):
       ^^^^^^^^^^^^^^^^^^
NameError: name 'is_image_processed' is not defined
",/Volumes/TVault2/datasets/sugvu24/extracted_frames/case_002/extraction_results.csv,86.0,
2025-04-05 15:55:01,ROW_PROCESSING_ERROR,Error processing row 87 in file /Volumes/TVault2/datasets/sugvu24/extracted_frames/case_002/extraction_results.csv: name 'is_image_processed' is not defined,"Traceback (most recent call last):
  File ""/var/folders/1j/2k5xpt896fdb5rnbdm6nktnr0000gn/T/ipykernel_14640/3110420929.py"", line 61, in <module>
    if is_image_processed(img_path):
       ^^^^^^^^^^^^^^^^^^
NameError: name 'is_image_processed' is not defined
",/Volumes/TVault2/datasets/sugvu24/extracted_frames/case_002/extraction_results.csv,87.0,
2025-04-05 15:55:01,ROW_PROCESSING_ERROR,Error processing row 88 in file /Volumes/TVault2/datasets/sugvu24/extracted_frames/case_002/extraction_results.csv: name 'is_image_processed' is not defined,"Traceback (most recent call last):
  File ""/var/folders/1j/2k5xpt896fdb5rnbdm6nktnr0000gn/T/ipykernel_14640/3110420929.py"", line 61, in <module>
    if is_image_processed(img_path):
       ^^^^^^^^^^^^^^^^^^
NameError: name 'is_image_processed' is not defined
",/Volumes/TVault2/datasets/sugvu24/extracted_frames/case_002/extraction_results.csv,88.0,
2025-04-05 15:55:01,ROW_PROCESSING_ERROR,Error processing row 89 in file /Volumes/TVault2/datasets/sugvu24/extracted_frames/case_002/extraction_results.csv: name 'is_image_processed' is not defined,"Traceback (most recent call last):
  File ""/var/folders/1j/2k5xpt896fdb5rnbdm6nktnr0000gn/T/ipykernel_14640/3110420929.py"", line 61, in <module>
    if is_image_processed(img_path):
       ^^^^^^^^^^^^^^^^^^
NameError: name 'is_image_processed' is not defined
",/Volumes/TVault2/datasets/sugvu24/extracted_frames/case_002/extraction_results.csv,89.0,
2025-04-05 15:55:01,ROW_PROCESSING_ERROR,Error processing row 0 in file /Volumes/TVault2/datasets/sugvu24/extracted_frames/case_003/extraction_results.csv: name 'is_image_processed' is not defined,"Traceback (most recent call last):
  File ""/var/folders/1j/2k5xpt896fdb5rnbdm6nktnr0000gn/T/ipykernel_14640/3110420929.py"", line 61, in <module>
    if is_image_processed(img_path):
       ^^^^^^^^^^^^^^^^^^
NameError: name 'is_image_processed' is not defined
",/Volumes/TVault2/datasets/sugvu24/extracted_frames/case_003/extraction_results.csv,0.0,
2025-04-05 15:55:01,ROW_PROCESSING_ERROR,Error processing row 1 in file /Volumes/TVault2/datasets/sugvu24/extracted_frames/case_003/extraction_results.csv: name 'is_image_processed' is not defined,"Traceback (most recent call last):
  File ""/var/folders/1j/2k5xpt896fdb5rnbdm6nktnr0000gn/T/ipykernel_14640/3110420929.py"", line 61, in <module>
    if is_image_processed(img_path):
       ^^^^^^^^^^^^^^^^^^
NameError: name 'is_image_processed' is not defined
",/Volumes/TVault2/datasets/sugvu24/extracted_frames/case_003/extraction_results.csv,1.0,
2025-04-05 15:55:01,ROW_PROCESSING_ERROR,Error processing row 2 in file /Volumes/TVault2/datasets/sugvu24/extracted_frames/case_003/extraction_results.csv: name 'is_image_processed' is not defined,"Traceback (most recent call last):
  File ""/var/folders/1j/2k5xpt896fdb5rnbdm6nktnr0000gn/T/ipykernel_14640/3110420929.py"", line 61, in <module>
    if is_image_processed(img_path):
       ^^^^^^^^^^^^^^^^^^
NameError: name 'is_image_processed' is not defined
",/Volumes/TVault2/datasets/sugvu24/extracted_frames/case_003/extraction_results.csv,2.0,
2025-04-05 15:55:01,ROW_PROCESSING_ERROR,Error processing row 3 in file /Volumes/TVault2/datasets/sugvu24/extracted_frames/case_003/extraction_results.csv: name 'is_image_processed' is not defined,"Traceback (most recent call last):
  File ""/var/folders/1j/2k5xpt896fdb5rnbdm6nktnr0000gn/T/ipykernel_14640/3110420929.py"", line 61, in <module>
    if is_image_processed(img_path):
       ^^^^^^^^^^^^^^^^^^
NameError: name 'is_image_processed' is not defined
",/Volumes/TVault2/datasets/sugvu24/extracted_frames/case_003/extraction_results.csv,3.0,
2025-04-05 15:55:01,ROW_PROCESSING_ERROR,Error processing row 4 in file /Volumes/TVault2/datasets/sugvu24/extracted_frames/case_003/extraction_results.csv: name 'is_image_processed' is not defined,"Traceback (most recent call last):
  File ""/var/folders/1j/2k5xpt896fdb5rnbdm6nktnr0000gn/T/ipykernel_14640/3110420929.py"", line 61, in <module>
    if is_image_processed(img_path):
       ^^^^^^^^^^^^^^^^^^
NameError: name 'is_image_processed' is not defined
",/Volumes/TVault2/datasets/sugvu24/extracted_frames/case_003/extraction_results.csv,4.0,
2025-04-05 15:55:01,ROW_PROCESSING_ERROR,"Error processing row 5 in file /Volumes/TVault2/datasets/sugvu24/extracted_frames/case_003/extraction_results.csv: join() argument must be str, bytes, or os.PathLike object, not 'float'","Traceback (most recent call last):
  File ""/var/folders/1j/2k5xpt896fdb5rnbdm6nktnr0000gn/T/ipykernel_14640/3110420929.py"", line 58, in <module>
    img_path = os.path.join(root, frame_file)
               ^^^^^^^^^^^^^^^^^^^^^^^^^^^^^^
  File ""<frozen posixpath>"", line 90, in join
  File ""<frozen genericpath>"", line 164, in _check_arg_types
TypeError: join() argument must be str, bytes, or os.PathLike object, not 'float'
",/Volumes/TVault2/datasets/sugvu24/extracted_frames/case_003/extraction_results.csv,5.0,
2025-04-05 15:55:01,ROW_PROCESSING_ERROR,Error processing row 6 in file /Volumes/TVault2/datasets/sugvu24/extracted_frames/case_003/extraction_results.csv: name 'is_image_processed' is not defined,"Traceback (most recent call last):
  File ""/var/folders/1j/2k5xpt896fdb5rnbdm6nktnr0000gn/T/ipykernel_14640/3110420929.py"", line 61, in <module>
    if is_image_processed(img_path):
       ^^^^^^^^^^^^^^^^^^
NameError: name 'is_image_processed' is not defined
",/Volumes/TVault2/datasets/sugvu24/extracted_frames/case_003/extraction_results.csv,6.0,
2025-04-05 15:55:01,ROW_PROCESSING_ERROR,Error processing row 7 in file /Volumes/TVault2/datasets/sugvu24/extracted_frames/case_003/extraction_results.csv: name 'is_image_processed' is not defined,"Traceback (most recent call last):
  File ""/var/folders/1j/2k5xpt896fdb5rnbdm6nktnr0000gn/T/ipykernel_14640/3110420929.py"", line 61, in <module>
    if is_image_processed(img_path):
       ^^^^^^^^^^^^^^^^^^
NameError: name 'is_image_processed' is not defined
",/Volumes/TVault2/datasets/sugvu24/extracted_frames/case_003/extraction_results.csv,7.0,
2025-04-05 15:55:01,ROW_PROCESSING_ERROR,Error processing row 8 in file /Volumes/TVault2/datasets/sugvu24/extracted_frames/case_003/extraction_results.csv: name 'is_image_processed' is not defined,"Traceback (most recent call last):
  File ""/var/folders/1j/2k5xpt896fdb5rnbdm6nktnr0000gn/T/ipykernel_14640/3110420929.py"", line 61, in <module>
    if is_image_processed(img_path):
       ^^^^^^^^^^^^^^^^^^
NameError: name 'is_image_processed' is not defined
",/Volumes/TVault2/datasets/sugvu24/extracted_frames/case_003/extraction_results.csv,8.0,
2025-04-05 15:55:01,ROW_PROCESSING_ERROR,Error processing row 9 in file /Volumes/TVault2/datasets/sugvu24/extracted_frames/case_003/extraction_results.csv: name 'is_image_processed' is not defined,"Traceback (most recent call last):
  File ""/var/folders/1j/2k5xpt896fdb5rnbdm6nktnr0000gn/T/ipykernel_14640/3110420929.py"", line 61, in <module>
    if is_image_processed(img_path):
       ^^^^^^^^^^^^^^^^^^
NameError: name 'is_image_processed' is not defined
",/Volumes/TVault2/datasets/sugvu24/extracted_frames/case_003/extraction_results.csv,9.0,
2025-04-05 15:55:01,ROW_PROCESSING_ERROR,Error processing row 10 in file /Volumes/TVault2/datasets/sugvu24/extracted_frames/case_003/extraction_results.csv: name 'is_image_processed' is not defined,"Traceback (most recent call last):
  File ""/var/folders/1j/2k5xpt896fdb5rnbdm6nktnr0000gn/T/ipykernel_14640/3110420929.py"", line 61, in <module>
    if is_image_processed(img_path):
       ^^^^^^^^^^^^^^^^^^
NameError: name 'is_image_processed' is not defined
",/Volumes/TVault2/datasets/sugvu24/extracted_frames/case_003/extraction_results.csv,10.0,
2025-04-05 15:55:01,ROW_PROCESSING_ERROR,Error processing row 11 in file /Volumes/TVault2/datasets/sugvu24/extracted_frames/case_003/extraction_results.csv: name 'is_image_processed' is not defined,"Traceback (most recent call last):
  File ""/var/folders/1j/2k5xpt896fdb5rnbdm6nktnr0000gn/T/ipykernel_14640/3110420929.py"", line 61, in <module>
    if is_image_processed(img_path):
       ^^^^^^^^^^^^^^^^^^
NameError: name 'is_image_processed' is not defined
",/Volumes/TVault2/datasets/sugvu24/extracted_frames/case_003/extraction_results.csv,11.0,
2025-04-05 15:55:01,ROW_PROCESSING_ERROR,Error processing row 12 in file /Volumes/TVault2/datasets/sugvu24/extracted_frames/case_003/extraction_results.csv: name 'is_image_processed' is not defined,"Traceback (most recent call last):
  File ""/var/folders/1j/2k5xpt896fdb5rnbdm6nktnr0000gn/T/ipykernel_14640/3110420929.py"", line 61, in <module>
    if is_image_processed(img_path):
       ^^^^^^^^^^^^^^^^^^
NameError: name 'is_image_processed' is not defined
",/Volumes/TVault2/datasets/sugvu24/extracted_frames/case_003/extraction_results.csv,12.0,
2025-04-05 15:55:01,ROW_PROCESSING_ERROR,Error processing row 13 in file /Volumes/TVault2/datasets/sugvu24/extracted_frames/case_003/extraction_results.csv: name 'is_image_processed' is not defined,"Traceback (most recent call last):
  File ""/var/folders/1j/2k5xpt896fdb5rnbdm6nktnr0000gn/T/ipykernel_14640/3110420929.py"", line 61, in <module>
    if is_image_processed(img_path):
       ^^^^^^^^^^^^^^^^^^
NameError: name 'is_image_processed' is not defined
",/Volumes/TVault2/datasets/sugvu24/extracted_frames/case_003/extraction_results.csv,13.0,
2025-04-05 15:55:01,ROW_PROCESSING_ERROR,Error processing row 14 in file /Volumes/TVault2/datasets/sugvu24/extracted_frames/case_003/extraction_results.csv: name 'is_image_processed' is not defined,"Traceback (most recent call last):
  File ""/var/folders/1j/2k5xpt896fdb5rnbdm6nktnr0000gn/T/ipykernel_14640/3110420929.py"", line 61, in <module>
    if is_image_processed(img_path):
       ^^^^^^^^^^^^^^^^^^
NameError: name 'is_image_processed' is not defined
",/Volumes/TVault2/datasets/sugvu24/extracted_frames/case_003/extraction_results.csv,14.0,
2025-04-05 15:55:01,ROW_PROCESSING_ERROR,Error processing row 15 in file /Volumes/TVault2/datasets/sugvu24/extracted_frames/case_003/extraction_results.csv: name 'is_image_processed' is not defined,"Traceback (most recent call last):
  File ""/var/folders/1j/2k5xpt896fdb5rnbdm6nktnr0000gn/T/ipykernel_14640/3110420929.py"", line 61, in <module>
    if is_image_processed(img_path):
       ^^^^^^^^^^^^^^^^^^
NameError: name 'is_image_processed' is not defined
",/Volumes/TVault2/datasets/sugvu24/extracted_frames/case_003/extraction_results.csv,15.0,
2025-04-05 15:55:01,ROW_PROCESSING_ERROR,Error processing row 16 in file /Volumes/TVault2/datasets/sugvu24/extracted_frames/case_003/extraction_results.csv: name 'is_image_processed' is not defined,"Traceback (most recent call last):
  File ""/var/folders/1j/2k5xpt896fdb5rnbdm6nktnr0000gn/T/ipykernel_14640/3110420929.py"", line 61, in <module>
    if is_image_processed(img_path):
       ^^^^^^^^^^^^^^^^^^
NameError: name 'is_image_processed' is not defined
",/Volumes/TVault2/datasets/sugvu24/extracted_frames/case_003/extraction_results.csv,16.0,
2025-04-05 15:55:01,ROW_PROCESSING_ERROR,Error processing row 17 in file /Volumes/TVault2/datasets/sugvu24/extracted_frames/case_003/extraction_results.csv: name 'is_image_processed' is not defined,"Traceback (most recent call last):
  File ""/var/folders/1j/2k5xpt896fdb5rnbdm6nktnr0000gn/T/ipykernel_14640/3110420929.py"", line 61, in <module>
    if is_image_processed(img_path):
       ^^^^^^^^^^^^^^^^^^
NameError: name 'is_image_processed' is not defined
",/Volumes/TVault2/datasets/sugvu24/extracted_frames/case_003/extraction_results.csv,17.0,
2025-04-05 15:55:01,ROW_PROCESSING_ERROR,Error processing row 18 in file /Volumes/TVault2/datasets/sugvu24/extracted_frames/case_003/extraction_results.csv: name 'is_image_processed' is not defined,"Traceback (most recent call last):
  File ""/var/folders/1j/2k5xpt896fdb5rnbdm6nktnr0000gn/T/ipykernel_14640/3110420929.py"", line 61, in <module>
    if is_image_processed(img_path):
       ^^^^^^^^^^^^^^^^^^
NameError: name 'is_image_processed' is not defined
",/Volumes/TVault2/datasets/sugvu24/extracted_frames/case_003/extraction_results.csv,18.0,
2025-04-05 15:55:01,ROW_PROCESSING_ERROR,Error processing row 19 in file /Volumes/TVault2/datasets/sugvu24/extracted_frames/case_003/extraction_results.csv: name 'is_image_processed' is not defined,"Traceback (most recent call last):
  File ""/var/folders/1j/2k5xpt896fdb5rnbdm6nktnr0000gn/T/ipykernel_14640/3110420929.py"", line 61, in <module>
    if is_image_processed(img_path):
       ^^^^^^^^^^^^^^^^^^
NameError: name 'is_image_processed' is not defined
",/Volumes/TVault2/datasets/sugvu24/extracted_frames/case_003/extraction_results.csv,19.0,
2025-04-05 15:55:01,ROW_PROCESSING_ERROR,Error processing row 20 in file /Volumes/TVault2/datasets/sugvu24/extracted_frames/case_003/extraction_results.csv: name 'is_image_processed' is not defined,"Traceback (most recent call last):
  File ""/var/folders/1j/2k5xpt896fdb5rnbdm6nktnr0000gn/T/ipykernel_14640/3110420929.py"", line 61, in <module>
    if is_image_processed(img_path):
       ^^^^^^^^^^^^^^^^^^
NameError: name 'is_image_processed' is not defined
",/Volumes/TVault2/datasets/sugvu24/extracted_frames/case_003/extraction_results.csv,20.0,
2025-04-05 15:55:01,ROW_PROCESSING_ERROR,Error processing row 21 in file /Volumes/TVault2/datasets/sugvu24/extracted_frames/case_003/extraction_results.csv: name 'is_image_processed' is not defined,"Traceback (most recent call last):
  File ""/var/folders/1j/2k5xpt896fdb5rnbdm6nktnr0000gn/T/ipykernel_14640/3110420929.py"", line 61, in <module>
    if is_image_processed(img_path):
       ^^^^^^^^^^^^^^^^^^
NameError: name 'is_image_processed' is not defined
",/Volumes/TVault2/datasets/sugvu24/extracted_frames/case_003/extraction_results.csv,21.0,
2025-04-05 15:55:01,ROW_PROCESSING_ERROR,Error processing row 22 in file /Volumes/TVault2/datasets/sugvu24/extracted_frames/case_003/extraction_results.csv: name 'is_image_processed' is not defined,"Traceback (most recent call last):
  File ""/var/folders/1j/2k5xpt896fdb5rnbdm6nktnr0000gn/T/ipykernel_14640/3110420929.py"", line 61, in <module>
    if is_image_processed(img_path):
       ^^^^^^^^^^^^^^^^^^
NameError: name 'is_image_processed' is not defined
",/Volumes/TVault2/datasets/sugvu24/extracted_frames/case_003/extraction_results.csv,22.0,
2025-04-05 15:55:01,ROW_PROCESSING_ERROR,Error processing row 23 in file /Volumes/TVault2/datasets/sugvu24/extracted_frames/case_003/extraction_results.csv: name 'is_image_processed' is not defined,"Traceback (most recent call last):
  File ""/var/folders/1j/2k5xpt896fdb5rnbdm6nktnr0000gn/T/ipykernel_14640/3110420929.py"", line 61, in <module>
    if is_image_processed(img_path):
       ^^^^^^^^^^^^^^^^^^
NameError: name 'is_image_processed' is not defined
",/Volumes/TVault2/datasets/sugvu24/extracted_frames/case_003/extraction_results.csv,23.0,
2025-04-05 15:55:01,ROW_PROCESSING_ERROR,Error processing row 24 in file /Volumes/TVault2/datasets/sugvu24/extracted_frames/case_003/extraction_results.csv: name 'is_image_processed' is not defined,"Traceback (most recent call last):
  File ""/var/folders/1j/2k5xpt896fdb5rnbdm6nktnr0000gn/T/ipykernel_14640/3110420929.py"", line 61, in <module>
    if is_image_processed(img_path):
       ^^^^^^^^^^^^^^^^^^
NameError: name 'is_image_processed' is not defined
",/Volumes/TVault2/datasets/sugvu24/extracted_frames/case_003/extraction_results.csv,24.0,
2025-04-05 15:55:01,ROW_PROCESSING_ERROR,Error processing row 25 in file /Volumes/TVault2/datasets/sugvu24/extracted_frames/case_003/extraction_results.csv: name 'is_image_processed' is not defined,"Traceback (most recent call last):
  File ""/var/folders/1j/2k5xpt896fdb5rnbdm6nktnr0000gn/T/ipykernel_14640/3110420929.py"", line 61, in <module>
    if is_image_processed(img_path):
       ^^^^^^^^^^^^^^^^^^
NameError: name 'is_image_processed' is not defined
",/Volumes/TVault2/datasets/sugvu24/extracted_frames/case_003/extraction_results.csv,25.0,
2025-04-05 15:55:01,ROW_PROCESSING_ERROR,Error processing row 26 in file /Volumes/TVault2/datasets/sugvu24/extracted_frames/case_003/extraction_results.csv: name 'is_image_processed' is not defined,"Traceback (most recent call last):
  File ""/var/folders/1j/2k5xpt896fdb5rnbdm6nktnr0000gn/T/ipykernel_14640/3110420929.py"", line 61, in <module>
    if is_image_processed(img_path):
       ^^^^^^^^^^^^^^^^^^
NameError: name 'is_image_processed' is not defined
",/Volumes/TVault2/datasets/sugvu24/extracted_frames/case_003/extraction_results.csv,26.0,
2025-04-05 15:55:01,ROW_PROCESSING_ERROR,Error processing row 27 in file /Volumes/TVault2/datasets/sugvu24/extracted_frames/case_003/extraction_results.csv: name 'is_image_processed' is not defined,"Traceback (most recent call last):
  File ""/var/folders/1j/2k5xpt896fdb5rnbdm6nktnr0000gn/T/ipykernel_14640/3110420929.py"", line 61, in <module>
    if is_image_processed(img_path):
       ^^^^^^^^^^^^^^^^^^
NameError: name 'is_image_processed' is not defined
",/Volumes/TVault2/datasets/sugvu24/extracted_frames/case_003/extraction_results.csv,27.0,
2025-04-05 15:55:01,ROW_PROCESSING_ERROR,Error processing row 28 in file /Volumes/TVault2/datasets/sugvu24/extracted_frames/case_003/extraction_results.csv: name 'is_image_processed' is not defined,"Traceback (most recent call last):
  File ""/var/folders/1j/2k5xpt896fdb5rnbdm6nktnr0000gn/T/ipykernel_14640/3110420929.py"", line 61, in <module>
    if is_image_processed(img_path):
       ^^^^^^^^^^^^^^^^^^
NameError: name 'is_image_processed' is not defined
",/Volumes/TVault2/datasets/sugvu24/extracted_frames/case_003/extraction_results.csv,28.0,
2025-04-05 15:55:01,ROW_PROCESSING_ERROR,Error processing row 29 in file /Volumes/TVault2/datasets/sugvu24/extracted_frames/case_003/extraction_results.csv: name 'is_image_processed' is not defined,"Traceback (most recent call last):
  File ""/var/folders/1j/2k5xpt896fdb5rnbdm6nktnr0000gn/T/ipykernel_14640/3110420929.py"", line 61, in <module>
    if is_image_processed(img_path):
       ^^^^^^^^^^^^^^^^^^
NameError: name 'is_image_processed' is not defined
",/Volumes/TVault2/datasets/sugvu24/extracted_frames/case_003/extraction_results.csv,29.0,
2025-04-05 15:55:01,ROW_PROCESSING_ERROR,Error processing row 30 in file /Volumes/TVault2/datasets/sugvu24/extracted_frames/case_003/extraction_results.csv: name 'is_image_processed' is not defined,"Traceback (most recent call last):
  File ""/var/folders/1j/2k5xpt896fdb5rnbdm6nktnr0000gn/T/ipykernel_14640/3110420929.py"", line 61, in <module>
    if is_image_processed(img_path):
       ^^^^^^^^^^^^^^^^^^
NameError: name 'is_image_processed' is not defined
",/Volumes/TVault2/datasets/sugvu24/extracted_frames/case_003/extraction_results.csv,30.0,
2025-04-05 15:55:01,ROW_PROCESSING_ERROR,Error processing row 31 in file /Volumes/TVault2/datasets/sugvu24/extracted_frames/case_003/extraction_results.csv: name 'is_image_processed' is not defined,"Traceback (most recent call last):
  File ""/var/folders/1j/2k5xpt896fdb5rnbdm6nktnr0000gn/T/ipykernel_14640/3110420929.py"", line 61, in <module>
    if is_image_processed(img_path):
       ^^^^^^^^^^^^^^^^^^
NameError: name 'is_image_processed' is not defined
",/Volumes/TVault2/datasets/sugvu24/extracted_frames/case_003/extraction_results.csv,31.0,
2025-04-05 15:55:01,ROW_PROCESSING_ERROR,Error processing row 32 in file /Volumes/TVault2/datasets/sugvu24/extracted_frames/case_003/extraction_results.csv: name 'is_image_processed' is not defined,"Traceback (most recent call last):
  File ""/var/folders/1j/2k5xpt896fdb5rnbdm6nktnr0000gn/T/ipykernel_14640/3110420929.py"", line 61, in <module>
    if is_image_processed(img_path):
       ^^^^^^^^^^^^^^^^^^
NameError: name 'is_image_processed' is not defined
",/Volumes/TVault2/datasets/sugvu24/extracted_frames/case_003/extraction_results.csv,32.0,
2025-04-05 15:55:01,ROW_PROCESSING_ERROR,Error processing row 33 in file /Volumes/TVault2/datasets/sugvu24/extracted_frames/case_003/extraction_results.csv: name 'is_image_processed' is not defined,"Traceback (most recent call last):
  File ""/var/folders/1j/2k5xpt896fdb5rnbdm6nktnr0000gn/T/ipykernel_14640/3110420929.py"", line 61, in <module>
    if is_image_processed(img_path):
       ^^^^^^^^^^^^^^^^^^
NameError: name 'is_image_processed' is not defined
",/Volumes/TVault2/datasets/sugvu24/extracted_frames/case_003/extraction_results.csv,33.0,
2025-04-05 15:55:01,ROW_PROCESSING_ERROR,Error processing row 34 in file /Volumes/TVault2/datasets/sugvu24/extracted_frames/case_003/extraction_results.csv: name 'is_image_processed' is not defined,"Traceback (most recent call last):
  File ""/var/folders/1j/2k5xpt896fdb5rnbdm6nktnr0000gn/T/ipykernel_14640/3110420929.py"", line 61, in <module>
    if is_image_processed(img_path):
       ^^^^^^^^^^^^^^^^^^
NameError: name 'is_image_processed' is not defined
",/Volumes/TVault2/datasets/sugvu24/extracted_frames/case_003/extraction_results.csv,34.0,
2025-04-05 15:55:01,ROW_PROCESSING_ERROR,Error processing row 35 in file /Volumes/TVault2/datasets/sugvu24/extracted_frames/case_003/extraction_results.csv: name 'is_image_processed' is not defined,"Traceback (most recent call last):
  File ""/var/folders/1j/2k5xpt896fdb5rnbdm6nktnr0000gn/T/ipykernel_14640/3110420929.py"", line 61, in <module>
    if is_image_processed(img_path):
       ^^^^^^^^^^^^^^^^^^
NameError: name 'is_image_processed' is not defined
",/Volumes/TVault2/datasets/sugvu24/extracted_frames/case_003/extraction_results.csv,35.0,
2025-04-05 15:55:01,ROW_PROCESSING_ERROR,Error processing row 36 in file /Volumes/TVault2/datasets/sugvu24/extracted_frames/case_003/extraction_results.csv: name 'is_image_processed' is not defined,"Traceback (most recent call last):
  File ""/var/folders/1j/2k5xpt896fdb5rnbdm6nktnr0000gn/T/ipykernel_14640/3110420929.py"", line 61, in <module>
    if is_image_processed(img_path):
       ^^^^^^^^^^^^^^^^^^
NameError: name 'is_image_processed' is not defined
",/Volumes/TVault2/datasets/sugvu24/extracted_frames/case_003/extraction_results.csv,36.0,
2025-04-05 15:55:01,ROW_PROCESSING_ERROR,Error processing row 37 in file /Volumes/TVault2/datasets/sugvu24/extracted_frames/case_003/extraction_results.csv: name 'is_image_processed' is not defined,"Traceback (most recent call last):
  File ""/var/folders/1j/2k5xpt896fdb5rnbdm6nktnr0000gn/T/ipykernel_14640/3110420929.py"", line 61, in <module>
    if is_image_processed(img_path):
       ^^^^^^^^^^^^^^^^^^
NameError: name 'is_image_processed' is not defined
",/Volumes/TVault2/datasets/sugvu24/extracted_frames/case_003/extraction_results.csv,37.0,
2025-04-05 15:55:01,ROW_PROCESSING_ERROR,Error processing row 38 in file /Volumes/TVault2/datasets/sugvu24/extracted_frames/case_003/extraction_results.csv: name 'is_image_processed' is not defined,"Traceback (most recent call last):
  File ""/var/folders/1j/2k5xpt896fdb5rnbdm6nktnr0000gn/T/ipykernel_14640/3110420929.py"", line 61, in <module>
    if is_image_processed(img_path):
       ^^^^^^^^^^^^^^^^^^
NameError: name 'is_image_processed' is not defined
",/Volumes/TVault2/datasets/sugvu24/extracted_frames/case_003/extraction_results.csv,38.0,
2025-04-05 15:55:01,ROW_PROCESSING_ERROR,Error processing row 39 in file /Volumes/TVault2/datasets/sugvu24/extracted_frames/case_003/extraction_results.csv: name 'is_image_processed' is not defined,"Traceback (most recent call last):
  File ""/var/folders/1j/2k5xpt896fdb5rnbdm6nktnr0000gn/T/ipykernel_14640/3110420929.py"", line 61, in <module>
    if is_image_processed(img_path):
       ^^^^^^^^^^^^^^^^^^
NameError: name 'is_image_processed' is not defined
",/Volumes/TVault2/datasets/sugvu24/extracted_frames/case_003/extraction_results.csv,39.0,
2025-04-05 15:55:01,ROW_PROCESSING_ERROR,Error processing row 40 in file /Volumes/TVault2/datasets/sugvu24/extracted_frames/case_003/extraction_results.csv: name 'is_image_processed' is not defined,"Traceback (most recent call last):
  File ""/var/folders/1j/2k5xpt896fdb5rnbdm6nktnr0000gn/T/ipykernel_14640/3110420929.py"", line 61, in <module>
    if is_image_processed(img_path):
       ^^^^^^^^^^^^^^^^^^
NameError: name 'is_image_processed' is not defined
",/Volumes/TVault2/datasets/sugvu24/extracted_frames/case_003/extraction_results.csv,40.0,
2025-04-05 15:55:01,ROW_PROCESSING_ERROR,Error processing row 41 in file /Volumes/TVault2/datasets/sugvu24/extracted_frames/case_003/extraction_results.csv: name 'is_image_processed' is not defined,"Traceback (most recent call last):
  File ""/var/folders/1j/2k5xpt896fdb5rnbdm6nktnr0000gn/T/ipykernel_14640/3110420929.py"", line 61, in <module>
    if is_image_processed(img_path):
       ^^^^^^^^^^^^^^^^^^
NameError: name 'is_image_processed' is not defined
",/Volumes/TVault2/datasets/sugvu24/extracted_frames/case_003/extraction_results.csv,41.0,
2025-04-05 15:55:01,ROW_PROCESSING_ERROR,Error processing row 42 in file /Volumes/TVault2/datasets/sugvu24/extracted_frames/case_003/extraction_results.csv: name 'is_image_processed' is not defined,"Traceback (most recent call last):
  File ""/var/folders/1j/2k5xpt896fdb5rnbdm6nktnr0000gn/T/ipykernel_14640/3110420929.py"", line 61, in <module>
    if is_image_processed(img_path):
       ^^^^^^^^^^^^^^^^^^
NameError: name 'is_image_processed' is not defined
",/Volumes/TVault2/datasets/sugvu24/extracted_frames/case_003/extraction_results.csv,42.0,
2025-04-05 15:55:01,ROW_PROCESSING_ERROR,Error processing row 43 in file /Volumes/TVault2/datasets/sugvu24/extracted_frames/case_003/extraction_results.csv: name 'is_image_processed' is not defined,"Traceback (most recent call last):
  File ""/var/folders/1j/2k5xpt896fdb5rnbdm6nktnr0000gn/T/ipykernel_14640/3110420929.py"", line 61, in <module>
    if is_image_processed(img_path):
       ^^^^^^^^^^^^^^^^^^
NameError: name 'is_image_processed' is not defined
",/Volumes/TVault2/datasets/sugvu24/extracted_frames/case_003/extraction_results.csv,43.0,
2025-04-05 15:55:01,ROW_PROCESSING_ERROR,Error processing row 44 in file /Volumes/TVault2/datasets/sugvu24/extracted_frames/case_003/extraction_results.csv: name 'is_image_processed' is not defined,"Traceback (most recent call last):
  File ""/var/folders/1j/2k5xpt896fdb5rnbdm6nktnr0000gn/T/ipykernel_14640/3110420929.py"", line 61, in <module>
    if is_image_processed(img_path):
       ^^^^^^^^^^^^^^^^^^
NameError: name 'is_image_processed' is not defined
",/Volumes/TVault2/datasets/sugvu24/extracted_frames/case_003/extraction_results.csv,44.0,
2025-04-05 15:55:01,ROW_PROCESSING_ERROR,Error processing row 45 in file /Volumes/TVault2/datasets/sugvu24/extracted_frames/case_003/extraction_results.csv: name 'is_image_processed' is not defined,"Traceback (most recent call last):
  File ""/var/folders/1j/2k5xpt896fdb5rnbdm6nktnr0000gn/T/ipykernel_14640/3110420929.py"", line 61, in <module>
    if is_image_processed(img_path):
       ^^^^^^^^^^^^^^^^^^
NameError: name 'is_image_processed' is not defined
",/Volumes/TVault2/datasets/sugvu24/extracted_frames/case_003/extraction_results.csv,45.0,
2025-04-05 15:55:02,ROW_PROCESSING_ERROR,Error processing row 46 in file /Volumes/TVault2/datasets/sugvu24/extracted_frames/case_003/extraction_results.csv: name 'is_image_processed' is not defined,"Traceback (most recent call last):
  File ""/var/folders/1j/2k5xpt896fdb5rnbdm6nktnr0000gn/T/ipykernel_14640/3110420929.py"", line 61, in <module>
    if is_image_processed(img_path):
       ^^^^^^^^^^^^^^^^^^
NameError: name 'is_image_processed' is not defined
",/Volumes/TVault2/datasets/sugvu24/extracted_frames/case_003/extraction_results.csv,46.0,
2025-04-05 15:55:02,ROW_PROCESSING_ERROR,Error processing row 47 in file /Volumes/TVault2/datasets/sugvu24/extracted_frames/case_003/extraction_results.csv: name 'is_image_processed' is not defined,"Traceback (most recent call last):
  File ""/var/folders/1j/2k5xpt896fdb5rnbdm6nktnr0000gn/T/ipykernel_14640/3110420929.py"", line 61, in <module>
    if is_image_processed(img_path):
       ^^^^^^^^^^^^^^^^^^
NameError: name 'is_image_processed' is not defined
",/Volumes/TVault2/datasets/sugvu24/extracted_frames/case_003/extraction_results.csv,47.0,
2025-04-05 15:55:02,ROW_PROCESSING_ERROR,Error processing row 48 in file /Volumes/TVault2/datasets/sugvu24/extracted_frames/case_003/extraction_results.csv: name 'is_image_processed' is not defined,"Traceback (most recent call last):
  File ""/var/folders/1j/2k5xpt896fdb5rnbdm6nktnr0000gn/T/ipykernel_14640/3110420929.py"", line 61, in <module>
    if is_image_processed(img_path):
       ^^^^^^^^^^^^^^^^^^
NameError: name 'is_image_processed' is not defined
",/Volumes/TVault2/datasets/sugvu24/extracted_frames/case_003/extraction_results.csv,48.0,
2025-04-05 15:55:02,ROW_PROCESSING_ERROR,Error processing row 49 in file /Volumes/TVault2/datasets/sugvu24/extracted_frames/case_003/extraction_results.csv: name 'is_image_processed' is not defined,"Traceback (most recent call last):
  File ""/var/folders/1j/2k5xpt896fdb5rnbdm6nktnr0000gn/T/ipykernel_14640/3110420929.py"", line 61, in <module>
    if is_image_processed(img_path):
       ^^^^^^^^^^^^^^^^^^
NameError: name 'is_image_processed' is not defined
",/Volumes/TVault2/datasets/sugvu24/extracted_frames/case_003/extraction_results.csv,49.0,
2025-04-05 15:55:02,ROW_PROCESSING_ERROR,Error processing row 50 in file /Volumes/TVault2/datasets/sugvu24/extracted_frames/case_003/extraction_results.csv: name 'is_image_processed' is not defined,"Traceback (most recent call last):
  File ""/var/folders/1j/2k5xpt896fdb5rnbdm6nktnr0000gn/T/ipykernel_14640/3110420929.py"", line 61, in <module>
    if is_image_processed(img_path):
       ^^^^^^^^^^^^^^^^^^
NameError: name 'is_image_processed' is not defined
",/Volumes/TVault2/datasets/sugvu24/extracted_frames/case_003/extraction_results.csv,50.0,
2025-04-05 15:55:02,ROW_PROCESSING_ERROR,Error processing row 51 in file /Volumes/TVault2/datasets/sugvu24/extracted_frames/case_003/extraction_results.csv: name 'is_image_processed' is not defined,"Traceback (most recent call last):
  File ""/var/folders/1j/2k5xpt896fdb5rnbdm6nktnr0000gn/T/ipykernel_14640/3110420929.py"", line 61, in <module>
    if is_image_processed(img_path):
       ^^^^^^^^^^^^^^^^^^
NameError: name 'is_image_processed' is not defined
",/Volumes/TVault2/datasets/sugvu24/extracted_frames/case_003/extraction_results.csv,51.0,
2025-04-05 15:55:02,ROW_PROCESSING_ERROR,Error processing row 52 in file /Volumes/TVault2/datasets/sugvu24/extracted_frames/case_003/extraction_results.csv: name 'is_image_processed' is not defined,"Traceback (most recent call last):
  File ""/var/folders/1j/2k5xpt896fdb5rnbdm6nktnr0000gn/T/ipykernel_14640/3110420929.py"", line 61, in <module>
    if is_image_processed(img_path):
       ^^^^^^^^^^^^^^^^^^
NameError: name 'is_image_processed' is not defined
",/Volumes/TVault2/datasets/sugvu24/extracted_frames/case_003/extraction_results.csv,52.0,
2025-04-05 15:55:02,ROW_PROCESSING_ERROR,Error processing row 53 in file /Volumes/TVault2/datasets/sugvu24/extracted_frames/case_003/extraction_results.csv: name 'is_image_processed' is not defined,"Traceback (most recent call last):
  File ""/var/folders/1j/2k5xpt896fdb5rnbdm6nktnr0000gn/T/ipykernel_14640/3110420929.py"", line 61, in <module>
    if is_image_processed(img_path):
       ^^^^^^^^^^^^^^^^^^
NameError: name 'is_image_processed' is not defined
",/Volumes/TVault2/datasets/sugvu24/extracted_frames/case_003/extraction_results.csv,53.0,
2025-04-05 15:55:02,ROW_PROCESSING_ERROR,Error processing row 54 in file /Volumes/TVault2/datasets/sugvu24/extracted_frames/case_003/extraction_results.csv: name 'is_image_processed' is not defined,"Traceback (most recent call last):
  File ""/var/folders/1j/2k5xpt896fdb5rnbdm6nktnr0000gn/T/ipykernel_14640/3110420929.py"", line 61, in <module>
    if is_image_processed(img_path):
       ^^^^^^^^^^^^^^^^^^
NameError: name 'is_image_processed' is not defined
",/Volumes/TVault2/datasets/sugvu24/extracted_frames/case_003/extraction_results.csv,54.0,
2025-04-05 15:55:02,ROW_PROCESSING_ERROR,"Error processing row 55 in file /Volumes/TVault2/datasets/sugvu24/extracted_frames/case_003/extraction_results.csv: join() argument must be str, bytes, or os.PathLike object, not 'float'","Traceback (most recent call last):
  File ""/var/folders/1j/2k5xpt896fdb5rnbdm6nktnr0000gn/T/ipykernel_14640/3110420929.py"", line 58, in <module>
    img_path = os.path.join(root, frame_file)
               ^^^^^^^^^^^^^^^^^^^^^^^^^^^^^^
  File ""<frozen posixpath>"", line 90, in join
  File ""<frozen genericpath>"", line 164, in _check_arg_types
TypeError: join() argument must be str, bytes, or os.PathLike object, not 'float'
",/Volumes/TVault2/datasets/sugvu24/extracted_frames/case_003/extraction_results.csv,55.0,
2025-04-05 15:55:02,ROW_PROCESSING_ERROR,"Error processing row 56 in file /Volumes/TVault2/datasets/sugvu24/extracted_frames/case_003/extraction_results.csv: join() argument must be str, bytes, or os.PathLike object, not 'float'","Traceback (most recent call last):
  File ""/var/folders/1j/2k5xpt896fdb5rnbdm6nktnr0000gn/T/ipykernel_14640/3110420929.py"", line 58, in <module>
    img_path = os.path.join(root, frame_file)
               ^^^^^^^^^^^^^^^^^^^^^^^^^^^^^^
  File ""<frozen posixpath>"", line 90, in join
  File ""<frozen genericpath>"", line 164, in _check_arg_types
TypeError: join() argument must be str, bytes, or os.PathLike object, not 'float'
",/Volumes/TVault2/datasets/sugvu24/extracted_frames/case_003/extraction_results.csv,56.0,
2025-04-05 15:55:02,ROW_PROCESSING_ERROR,"Error processing row 57 in file /Volumes/TVault2/datasets/sugvu24/extracted_frames/case_003/extraction_results.csv: join() argument must be str, bytes, or os.PathLike object, not 'float'","Traceback (most recent call last):
  File ""/var/folders/1j/2k5xpt896fdb5rnbdm6nktnr0000gn/T/ipykernel_14640/3110420929.py"", line 58, in <module>
    img_path = os.path.join(root, frame_file)
               ^^^^^^^^^^^^^^^^^^^^^^^^^^^^^^
  File ""<frozen posixpath>"", line 90, in join
  File ""<frozen genericpath>"", line 164, in _check_arg_types
TypeError: join() argument must be str, bytes, or os.PathLike object, not 'float'
",/Volumes/TVault2/datasets/sugvu24/extracted_frames/case_003/extraction_results.csv,57.0,
2025-04-05 15:55:02,ROW_PROCESSING_ERROR,"Error processing row 58 in file /Volumes/TVault2/datasets/sugvu24/extracted_frames/case_003/extraction_results.csv: join() argument must be str, bytes, or os.PathLike object, not 'float'","Traceback (most recent call last):
  File ""/var/folders/1j/2k5xpt896fdb5rnbdm6nktnr0000gn/T/ipykernel_14640/3110420929.py"", line 58, in <module>
    img_path = os.path.join(root, frame_file)
               ^^^^^^^^^^^^^^^^^^^^^^^^^^^^^^
  File ""<frozen posixpath>"", line 90, in join
  File ""<frozen genericpath>"", line 164, in _check_arg_types
TypeError: join() argument must be str, bytes, or os.PathLike object, not 'float'
",/Volumes/TVault2/datasets/sugvu24/extracted_frames/case_003/extraction_results.csv,58.0,
2025-04-05 15:55:02,ROW_PROCESSING_ERROR,"Error processing row 59 in file /Volumes/TVault2/datasets/sugvu24/extracted_frames/case_003/extraction_results.csv: join() argument must be str, bytes, or os.PathLike object, not 'float'","Traceback (most recent call last):
  File ""/var/folders/1j/2k5xpt896fdb5rnbdm6nktnr0000gn/T/ipykernel_14640/3110420929.py"", line 58, in <module>
    img_path = os.path.join(root, frame_file)
               ^^^^^^^^^^^^^^^^^^^^^^^^^^^^^^
  File ""<frozen posixpath>"", line 90, in join
  File ""<frozen genericpath>"", line 164, in _check_arg_types
TypeError: join() argument must be str, bytes, or os.PathLike object, not 'float'
",/Volumes/TVault2/datasets/sugvu24/extracted_frames/case_003/extraction_results.csv,59.0,
2025-04-05 15:55:02,ROW_PROCESSING_ERROR,"Error processing row 60 in file /Volumes/TVault2/datasets/sugvu24/extracted_frames/case_003/extraction_results.csv: join() argument must be str, bytes, or os.PathLike object, not 'float'","Traceback (most recent call last):
  File ""/var/folders/1j/2k5xpt896fdb5rnbdm6nktnr0000gn/T/ipykernel_14640/3110420929.py"", line 58, in <module>
    img_path = os.path.join(root, frame_file)
               ^^^^^^^^^^^^^^^^^^^^^^^^^^^^^^
  File ""<frozen posixpath>"", line 90, in join
  File ""<frozen genericpath>"", line 164, in _check_arg_types
TypeError: join() argument must be str, bytes, or os.PathLike object, not 'float'
",/Volumes/TVault2/datasets/sugvu24/extracted_frames/case_003/extraction_results.csv,60.0,
2025-04-05 15:55:02,ROW_PROCESSING_ERROR,"Error processing row 61 in file /Volumes/TVault2/datasets/sugvu24/extracted_frames/case_003/extraction_results.csv: join() argument must be str, bytes, or os.PathLike object, not 'float'","Traceback (most recent call last):
  File ""/var/folders/1j/2k5xpt896fdb5rnbdm6nktnr0000gn/T/ipykernel_14640/3110420929.py"", line 58, in <module>
    img_path = os.path.join(root, frame_file)
               ^^^^^^^^^^^^^^^^^^^^^^^^^^^^^^
  File ""<frozen posixpath>"", line 90, in join
  File ""<frozen genericpath>"", line 164, in _check_arg_types
TypeError: join() argument must be str, bytes, or os.PathLike object, not 'float'
",/Volumes/TVault2/datasets/sugvu24/extracted_frames/case_003/extraction_results.csv,61.0,
2025-04-05 15:55:02,ROW_PROCESSING_ERROR,Error processing row 62 in file /Volumes/TVault2/datasets/sugvu24/extracted_frames/case_003/extraction_results.csv: name 'is_image_processed' is not defined,"Traceback (most recent call last):
  File ""/var/folders/1j/2k5xpt896fdb5rnbdm6nktnr0000gn/T/ipykernel_14640/3110420929.py"", line 61, in <module>
    if is_image_processed(img_path):
       ^^^^^^^^^^^^^^^^^^
NameError: name 'is_image_processed' is not defined
",/Volumes/TVault2/datasets/sugvu24/extracted_frames/case_003/extraction_results.csv,62.0,
2025-04-05 15:55:02,ROW_PROCESSING_ERROR,Error processing row 63 in file /Volumes/TVault2/datasets/sugvu24/extracted_frames/case_003/extraction_results.csv: name 'is_image_processed' is not defined,"Traceback (most recent call last):
  File ""/var/folders/1j/2k5xpt896fdb5rnbdm6nktnr0000gn/T/ipykernel_14640/3110420929.py"", line 61, in <module>
    if is_image_processed(img_path):
       ^^^^^^^^^^^^^^^^^^
NameError: name 'is_image_processed' is not defined
",/Volumes/TVault2/datasets/sugvu24/extracted_frames/case_003/extraction_results.csv,63.0,
2025-04-05 15:55:02,ROW_PROCESSING_ERROR,Error processing row 64 in file /Volumes/TVault2/datasets/sugvu24/extracted_frames/case_003/extraction_results.csv: name 'is_image_processed' is not defined,"Traceback (most recent call last):
  File ""/var/folders/1j/2k5xpt896fdb5rnbdm6nktnr0000gn/T/ipykernel_14640/3110420929.py"", line 61, in <module>
    if is_image_processed(img_path):
       ^^^^^^^^^^^^^^^^^^
NameError: name 'is_image_processed' is not defined
",/Volumes/TVault2/datasets/sugvu24/extracted_frames/case_003/extraction_results.csv,64.0,
2025-04-05 15:55:02,ROW_PROCESSING_ERROR,Error processing row 65 in file /Volumes/TVault2/datasets/sugvu24/extracted_frames/case_003/extraction_results.csv: name 'is_image_processed' is not defined,"Traceback (most recent call last):
  File ""/var/folders/1j/2k5xpt896fdb5rnbdm6nktnr0000gn/T/ipykernel_14640/3110420929.py"", line 61, in <module>
    if is_image_processed(img_path):
       ^^^^^^^^^^^^^^^^^^
NameError: name 'is_image_processed' is not defined
",/Volumes/TVault2/datasets/sugvu24/extracted_frames/case_003/extraction_results.csv,65.0,
2025-04-05 15:55:02,ROW_PROCESSING_ERROR,Error processing row 66 in file /Volumes/TVault2/datasets/sugvu24/extracted_frames/case_003/extraction_results.csv: name 'is_image_processed' is not defined,"Traceback (most recent call last):
  File ""/var/folders/1j/2k5xpt896fdb5rnbdm6nktnr0000gn/T/ipykernel_14640/3110420929.py"", line 61, in <module>
    if is_image_processed(img_path):
       ^^^^^^^^^^^^^^^^^^
NameError: name 'is_image_processed' is not defined
",/Volumes/TVault2/datasets/sugvu24/extracted_frames/case_003/extraction_results.csv,66.0,
2025-04-05 15:55:02,ROW_PROCESSING_ERROR,Error processing row 67 in file /Volumes/TVault2/datasets/sugvu24/extracted_frames/case_003/extraction_results.csv: name 'is_image_processed' is not defined,"Traceback (most recent call last):
  File ""/var/folders/1j/2k5xpt896fdb5rnbdm6nktnr0000gn/T/ipykernel_14640/3110420929.py"", line 61, in <module>
    if is_image_processed(img_path):
       ^^^^^^^^^^^^^^^^^^
NameError: name 'is_image_processed' is not defined
",/Volumes/TVault2/datasets/sugvu24/extracted_frames/case_003/extraction_results.csv,67.0,
2025-04-05 15:55:02,ROW_PROCESSING_ERROR,Error processing row 68 in file /Volumes/TVault2/datasets/sugvu24/extracted_frames/case_003/extraction_results.csv: name 'is_image_processed' is not defined,"Traceback (most recent call last):
  File ""/var/folders/1j/2k5xpt896fdb5rnbdm6nktnr0000gn/T/ipykernel_14640/3110420929.py"", line 61, in <module>
    if is_image_processed(img_path):
       ^^^^^^^^^^^^^^^^^^
NameError: name 'is_image_processed' is not defined
",/Volumes/TVault2/datasets/sugvu24/extracted_frames/case_003/extraction_results.csv,68.0,
2025-04-05 15:55:02,ROW_PROCESSING_ERROR,Error processing row 69 in file /Volumes/TVault2/datasets/sugvu24/extracted_frames/case_003/extraction_results.csv: name 'is_image_processed' is not defined,"Traceback (most recent call last):
  File ""/var/folders/1j/2k5xpt896fdb5rnbdm6nktnr0000gn/T/ipykernel_14640/3110420929.py"", line 61, in <module>
    if is_image_processed(img_path):
       ^^^^^^^^^^^^^^^^^^
NameError: name 'is_image_processed' is not defined
",/Volumes/TVault2/datasets/sugvu24/extracted_frames/case_003/extraction_results.csv,69.0,
2025-04-05 15:55:02,ROW_PROCESSING_ERROR,Error processing row 70 in file /Volumes/TVault2/datasets/sugvu24/extracted_frames/case_003/extraction_results.csv: name 'is_image_processed' is not defined,"Traceback (most recent call last):
  File ""/var/folders/1j/2k5xpt896fdb5rnbdm6nktnr0000gn/T/ipykernel_14640/3110420929.py"", line 61, in <module>
    if is_image_processed(img_path):
       ^^^^^^^^^^^^^^^^^^
NameError: name 'is_image_processed' is not defined
",/Volumes/TVault2/datasets/sugvu24/extracted_frames/case_003/extraction_results.csv,70.0,
2025-04-05 15:55:02,ROW_PROCESSING_ERROR,Error processing row 71 in file /Volumes/TVault2/datasets/sugvu24/extracted_frames/case_003/extraction_results.csv: name 'is_image_processed' is not defined,"Traceback (most recent call last):
  File ""/var/folders/1j/2k5xpt896fdb5rnbdm6nktnr0000gn/T/ipykernel_14640/3110420929.py"", line 61, in <module>
    if is_image_processed(img_path):
       ^^^^^^^^^^^^^^^^^^
NameError: name 'is_image_processed' is not defined
",/Volumes/TVault2/datasets/sugvu24/extracted_frames/case_003/extraction_results.csv,71.0,
2025-04-05 15:55:02,ROW_PROCESSING_ERROR,Error processing row 72 in file /Volumes/TVault2/datasets/sugvu24/extracted_frames/case_003/extraction_results.csv: name 'is_image_processed' is not defined,"Traceback (most recent call last):
  File ""/var/folders/1j/2k5xpt896fdb5rnbdm6nktnr0000gn/T/ipykernel_14640/3110420929.py"", line 61, in <module>
    if is_image_processed(img_path):
       ^^^^^^^^^^^^^^^^^^
NameError: name 'is_image_processed' is not defined
",/Volumes/TVault2/datasets/sugvu24/extracted_frames/case_003/extraction_results.csv,72.0,
2025-04-05 15:55:02,ROW_PROCESSING_ERROR,Error processing row 73 in file /Volumes/TVault2/datasets/sugvu24/extracted_frames/case_003/extraction_results.csv: name 'is_image_processed' is not defined,"Traceback (most recent call last):
  File ""/var/folders/1j/2k5xpt896fdb5rnbdm6nktnr0000gn/T/ipykernel_14640/3110420929.py"", line 61, in <module>
    if is_image_processed(img_path):
       ^^^^^^^^^^^^^^^^^^
NameError: name 'is_image_processed' is not defined
",/Volumes/TVault2/datasets/sugvu24/extracted_frames/case_003/extraction_results.csv,73.0,
2025-04-05 15:55:02,ROW_PROCESSING_ERROR,"Error processing row 74 in file /Volumes/TVault2/datasets/sugvu24/extracted_frames/case_003/extraction_results.csv: join() argument must be str, bytes, or os.PathLike object, not 'float'","Traceback (most recent call last):
  File ""/var/folders/1j/2k5xpt896fdb5rnbdm6nktnr0000gn/T/ipykernel_14640/3110420929.py"", line 58, in <module>
    img_path = os.path.join(root, frame_file)
               ^^^^^^^^^^^^^^^^^^^^^^^^^^^^^^
  File ""<frozen posixpath>"", line 90, in join
  File ""<frozen genericpath>"", line 164, in _check_arg_types
TypeError: join() argument must be str, bytes, or os.PathLike object, not 'float'
",/Volumes/TVault2/datasets/sugvu24/extracted_frames/case_003/extraction_results.csv,74.0,
2025-04-05 15:55:02,ROW_PROCESSING_ERROR,"Error processing row 75 in file /Volumes/TVault2/datasets/sugvu24/extracted_frames/case_003/extraction_results.csv: join() argument must be str, bytes, or os.PathLike object, not 'float'","Traceback (most recent call last):
  File ""/var/folders/1j/2k5xpt896fdb5rnbdm6nktnr0000gn/T/ipykernel_14640/3110420929.py"", line 58, in <module>
    img_path = os.path.join(root, frame_file)
               ^^^^^^^^^^^^^^^^^^^^^^^^^^^^^^
  File ""<frozen posixpath>"", line 90, in join
  File ""<frozen genericpath>"", line 164, in _check_arg_types
TypeError: join() argument must be str, bytes, or os.PathLike object, not 'float'
",/Volumes/TVault2/datasets/sugvu24/extracted_frames/case_003/extraction_results.csv,75.0,
2025-04-05 15:55:02,ROW_PROCESSING_ERROR,"Error processing row 76 in file /Volumes/TVault2/datasets/sugvu24/extracted_frames/case_003/extraction_results.csv: join() argument must be str, bytes, or os.PathLike object, not 'float'","Traceback (most recent call last):
  File ""/var/folders/1j/2k5xpt896fdb5rnbdm6nktnr0000gn/T/ipykernel_14640/3110420929.py"", line 58, in <module>
    img_path = os.path.join(root, frame_file)
               ^^^^^^^^^^^^^^^^^^^^^^^^^^^^^^
  File ""<frozen posixpath>"", line 90, in join
  File ""<frozen genericpath>"", line 164, in _check_arg_types
TypeError: join() argument must be str, bytes, or os.PathLike object, not 'float'
",/Volumes/TVault2/datasets/sugvu24/extracted_frames/case_003/extraction_results.csv,76.0,
2025-04-05 15:55:02,ROW_PROCESSING_ERROR,"Error processing row 77 in file /Volumes/TVault2/datasets/sugvu24/extracted_frames/case_003/extraction_results.csv: join() argument must be str, bytes, or os.PathLike object, not 'float'","Traceback (most recent call last):
  File ""/var/folders/1j/2k5xpt896fdb5rnbdm6nktnr0000gn/T/ipykernel_14640/3110420929.py"", line 58, in <module>
    img_path = os.path.join(root, frame_file)
               ^^^^^^^^^^^^^^^^^^^^^^^^^^^^^^
  File ""<frozen posixpath>"", line 90, in join
  File ""<frozen genericpath>"", line 164, in _check_arg_types
TypeError: join() argument must be str, bytes, or os.PathLike object, not 'float'
",/Volumes/TVault2/datasets/sugvu24/extracted_frames/case_003/extraction_results.csv,77.0,
2025-04-05 15:55:02,ROW_PROCESSING_ERROR,"Error processing row 78 in file /Volumes/TVault2/datasets/sugvu24/extracted_frames/case_003/extraction_results.csv: join() argument must be str, bytes, or os.PathLike object, not 'float'","Traceback (most recent call last):
  File ""/var/folders/1j/2k5xpt896fdb5rnbdm6nktnr0000gn/T/ipykernel_14640/3110420929.py"", line 58, in <module>
    img_path = os.path.join(root, frame_file)
               ^^^^^^^^^^^^^^^^^^^^^^^^^^^^^^
  File ""<frozen posixpath>"", line 90, in join
  File ""<frozen genericpath>"", line 164, in _check_arg_types
TypeError: join() argument must be str, bytes, or os.PathLike object, not 'float'
",/Volumes/TVault2/datasets/sugvu24/extracted_frames/case_003/extraction_results.csv,78.0,
2025-04-05 15:55:02,ROW_PROCESSING_ERROR,"Error processing row 79 in file /Volumes/TVault2/datasets/sugvu24/extracted_frames/case_003/extraction_results.csv: join() argument must be str, bytes, or os.PathLike object, not 'float'","Traceback (most recent call last):
  File ""/var/folders/1j/2k5xpt896fdb5rnbdm6nktnr0000gn/T/ipykernel_14640/3110420929.py"", line 58, in <module>
    img_path = os.path.join(root, frame_file)
               ^^^^^^^^^^^^^^^^^^^^^^^^^^^^^^
  File ""<frozen posixpath>"", line 90, in join
  File ""<frozen genericpath>"", line 164, in _check_arg_types
TypeError: join() argument must be str, bytes, or os.PathLike object, not 'float'
",/Volumes/TVault2/datasets/sugvu24/extracted_frames/case_003/extraction_results.csv,79.0,
2025-04-05 15:55:02,ROW_PROCESSING_ERROR,"Error processing row 80 in file /Volumes/TVault2/datasets/sugvu24/extracted_frames/case_003/extraction_results.csv: join() argument must be str, bytes, or os.PathLike object, not 'float'","Traceback (most recent call last):
  File ""/var/folders/1j/2k5xpt896fdb5rnbdm6nktnr0000gn/T/ipykernel_14640/3110420929.py"", line 58, in <module>
    img_path = os.path.join(root, frame_file)
               ^^^^^^^^^^^^^^^^^^^^^^^^^^^^^^
  File ""<frozen posixpath>"", line 90, in join
  File ""<frozen genericpath>"", line 164, in _check_arg_types
TypeError: join() argument must be str, bytes, or os.PathLike object, not 'float'
",/Volumes/TVault2/datasets/sugvu24/extracted_frames/case_003/extraction_results.csv,80.0,
2025-04-05 15:55:02,ROW_PROCESSING_ERROR,"Error processing row 81 in file /Volumes/TVault2/datasets/sugvu24/extracted_frames/case_003/extraction_results.csv: join() argument must be str, bytes, or os.PathLike object, not 'float'","Traceback (most recent call last):
  File ""/var/folders/1j/2k5xpt896fdb5rnbdm6nktnr0000gn/T/ipykernel_14640/3110420929.py"", line 58, in <module>
    img_path = os.path.join(root, frame_file)
               ^^^^^^^^^^^^^^^^^^^^^^^^^^^^^^
  File ""<frozen posixpath>"", line 90, in join
  File ""<frozen genericpath>"", line 164, in _check_arg_types
TypeError: join() argument must be str, bytes, or os.PathLike object, not 'float'
",/Volumes/TVault2/datasets/sugvu24/extracted_frames/case_003/extraction_results.csv,81.0,
2025-04-05 15:55:02,ROW_PROCESSING_ERROR,"Error processing row 82 in file /Volumes/TVault2/datasets/sugvu24/extracted_frames/case_003/extraction_results.csv: join() argument must be str, bytes, or os.PathLike object, not 'float'","Traceback (most recent call last):
  File ""/var/folders/1j/2k5xpt896fdb5rnbdm6nktnr0000gn/T/ipykernel_14640/3110420929.py"", line 58, in <module>
    img_path = os.path.join(root, frame_file)
               ^^^^^^^^^^^^^^^^^^^^^^^^^^^^^^
  File ""<frozen posixpath>"", line 90, in join
  File ""<frozen genericpath>"", line 164, in _check_arg_types
TypeError: join() argument must be str, bytes, or os.PathLike object, not 'float'
",/Volumes/TVault2/datasets/sugvu24/extracted_frames/case_003/extraction_results.csv,82.0,
2025-04-05 15:55:02,ROW_PROCESSING_ERROR,"Error processing row 83 in file /Volumes/TVault2/datasets/sugvu24/extracted_frames/case_003/extraction_results.csv: join() argument must be str, bytes, or os.PathLike object, not 'float'","Traceback (most recent call last):
  File ""/var/folders/1j/2k5xpt896fdb5rnbdm6nktnr0000gn/T/ipykernel_14640/3110420929.py"", line 58, in <module>
    img_path = os.path.join(root, frame_file)
               ^^^^^^^^^^^^^^^^^^^^^^^^^^^^^^
  File ""<frozen posixpath>"", line 90, in join
  File ""<frozen genericpath>"", line 164, in _check_arg_types
TypeError: join() argument must be str, bytes, or os.PathLike object, not 'float'
",/Volumes/TVault2/datasets/sugvu24/extracted_frames/case_003/extraction_results.csv,83.0,
2025-04-05 15:55:02,ROW_PROCESSING_ERROR,"Error processing row 84 in file /Volumes/TVault2/datasets/sugvu24/extracted_frames/case_003/extraction_results.csv: join() argument must be str, bytes, or os.PathLike object, not 'float'","Traceback (most recent call last):
  File ""/var/folders/1j/2k5xpt896fdb5rnbdm6nktnr0000gn/T/ipykernel_14640/3110420929.py"", line 58, in <module>
    img_path = os.path.join(root, frame_file)
               ^^^^^^^^^^^^^^^^^^^^^^^^^^^^^^
  File ""<frozen posixpath>"", line 90, in join
  File ""<frozen genericpath>"", line 164, in _check_arg_types
TypeError: join() argument must be str, bytes, or os.PathLike object, not 'float'
",/Volumes/TVault2/datasets/sugvu24/extracted_frames/case_003/extraction_results.csv,84.0,
2025-04-05 15:55:02,ROW_PROCESSING_ERROR,"Error processing row 85 in file /Volumes/TVault2/datasets/sugvu24/extracted_frames/case_003/extraction_results.csv: join() argument must be str, bytes, or os.PathLike object, not 'float'","Traceback (most recent call last):
  File ""/var/folders/1j/2k5xpt896fdb5rnbdm6nktnr0000gn/T/ipykernel_14640/3110420929.py"", line 58, in <module>
    img_path = os.path.join(root, frame_file)
               ^^^^^^^^^^^^^^^^^^^^^^^^^^^^^^
  File ""<frozen posixpath>"", line 90, in join
  File ""<frozen genericpath>"", line 164, in _check_arg_types
TypeError: join() argument must be str, bytes, or os.PathLike object, not 'float'
",/Volumes/TVault2/datasets/sugvu24/extracted_frames/case_003/extraction_results.csv,85.0,
2025-04-05 15:55:02,ROW_PROCESSING_ERROR,"Error processing row 86 in file /Volumes/TVault2/datasets/sugvu24/extracted_frames/case_003/extraction_results.csv: join() argument must be str, bytes, or os.PathLike object, not 'float'","Traceback (most recent call last):
  File ""/var/folders/1j/2k5xpt896fdb5rnbdm6nktnr0000gn/T/ipykernel_14640/3110420929.py"", line 58, in <module>
    img_path = os.path.join(root, frame_file)
               ^^^^^^^^^^^^^^^^^^^^^^^^^^^^^^
  File ""<frozen posixpath>"", line 90, in join
  File ""<frozen genericpath>"", line 164, in _check_arg_types
TypeError: join() argument must be str, bytes, or os.PathLike object, not 'float'
",/Volumes/TVault2/datasets/sugvu24/extracted_frames/case_003/extraction_results.csv,86.0,
2025-04-05 15:55:02,ROW_PROCESSING_ERROR,"Error processing row 87 in file /Volumes/TVault2/datasets/sugvu24/extracted_frames/case_003/extraction_results.csv: join() argument must be str, bytes, or os.PathLike object, not 'float'","Traceback (most recent call last):
  File ""/var/folders/1j/2k5xpt896fdb5rnbdm6nktnr0000gn/T/ipykernel_14640/3110420929.py"", line 58, in <module>
    img_path = os.path.join(root, frame_file)
               ^^^^^^^^^^^^^^^^^^^^^^^^^^^^^^
  File ""<frozen posixpath>"", line 90, in join
  File ""<frozen genericpath>"", line 164, in _check_arg_types
TypeError: join() argument must be str, bytes, or os.PathLike object, not 'float'
",/Volumes/TVault2/datasets/sugvu24/extracted_frames/case_003/extraction_results.csv,87.0,
2025-04-05 15:55:02,ROW_PROCESSING_ERROR,Error processing row 88 in file /Volumes/TVault2/datasets/sugvu24/extracted_frames/case_003/extraction_results.csv: name 'is_image_processed' is not defined,"Traceback (most recent call last):
  File ""/var/folders/1j/2k5xpt896fdb5rnbdm6nktnr0000gn/T/ipykernel_14640/3110420929.py"", line 61, in <module>
    if is_image_processed(img_path):
       ^^^^^^^^^^^^^^^^^^
NameError: name 'is_image_processed' is not defined
",/Volumes/TVault2/datasets/sugvu24/extracted_frames/case_003/extraction_results.csv,88.0,
2025-04-05 15:55:02,ROW_PROCESSING_ERROR,Error processing row 89 in file /Volumes/TVault2/datasets/sugvu24/extracted_frames/case_003/extraction_results.csv: name 'is_image_processed' is not defined,"Traceback (most recent call last):
  File ""/var/folders/1j/2k5xpt896fdb5rnbdm6nktnr0000gn/T/ipykernel_14640/3110420929.py"", line 61, in <module>
    if is_image_processed(img_path):
       ^^^^^^^^^^^^^^^^^^
NameError: name 'is_image_processed' is not defined
",/Volumes/TVault2/datasets/sugvu24/extracted_frames/case_003/extraction_results.csv,89.0,
2025-04-05 15:55:02,ROW_PROCESSING_ERROR,Error processing row 90 in file /Volumes/TVault2/datasets/sugvu24/extracted_frames/case_003/extraction_results.csv: name 'is_image_processed' is not defined,"Traceback (most recent call last):
  File ""/var/folders/1j/2k5xpt896fdb5rnbdm6nktnr0000gn/T/ipykernel_14640/3110420929.py"", line 61, in <module>
    if is_image_processed(img_path):
       ^^^^^^^^^^^^^^^^^^
NameError: name 'is_image_processed' is not defined
",/Volumes/TVault2/datasets/sugvu24/extracted_frames/case_003/extraction_results.csv,90.0,
2025-04-05 15:55:02,ROW_PROCESSING_ERROR,Error processing row 91 in file /Volumes/TVault2/datasets/sugvu24/extracted_frames/case_003/extraction_results.csv: name 'is_image_processed' is not defined,"Traceback (most recent call last):
  File ""/var/folders/1j/2k5xpt896fdb5rnbdm6nktnr0000gn/T/ipykernel_14640/3110420929.py"", line 61, in <module>
    if is_image_processed(img_path):
       ^^^^^^^^^^^^^^^^^^
NameError: name 'is_image_processed' is not defined
",/Volumes/TVault2/datasets/sugvu24/extracted_frames/case_003/extraction_results.csv,91.0,
2025-04-05 15:55:02,ROW_PROCESSING_ERROR,Error processing row 92 in file /Volumes/TVault2/datasets/sugvu24/extracted_frames/case_003/extraction_results.csv: name 'is_image_processed' is not defined,"Traceback (most recent call last):
  File ""/var/folders/1j/2k5xpt896fdb5rnbdm6nktnr0000gn/T/ipykernel_14640/3110420929.py"", line 61, in <module>
    if is_image_processed(img_path):
       ^^^^^^^^^^^^^^^^^^
NameError: name 'is_image_processed' is not defined
",/Volumes/TVault2/datasets/sugvu24/extracted_frames/case_003/extraction_results.csv,92.0,
2025-04-05 15:55:02,ROW_PROCESSING_ERROR,Error processing row 93 in file /Volumes/TVault2/datasets/sugvu24/extracted_frames/case_003/extraction_results.csv: name 'is_image_processed' is not defined,"Traceback (most recent call last):
  File ""/var/folders/1j/2k5xpt896fdb5rnbdm6nktnr0000gn/T/ipykernel_14640/3110420929.py"", line 61, in <module>
    if is_image_processed(img_path):
       ^^^^^^^^^^^^^^^^^^
NameError: name 'is_image_processed' is not defined
",/Volumes/TVault2/datasets/sugvu24/extracted_frames/case_003/extraction_results.csv,93.0,
2025-04-05 15:55:02,ROW_PROCESSING_ERROR,Error processing row 94 in file /Volumes/TVault2/datasets/sugvu24/extracted_frames/case_003/extraction_results.csv: name 'is_image_processed' is not defined,"Traceback (most recent call last):
  File ""/var/folders/1j/2k5xpt896fdb5rnbdm6nktnr0000gn/T/ipykernel_14640/3110420929.py"", line 61, in <module>
    if is_image_processed(img_path):
       ^^^^^^^^^^^^^^^^^^
NameError: name 'is_image_processed' is not defined
",/Volumes/TVault2/datasets/sugvu24/extracted_frames/case_003/extraction_results.csv,94.0,
2025-04-05 15:55:02,ROW_PROCESSING_ERROR,Error processing row 0 in file /Volumes/TVault2/datasets/sugvu24/extracted_frames/case_004/extraction_results.csv: name 'is_image_processed' is not defined,"Traceback (most recent call last):
  File ""/var/folders/1j/2k5xpt896fdb5rnbdm6nktnr0000gn/T/ipykernel_14640/3110420929.py"", line 61, in <module>
    if is_image_processed(img_path):
       ^^^^^^^^^^^^^^^^^^
NameError: name 'is_image_processed' is not defined
",/Volumes/TVault2/datasets/sugvu24/extracted_frames/case_004/extraction_results.csv,0.0,
2025-04-05 15:55:02,ROW_PROCESSING_ERROR,Error processing row 1 in file /Volumes/TVault2/datasets/sugvu24/extracted_frames/case_004/extraction_results.csv: name 'is_image_processed' is not defined,"Traceback (most recent call last):
  File ""/var/folders/1j/2k5xpt896fdb5rnbdm6nktnr0000gn/T/ipykernel_14640/3110420929.py"", line 61, in <module>
    if is_image_processed(img_path):
       ^^^^^^^^^^^^^^^^^^
NameError: name 'is_image_processed' is not defined
",/Volumes/TVault2/datasets/sugvu24/extracted_frames/case_004/extraction_results.csv,1.0,
2025-04-05 15:55:02,ROW_PROCESSING_ERROR,Error processing row 2 in file /Volumes/TVault2/datasets/sugvu24/extracted_frames/case_004/extraction_results.csv: name 'is_image_processed' is not defined,"Traceback (most recent call last):
  File ""/var/folders/1j/2k5xpt896fdb5rnbdm6nktnr0000gn/T/ipykernel_14640/3110420929.py"", line 61, in <module>
    if is_image_processed(img_path):
       ^^^^^^^^^^^^^^^^^^
NameError: name 'is_image_processed' is not defined
",/Volumes/TVault2/datasets/sugvu24/extracted_frames/case_004/extraction_results.csv,2.0,
2025-04-05 15:55:02,ROW_PROCESSING_ERROR,Error processing row 3 in file /Volumes/TVault2/datasets/sugvu24/extracted_frames/case_004/extraction_results.csv: name 'is_image_processed' is not defined,"Traceback (most recent call last):
  File ""/var/folders/1j/2k5xpt896fdb5rnbdm6nktnr0000gn/T/ipykernel_14640/3110420929.py"", line 61, in <module>
    if is_image_processed(img_path):
       ^^^^^^^^^^^^^^^^^^
NameError: name 'is_image_processed' is not defined
",/Volumes/TVault2/datasets/sugvu24/extracted_frames/case_004/extraction_results.csv,3.0,
2025-04-05 15:55:02,ROW_PROCESSING_ERROR,Error processing row 4 in file /Volumes/TVault2/datasets/sugvu24/extracted_frames/case_004/extraction_results.csv: name 'is_image_processed' is not defined,"Traceback (most recent call last):
  File ""/var/folders/1j/2k5xpt896fdb5rnbdm6nktnr0000gn/T/ipykernel_14640/3110420929.py"", line 61, in <module>
    if is_image_processed(img_path):
       ^^^^^^^^^^^^^^^^^^
NameError: name 'is_image_processed' is not defined
",/Volumes/TVault2/datasets/sugvu24/extracted_frames/case_004/extraction_results.csv,4.0,
2025-04-05 15:55:02,ROW_PROCESSING_ERROR,Error processing row 5 in file /Volumes/TVault2/datasets/sugvu24/extracted_frames/case_004/extraction_results.csv: name 'is_image_processed' is not defined,"Traceback (most recent call last):
  File ""/var/folders/1j/2k5xpt896fdb5rnbdm6nktnr0000gn/T/ipykernel_14640/3110420929.py"", line 61, in <module>
    if is_image_processed(img_path):
       ^^^^^^^^^^^^^^^^^^
NameError: name 'is_image_processed' is not defined
",/Volumes/TVault2/datasets/sugvu24/extracted_frames/case_004/extraction_results.csv,5.0,
2025-04-05 15:55:02,ROW_PROCESSING_ERROR,Error processing row 6 in file /Volumes/TVault2/datasets/sugvu24/extracted_frames/case_004/extraction_results.csv: name 'is_image_processed' is not defined,"Traceback (most recent call last):
  File ""/var/folders/1j/2k5xpt896fdb5rnbdm6nktnr0000gn/T/ipykernel_14640/3110420929.py"", line 61, in <module>
    if is_image_processed(img_path):
       ^^^^^^^^^^^^^^^^^^
NameError: name 'is_image_processed' is not defined
",/Volumes/TVault2/datasets/sugvu24/extracted_frames/case_004/extraction_results.csv,6.0,
2025-04-05 15:55:02,ROW_PROCESSING_ERROR,Error processing row 7 in file /Volumes/TVault2/datasets/sugvu24/extracted_frames/case_004/extraction_results.csv: name 'is_image_processed' is not defined,"Traceback (most recent call last):
  File ""/var/folders/1j/2k5xpt896fdb5rnbdm6nktnr0000gn/T/ipykernel_14640/3110420929.py"", line 61, in <module>
    if is_image_processed(img_path):
       ^^^^^^^^^^^^^^^^^^
NameError: name 'is_image_processed' is not defined
",/Volumes/TVault2/datasets/sugvu24/extracted_frames/case_004/extraction_results.csv,7.0,
2025-04-05 15:55:02,ROW_PROCESSING_ERROR,Error processing row 8 in file /Volumes/TVault2/datasets/sugvu24/extracted_frames/case_004/extraction_results.csv: name 'is_image_processed' is not defined,"Traceback (most recent call last):
  File ""/var/folders/1j/2k5xpt896fdb5rnbdm6nktnr0000gn/T/ipykernel_14640/3110420929.py"", line 61, in <module>
    if is_image_processed(img_path):
       ^^^^^^^^^^^^^^^^^^
NameError: name 'is_image_processed' is not defined
",/Volumes/TVault2/datasets/sugvu24/extracted_frames/case_004/extraction_results.csv,8.0,
2025-04-05 15:55:02,ROW_PROCESSING_ERROR,Error processing row 9 in file /Volumes/TVault2/datasets/sugvu24/extracted_frames/case_004/extraction_results.csv: name 'is_image_processed' is not defined,"Traceback (most recent call last):
  File ""/var/folders/1j/2k5xpt896fdb5rnbdm6nktnr0000gn/T/ipykernel_14640/3110420929.py"", line 61, in <module>
    if is_image_processed(img_path):
       ^^^^^^^^^^^^^^^^^^
NameError: name 'is_image_processed' is not defined
",/Volumes/TVault2/datasets/sugvu24/extracted_frames/case_004/extraction_results.csv,9.0,
2025-04-05 15:55:02,ROW_PROCESSING_ERROR,Error processing row 10 in file /Volumes/TVault2/datasets/sugvu24/extracted_frames/case_004/extraction_results.csv: name 'is_image_processed' is not defined,"Traceback (most recent call last):
  File ""/var/folders/1j/2k5xpt896fdb5rnbdm6nktnr0000gn/T/ipykernel_14640/3110420929.py"", line 61, in <module>
    if is_image_processed(img_path):
       ^^^^^^^^^^^^^^^^^^
NameError: name 'is_image_processed' is not defined
",/Volumes/TVault2/datasets/sugvu24/extracted_frames/case_004/extraction_results.csv,10.0,
2025-04-05 15:55:02,ROW_PROCESSING_ERROR,Error processing row 11 in file /Volumes/TVault2/datasets/sugvu24/extracted_frames/case_004/extraction_results.csv: name 'is_image_processed' is not defined,"Traceback (most recent call last):
  File ""/var/folders/1j/2k5xpt896fdb5rnbdm6nktnr0000gn/T/ipykernel_14640/3110420929.py"", line 61, in <module>
    if is_image_processed(img_path):
       ^^^^^^^^^^^^^^^^^^
NameError: name 'is_image_processed' is not defined
",/Volumes/TVault2/datasets/sugvu24/extracted_frames/case_004/extraction_results.csv,11.0,
2025-04-05 15:55:02,ROW_PROCESSING_ERROR,Error processing row 12 in file /Volumes/TVault2/datasets/sugvu24/extracted_frames/case_004/extraction_results.csv: name 'is_image_processed' is not defined,"Traceback (most recent call last):
  File ""/var/folders/1j/2k5xpt896fdb5rnbdm6nktnr0000gn/T/ipykernel_14640/3110420929.py"", line 61, in <module>
    if is_image_processed(img_path):
       ^^^^^^^^^^^^^^^^^^
NameError: name 'is_image_processed' is not defined
",/Volumes/TVault2/datasets/sugvu24/extracted_frames/case_004/extraction_results.csv,12.0,
2025-04-05 15:55:02,ROW_PROCESSING_ERROR,Error processing row 13 in file /Volumes/TVault2/datasets/sugvu24/extracted_frames/case_004/extraction_results.csv: name 'is_image_processed' is not defined,"Traceback (most recent call last):
  File ""/var/folders/1j/2k5xpt896fdb5rnbdm6nktnr0000gn/T/ipykernel_14640/3110420929.py"", line 61, in <module>
    if is_image_processed(img_path):
       ^^^^^^^^^^^^^^^^^^
NameError: name 'is_image_processed' is not defined
",/Volumes/TVault2/datasets/sugvu24/extracted_frames/case_004/extraction_results.csv,13.0,
2025-04-05 15:55:02,ROW_PROCESSING_ERROR,Error processing row 14 in file /Volumes/TVault2/datasets/sugvu24/extracted_frames/case_004/extraction_results.csv: name 'is_image_processed' is not defined,"Traceback (most recent call last):
  File ""/var/folders/1j/2k5xpt896fdb5rnbdm6nktnr0000gn/T/ipykernel_14640/3110420929.py"", line 61, in <module>
    if is_image_processed(img_path):
       ^^^^^^^^^^^^^^^^^^
NameError: name 'is_image_processed' is not defined
",/Volumes/TVault2/datasets/sugvu24/extracted_frames/case_004/extraction_results.csv,14.0,
2025-04-05 15:55:02,ROW_PROCESSING_ERROR,Error processing row 15 in file /Volumes/TVault2/datasets/sugvu24/extracted_frames/case_004/extraction_results.csv: name 'is_image_processed' is not defined,"Traceback (most recent call last):
  File ""/var/folders/1j/2k5xpt896fdb5rnbdm6nktnr0000gn/T/ipykernel_14640/3110420929.py"", line 61, in <module>
    if is_image_processed(img_path):
       ^^^^^^^^^^^^^^^^^^
NameError: name 'is_image_processed' is not defined
",/Volumes/TVault2/datasets/sugvu24/extracted_frames/case_004/extraction_results.csv,15.0,
2025-04-05 15:55:02,ROW_PROCESSING_ERROR,Error processing row 16 in file /Volumes/TVault2/datasets/sugvu24/extracted_frames/case_004/extraction_results.csv: name 'is_image_processed' is not defined,"Traceback (most recent call last):
  File ""/var/folders/1j/2k5xpt896fdb5rnbdm6nktnr0000gn/T/ipykernel_14640/3110420929.py"", line 61, in <module>
    if is_image_processed(img_path):
       ^^^^^^^^^^^^^^^^^^
NameError: name 'is_image_processed' is not defined
",/Volumes/TVault2/datasets/sugvu24/extracted_frames/case_004/extraction_results.csv,16.0,
2025-04-05 15:55:02,ROW_PROCESSING_ERROR,Error processing row 17 in file /Volumes/TVault2/datasets/sugvu24/extracted_frames/case_004/extraction_results.csv: name 'is_image_processed' is not defined,"Traceback (most recent call last):
  File ""/var/folders/1j/2k5xpt896fdb5rnbdm6nktnr0000gn/T/ipykernel_14640/3110420929.py"", line 61, in <module>
    if is_image_processed(img_path):
       ^^^^^^^^^^^^^^^^^^
NameError: name 'is_image_processed' is not defined
",/Volumes/TVault2/datasets/sugvu24/extracted_frames/case_004/extraction_results.csv,17.0,
2025-04-05 15:55:02,ROW_PROCESSING_ERROR,Error processing row 18 in file /Volumes/TVault2/datasets/sugvu24/extracted_frames/case_004/extraction_results.csv: name 'is_image_processed' is not defined,"Traceback (most recent call last):
  File ""/var/folders/1j/2k5xpt896fdb5rnbdm6nktnr0000gn/T/ipykernel_14640/3110420929.py"", line 61, in <module>
    if is_image_processed(img_path):
       ^^^^^^^^^^^^^^^^^^
NameError: name 'is_image_processed' is not defined
",/Volumes/TVault2/datasets/sugvu24/extracted_frames/case_004/extraction_results.csv,18.0,
2025-04-05 15:55:02,ROW_PROCESSING_ERROR,Error processing row 19 in file /Volumes/TVault2/datasets/sugvu24/extracted_frames/case_004/extraction_results.csv: name 'is_image_processed' is not defined,"Traceback (most recent call last):
  File ""/var/folders/1j/2k5xpt896fdb5rnbdm6nktnr0000gn/T/ipykernel_14640/3110420929.py"", line 61, in <module>
    if is_image_processed(img_path):
       ^^^^^^^^^^^^^^^^^^
NameError: name 'is_image_processed' is not defined
",/Volumes/TVault2/datasets/sugvu24/extracted_frames/case_004/extraction_results.csv,19.0,
2025-04-05 15:55:02,ROW_PROCESSING_ERROR,Error processing row 20 in file /Volumes/TVault2/datasets/sugvu24/extracted_frames/case_004/extraction_results.csv: name 'is_image_processed' is not defined,"Traceback (most recent call last):
  File ""/var/folders/1j/2k5xpt896fdb5rnbdm6nktnr0000gn/T/ipykernel_14640/3110420929.py"", line 61, in <module>
    if is_image_processed(img_path):
       ^^^^^^^^^^^^^^^^^^
NameError: name 'is_image_processed' is not defined
",/Volumes/TVault2/datasets/sugvu24/extracted_frames/case_004/extraction_results.csv,20.0,
2025-04-05 15:55:02,ROW_PROCESSING_ERROR,Error processing row 21 in file /Volumes/TVault2/datasets/sugvu24/extracted_frames/case_004/extraction_results.csv: name 'is_image_processed' is not defined,"Traceback (most recent call last):
  File ""/var/folders/1j/2k5xpt896fdb5rnbdm6nktnr0000gn/T/ipykernel_14640/3110420929.py"", line 61, in <module>
    if is_image_processed(img_path):
       ^^^^^^^^^^^^^^^^^^
NameError: name 'is_image_processed' is not defined
",/Volumes/TVault2/datasets/sugvu24/extracted_frames/case_004/extraction_results.csv,21.0,
2025-04-05 15:55:02,ROW_PROCESSING_ERROR,Error processing row 22 in file /Volumes/TVault2/datasets/sugvu24/extracted_frames/case_004/extraction_results.csv: name 'is_image_processed' is not defined,"Traceback (most recent call last):
  File ""/var/folders/1j/2k5xpt896fdb5rnbdm6nktnr0000gn/T/ipykernel_14640/3110420929.py"", line 61, in <module>
    if is_image_processed(img_path):
       ^^^^^^^^^^^^^^^^^^
NameError: name 'is_image_processed' is not defined
",/Volumes/TVault2/datasets/sugvu24/extracted_frames/case_004/extraction_results.csv,22.0,
2025-04-05 15:55:02,ROW_PROCESSING_ERROR,Error processing row 23 in file /Volumes/TVault2/datasets/sugvu24/extracted_frames/case_004/extraction_results.csv: name 'is_image_processed' is not defined,"Traceback (most recent call last):
  File ""/var/folders/1j/2k5xpt896fdb5rnbdm6nktnr0000gn/T/ipykernel_14640/3110420929.py"", line 61, in <module>
    if is_image_processed(img_path):
       ^^^^^^^^^^^^^^^^^^
NameError: name 'is_image_processed' is not defined
",/Volumes/TVault2/datasets/sugvu24/extracted_frames/case_004/extraction_results.csv,23.0,
2025-04-05 15:55:02,ROW_PROCESSING_ERROR,Error processing row 24 in file /Volumes/TVault2/datasets/sugvu24/extracted_frames/case_004/extraction_results.csv: name 'is_image_processed' is not defined,"Traceback (most recent call last):
  File ""/var/folders/1j/2k5xpt896fdb5rnbdm6nktnr0000gn/T/ipykernel_14640/3110420929.py"", line 61, in <module>
    if is_image_processed(img_path):
       ^^^^^^^^^^^^^^^^^^
NameError: name 'is_image_processed' is not defined
",/Volumes/TVault2/datasets/sugvu24/extracted_frames/case_004/extraction_results.csv,24.0,
2025-04-05 15:55:02,ROW_PROCESSING_ERROR,Error processing row 25 in file /Volumes/TVault2/datasets/sugvu24/extracted_frames/case_004/extraction_results.csv: name 'is_image_processed' is not defined,"Traceback (most recent call last):
  File ""/var/folders/1j/2k5xpt896fdb5rnbdm6nktnr0000gn/T/ipykernel_14640/3110420929.py"", line 61, in <module>
    if is_image_processed(img_path):
       ^^^^^^^^^^^^^^^^^^
NameError: name 'is_image_processed' is not defined
",/Volumes/TVault2/datasets/sugvu24/extracted_frames/case_004/extraction_results.csv,25.0,
2025-04-05 15:55:02,ROW_PROCESSING_ERROR,Error processing row 26 in file /Volumes/TVault2/datasets/sugvu24/extracted_frames/case_004/extraction_results.csv: name 'is_image_processed' is not defined,"Traceback (most recent call last):
  File ""/var/folders/1j/2k5xpt896fdb5rnbdm6nktnr0000gn/T/ipykernel_14640/3110420929.py"", line 61, in <module>
    if is_image_processed(img_path):
       ^^^^^^^^^^^^^^^^^^
NameError: name 'is_image_processed' is not defined
",/Volumes/TVault2/datasets/sugvu24/extracted_frames/case_004/extraction_results.csv,26.0,
2025-04-05 15:55:02,ROW_PROCESSING_ERROR,Error processing row 27 in file /Volumes/TVault2/datasets/sugvu24/extracted_frames/case_004/extraction_results.csv: name 'is_image_processed' is not defined,"Traceback (most recent call last):
  File ""/var/folders/1j/2k5xpt896fdb5rnbdm6nktnr0000gn/T/ipykernel_14640/3110420929.py"", line 61, in <module>
    if is_image_processed(img_path):
       ^^^^^^^^^^^^^^^^^^
NameError: name 'is_image_processed' is not defined
",/Volumes/TVault2/datasets/sugvu24/extracted_frames/case_004/extraction_results.csv,27.0,
2025-04-05 15:55:02,ROW_PROCESSING_ERROR,Error processing row 28 in file /Volumes/TVault2/datasets/sugvu24/extracted_frames/case_004/extraction_results.csv: name 'is_image_processed' is not defined,"Traceback (most recent call last):
  File ""/var/folders/1j/2k5xpt896fdb5rnbdm6nktnr0000gn/T/ipykernel_14640/3110420929.py"", line 61, in <module>
    if is_image_processed(img_path):
       ^^^^^^^^^^^^^^^^^^
NameError: name 'is_image_processed' is not defined
",/Volumes/TVault2/datasets/sugvu24/extracted_frames/case_004/extraction_results.csv,28.0,
2025-04-05 15:55:02,ROW_PROCESSING_ERROR,Error processing row 29 in file /Volumes/TVault2/datasets/sugvu24/extracted_frames/case_004/extraction_results.csv: name 'is_image_processed' is not defined,"Traceback (most recent call last):
  File ""/var/folders/1j/2k5xpt896fdb5rnbdm6nktnr0000gn/T/ipykernel_14640/3110420929.py"", line 61, in <module>
    if is_image_processed(img_path):
       ^^^^^^^^^^^^^^^^^^
NameError: name 'is_image_processed' is not defined
",/Volumes/TVault2/datasets/sugvu24/extracted_frames/case_004/extraction_results.csv,29.0,
2025-04-05 15:55:02,ROW_PROCESSING_ERROR,Error processing row 30 in file /Volumes/TVault2/datasets/sugvu24/extracted_frames/case_004/extraction_results.csv: name 'is_image_processed' is not defined,"Traceback (most recent call last):
  File ""/var/folders/1j/2k5xpt896fdb5rnbdm6nktnr0000gn/T/ipykernel_14640/3110420929.py"", line 61, in <module>
    if is_image_processed(img_path):
       ^^^^^^^^^^^^^^^^^^
NameError: name 'is_image_processed' is not defined
",/Volumes/TVault2/datasets/sugvu24/extracted_frames/case_004/extraction_results.csv,30.0,
2025-04-05 15:55:02,ROW_PROCESSING_ERROR,Error processing row 31 in file /Volumes/TVault2/datasets/sugvu24/extracted_frames/case_004/extraction_results.csv: name 'is_image_processed' is not defined,"Traceback (most recent call last):
  File ""/var/folders/1j/2k5xpt896fdb5rnbdm6nktnr0000gn/T/ipykernel_14640/3110420929.py"", line 61, in <module>
    if is_image_processed(img_path):
       ^^^^^^^^^^^^^^^^^^
NameError: name 'is_image_processed' is not defined
",/Volumes/TVault2/datasets/sugvu24/extracted_frames/case_004/extraction_results.csv,31.0,
2025-04-05 15:55:02,ROW_PROCESSING_ERROR,Error processing row 32 in file /Volumes/TVault2/datasets/sugvu24/extracted_frames/case_004/extraction_results.csv: name 'is_image_processed' is not defined,"Traceback (most recent call last):
  File ""/var/folders/1j/2k5xpt896fdb5rnbdm6nktnr0000gn/T/ipykernel_14640/3110420929.py"", line 61, in <module>
    if is_image_processed(img_path):
       ^^^^^^^^^^^^^^^^^^
NameError: name 'is_image_processed' is not defined
",/Volumes/TVault2/datasets/sugvu24/extracted_frames/case_004/extraction_results.csv,32.0,
2025-04-05 15:55:02,ROW_PROCESSING_ERROR,Error processing row 33 in file /Volumes/TVault2/datasets/sugvu24/extracted_frames/case_004/extraction_results.csv: name 'is_image_processed' is not defined,"Traceback (most recent call last):
  File ""/var/folders/1j/2k5xpt896fdb5rnbdm6nktnr0000gn/T/ipykernel_14640/3110420929.py"", line 61, in <module>
    if is_image_processed(img_path):
       ^^^^^^^^^^^^^^^^^^
NameError: name 'is_image_processed' is not defined
",/Volumes/TVault2/datasets/sugvu24/extracted_frames/case_004/extraction_results.csv,33.0,
2025-04-05 15:55:02,ROW_PROCESSING_ERROR,Error processing row 34 in file /Volumes/TVault2/datasets/sugvu24/extracted_frames/case_004/extraction_results.csv: name 'is_image_processed' is not defined,"Traceback (most recent call last):
  File ""/var/folders/1j/2k5xpt896fdb5rnbdm6nktnr0000gn/T/ipykernel_14640/3110420929.py"", line 61, in <module>
    if is_image_processed(img_path):
       ^^^^^^^^^^^^^^^^^^
NameError: name 'is_image_processed' is not defined
",/Volumes/TVault2/datasets/sugvu24/extracted_frames/case_004/extraction_results.csv,34.0,
2025-04-05 15:55:02,ROW_PROCESSING_ERROR,Error processing row 35 in file /Volumes/TVault2/datasets/sugvu24/extracted_frames/case_004/extraction_results.csv: name 'is_image_processed' is not defined,"Traceback (most recent call last):
  File ""/var/folders/1j/2k5xpt896fdb5rnbdm6nktnr0000gn/T/ipykernel_14640/3110420929.py"", line 61, in <module>
    if is_image_processed(img_path):
       ^^^^^^^^^^^^^^^^^^
NameError: name 'is_image_processed' is not defined
",/Volumes/TVault2/datasets/sugvu24/extracted_frames/case_004/extraction_results.csv,35.0,
2025-04-05 15:55:02,ROW_PROCESSING_ERROR,Error processing row 36 in file /Volumes/TVault2/datasets/sugvu24/extracted_frames/case_004/extraction_results.csv: name 'is_image_processed' is not defined,"Traceback (most recent call last):
  File ""/var/folders/1j/2k5xpt896fdb5rnbdm6nktnr0000gn/T/ipykernel_14640/3110420929.py"", line 61, in <module>
    if is_image_processed(img_path):
       ^^^^^^^^^^^^^^^^^^
NameError: name 'is_image_processed' is not defined
",/Volumes/TVault2/datasets/sugvu24/extracted_frames/case_004/extraction_results.csv,36.0,
2025-04-05 15:55:02,ROW_PROCESSING_ERROR,Error processing row 37 in file /Volumes/TVault2/datasets/sugvu24/extracted_frames/case_004/extraction_results.csv: name 'is_image_processed' is not defined,"Traceback (most recent call last):
  File ""/var/folders/1j/2k5xpt896fdb5rnbdm6nktnr0000gn/T/ipykernel_14640/3110420929.py"", line 61, in <module>
    if is_image_processed(img_path):
       ^^^^^^^^^^^^^^^^^^
NameError: name 'is_image_processed' is not defined
",/Volumes/TVault2/datasets/sugvu24/extracted_frames/case_004/extraction_results.csv,37.0,
2025-04-05 15:55:02,ROW_PROCESSING_ERROR,Error processing row 38 in file /Volumes/TVault2/datasets/sugvu24/extracted_frames/case_004/extraction_results.csv: name 'is_image_processed' is not defined,"Traceback (most recent call last):
  File ""/var/folders/1j/2k5xpt896fdb5rnbdm6nktnr0000gn/T/ipykernel_14640/3110420929.py"", line 61, in <module>
    if is_image_processed(img_path):
       ^^^^^^^^^^^^^^^^^^
NameError: name 'is_image_processed' is not defined
",/Volumes/TVault2/datasets/sugvu24/extracted_frames/case_004/extraction_results.csv,38.0,
2025-04-05 15:55:02,ROW_PROCESSING_ERROR,Error processing row 39 in file /Volumes/TVault2/datasets/sugvu24/extracted_frames/case_004/extraction_results.csv: name 'is_image_processed' is not defined,"Traceback (most recent call last):
  File ""/var/folders/1j/2k5xpt896fdb5rnbdm6nktnr0000gn/T/ipykernel_14640/3110420929.py"", line 61, in <module>
    if is_image_processed(img_path):
       ^^^^^^^^^^^^^^^^^^
NameError: name 'is_image_processed' is not defined
",/Volumes/TVault2/datasets/sugvu24/extracted_frames/case_004/extraction_results.csv,39.0,
2025-04-05 15:55:02,ROW_PROCESSING_ERROR,Error processing row 40 in file /Volumes/TVault2/datasets/sugvu24/extracted_frames/case_004/extraction_results.csv: name 'is_image_processed' is not defined,"Traceback (most recent call last):
  File ""/var/folders/1j/2k5xpt896fdb5rnbdm6nktnr0000gn/T/ipykernel_14640/3110420929.py"", line 61, in <module>
    if is_image_processed(img_path):
       ^^^^^^^^^^^^^^^^^^
NameError: name 'is_image_processed' is not defined
",/Volumes/TVault2/datasets/sugvu24/extracted_frames/case_004/extraction_results.csv,40.0,
2025-04-05 15:55:02,ROW_PROCESSING_ERROR,Error processing row 41 in file /Volumes/TVault2/datasets/sugvu24/extracted_frames/case_004/extraction_results.csv: name 'is_image_processed' is not defined,"Traceback (most recent call last):
  File ""/var/folders/1j/2k5xpt896fdb5rnbdm6nktnr0000gn/T/ipykernel_14640/3110420929.py"", line 61, in <module>
    if is_image_processed(img_path):
       ^^^^^^^^^^^^^^^^^^
NameError: name 'is_image_processed' is not defined
",/Volumes/TVault2/datasets/sugvu24/extracted_frames/case_004/extraction_results.csv,41.0,
2025-04-05 15:55:02,ROW_PROCESSING_ERROR,Error processing row 42 in file /Volumes/TVault2/datasets/sugvu24/extracted_frames/case_004/extraction_results.csv: name 'is_image_processed' is not defined,"Traceback (most recent call last):
  File ""/var/folders/1j/2k5xpt896fdb5rnbdm6nktnr0000gn/T/ipykernel_14640/3110420929.py"", line 61, in <module>
    if is_image_processed(img_path):
       ^^^^^^^^^^^^^^^^^^
NameError: name 'is_image_processed' is not defined
",/Volumes/TVault2/datasets/sugvu24/extracted_frames/case_004/extraction_results.csv,42.0,
2025-04-05 15:55:02,ROW_PROCESSING_ERROR,Error processing row 43 in file /Volumes/TVault2/datasets/sugvu24/extracted_frames/case_004/extraction_results.csv: name 'is_image_processed' is not defined,"Traceback (most recent call last):
  File ""/var/folders/1j/2k5xpt896fdb5rnbdm6nktnr0000gn/T/ipykernel_14640/3110420929.py"", line 61, in <module>
    if is_image_processed(img_path):
       ^^^^^^^^^^^^^^^^^^
NameError: name 'is_image_processed' is not defined
",/Volumes/TVault2/datasets/sugvu24/extracted_frames/case_004/extraction_results.csv,43.0,
2025-04-05 15:55:02,ROW_PROCESSING_ERROR,Error processing row 44 in file /Volumes/TVault2/datasets/sugvu24/extracted_frames/case_004/extraction_results.csv: name 'is_image_processed' is not defined,"Traceback (most recent call last):
  File ""/var/folders/1j/2k5xpt896fdb5rnbdm6nktnr0000gn/T/ipykernel_14640/3110420929.py"", line 61, in <module>
    if is_image_processed(img_path):
       ^^^^^^^^^^^^^^^^^^
NameError: name 'is_image_processed' is not defined
",/Volumes/TVault2/datasets/sugvu24/extracted_frames/case_004/extraction_results.csv,44.0,
2025-04-05 15:55:02,ROW_PROCESSING_ERROR,Error processing row 45 in file /Volumes/TVault2/datasets/sugvu24/extracted_frames/case_004/extraction_results.csv: name 'is_image_processed' is not defined,"Traceback (most recent call last):
  File ""/var/folders/1j/2k5xpt896fdb5rnbdm6nktnr0000gn/T/ipykernel_14640/3110420929.py"", line 61, in <module>
    if is_image_processed(img_path):
       ^^^^^^^^^^^^^^^^^^
NameError: name 'is_image_processed' is not defined
",/Volumes/TVault2/datasets/sugvu24/extracted_frames/case_004/extraction_results.csv,45.0,
2025-04-05 15:55:02,ROW_PROCESSING_ERROR,Error processing row 46 in file /Volumes/TVault2/datasets/sugvu24/extracted_frames/case_004/extraction_results.csv: name 'is_image_processed' is not defined,"Traceback (most recent call last):
  File ""/var/folders/1j/2k5xpt896fdb5rnbdm6nktnr0000gn/T/ipykernel_14640/3110420929.py"", line 61, in <module>
    if is_image_processed(img_path):
       ^^^^^^^^^^^^^^^^^^
NameError: name 'is_image_processed' is not defined
",/Volumes/TVault2/datasets/sugvu24/extracted_frames/case_004/extraction_results.csv,46.0,
2025-04-05 15:55:02,ROW_PROCESSING_ERROR,Error processing row 47 in file /Volumes/TVault2/datasets/sugvu24/extracted_frames/case_004/extraction_results.csv: name 'is_image_processed' is not defined,"Traceback (most recent call last):
  File ""/var/folders/1j/2k5xpt896fdb5rnbdm6nktnr0000gn/T/ipykernel_14640/3110420929.py"", line 61, in <module>
    if is_image_processed(img_path):
       ^^^^^^^^^^^^^^^^^^
NameError: name 'is_image_processed' is not defined
",/Volumes/TVault2/datasets/sugvu24/extracted_frames/case_004/extraction_results.csv,47.0,
2025-04-05 15:55:02,ROW_PROCESSING_ERROR,Error processing row 48 in file /Volumes/TVault2/datasets/sugvu24/extracted_frames/case_004/extraction_results.csv: name 'is_image_processed' is not defined,"Traceback (most recent call last):
  File ""/var/folders/1j/2k5xpt896fdb5rnbdm6nktnr0000gn/T/ipykernel_14640/3110420929.py"", line 61, in <module>
    if is_image_processed(img_path):
       ^^^^^^^^^^^^^^^^^^
NameError: name 'is_image_processed' is not defined
",/Volumes/TVault2/datasets/sugvu24/extracted_frames/case_004/extraction_results.csv,48.0,
2025-04-05 15:55:02,ROW_PROCESSING_ERROR,Error processing row 49 in file /Volumes/TVault2/datasets/sugvu24/extracted_frames/case_004/extraction_results.csv: name 'is_image_processed' is not defined,"Traceback (most recent call last):
  File ""/var/folders/1j/2k5xpt896fdb5rnbdm6nktnr0000gn/T/ipykernel_14640/3110420929.py"", line 61, in <module>
    if is_image_processed(img_path):
       ^^^^^^^^^^^^^^^^^^
NameError: name 'is_image_processed' is not defined
",/Volumes/TVault2/datasets/sugvu24/extracted_frames/case_004/extraction_results.csv,49.0,
2025-04-05 15:55:02,ROW_PROCESSING_ERROR,Error processing row 50 in file /Volumes/TVault2/datasets/sugvu24/extracted_frames/case_004/extraction_results.csv: name 'is_image_processed' is not defined,"Traceback (most recent call last):
  File ""/var/folders/1j/2k5xpt896fdb5rnbdm6nktnr0000gn/T/ipykernel_14640/3110420929.py"", line 61, in <module>
    if is_image_processed(img_path):
       ^^^^^^^^^^^^^^^^^^
NameError: name 'is_image_processed' is not defined
",/Volumes/TVault2/datasets/sugvu24/extracted_frames/case_004/extraction_results.csv,50.0,
2025-04-05 15:55:02,ROW_PROCESSING_ERROR,Error processing row 51 in file /Volumes/TVault2/datasets/sugvu24/extracted_frames/case_004/extraction_results.csv: name 'is_image_processed' is not defined,"Traceback (most recent call last):
  File ""/var/folders/1j/2k5xpt896fdb5rnbdm6nktnr0000gn/T/ipykernel_14640/3110420929.py"", line 61, in <module>
    if is_image_processed(img_path):
       ^^^^^^^^^^^^^^^^^^
NameError: name 'is_image_processed' is not defined
",/Volumes/TVault2/datasets/sugvu24/extracted_frames/case_004/extraction_results.csv,51.0,
2025-04-05 15:55:02,ROW_PROCESSING_ERROR,Error processing row 52 in file /Volumes/TVault2/datasets/sugvu24/extracted_frames/case_004/extraction_results.csv: name 'is_image_processed' is not defined,"Traceback (most recent call last):
  File ""/var/folders/1j/2k5xpt896fdb5rnbdm6nktnr0000gn/T/ipykernel_14640/3110420929.py"", line 61, in <module>
    if is_image_processed(img_path):
       ^^^^^^^^^^^^^^^^^^
NameError: name 'is_image_processed' is not defined
",/Volumes/TVault2/datasets/sugvu24/extracted_frames/case_004/extraction_results.csv,52.0,
2025-04-05 15:55:02,ROW_PROCESSING_ERROR,Error processing row 53 in file /Volumes/TVault2/datasets/sugvu24/extracted_frames/case_004/extraction_results.csv: name 'is_image_processed' is not defined,"Traceback (most recent call last):
  File ""/var/folders/1j/2k5xpt896fdb5rnbdm6nktnr0000gn/T/ipykernel_14640/3110420929.py"", line 61, in <module>
    if is_image_processed(img_path):
       ^^^^^^^^^^^^^^^^^^
NameError: name 'is_image_processed' is not defined
",/Volumes/TVault2/datasets/sugvu24/extracted_frames/case_004/extraction_results.csv,53.0,
2025-04-05 15:55:02,ROW_PROCESSING_ERROR,Error processing row 54 in file /Volumes/TVault2/datasets/sugvu24/extracted_frames/case_004/extraction_results.csv: name 'is_image_processed' is not defined,"Traceback (most recent call last):
  File ""/var/folders/1j/2k5xpt896fdb5rnbdm6nktnr0000gn/T/ipykernel_14640/3110420929.py"", line 61, in <module>
    if is_image_processed(img_path):
       ^^^^^^^^^^^^^^^^^^
NameError: name 'is_image_processed' is not defined
",/Volumes/TVault2/datasets/sugvu24/extracted_frames/case_004/extraction_results.csv,54.0,
2025-04-05 15:55:02,ROW_PROCESSING_ERROR,Error processing row 55 in file /Volumes/TVault2/datasets/sugvu24/extracted_frames/case_004/extraction_results.csv: name 'is_image_processed' is not defined,"Traceback (most recent call last):
  File ""/var/folders/1j/2k5xpt896fdb5rnbdm6nktnr0000gn/T/ipykernel_14640/3110420929.py"", line 61, in <module>
    if is_image_processed(img_path):
       ^^^^^^^^^^^^^^^^^^
NameError: name 'is_image_processed' is not defined
",/Volumes/TVault2/datasets/sugvu24/extracted_frames/case_004/extraction_results.csv,55.0,
2025-04-05 15:55:02,ROW_PROCESSING_ERROR,Error processing row 56 in file /Volumes/TVault2/datasets/sugvu24/extracted_frames/case_004/extraction_results.csv: name 'is_image_processed' is not defined,"Traceback (most recent call last):
  File ""/var/folders/1j/2k5xpt896fdb5rnbdm6nktnr0000gn/T/ipykernel_14640/3110420929.py"", line 61, in <module>
    if is_image_processed(img_path):
       ^^^^^^^^^^^^^^^^^^
NameError: name 'is_image_processed' is not defined
",/Volumes/TVault2/datasets/sugvu24/extracted_frames/case_004/extraction_results.csv,56.0,
2025-04-05 15:55:02,ROW_PROCESSING_ERROR,Error processing row 57 in file /Volumes/TVault2/datasets/sugvu24/extracted_frames/case_004/extraction_results.csv: name 'is_image_processed' is not defined,"Traceback (most recent call last):
  File ""/var/folders/1j/2k5xpt896fdb5rnbdm6nktnr0000gn/T/ipykernel_14640/3110420929.py"", line 61, in <module>
    if is_image_processed(img_path):
       ^^^^^^^^^^^^^^^^^^
NameError: name 'is_image_processed' is not defined
",/Volumes/TVault2/datasets/sugvu24/extracted_frames/case_004/extraction_results.csv,57.0,
2025-04-05 15:55:02,ROW_PROCESSING_ERROR,Error processing row 58 in file /Volumes/TVault2/datasets/sugvu24/extracted_frames/case_004/extraction_results.csv: name 'is_image_processed' is not defined,"Traceback (most recent call last):
  File ""/var/folders/1j/2k5xpt896fdb5rnbdm6nktnr0000gn/T/ipykernel_14640/3110420929.py"", line 61, in <module>
    if is_image_processed(img_path):
       ^^^^^^^^^^^^^^^^^^
NameError: name 'is_image_processed' is not defined
",/Volumes/TVault2/datasets/sugvu24/extracted_frames/case_004/extraction_results.csv,58.0,
2025-04-05 15:55:02,ROW_PROCESSING_ERROR,"Error processing row 59 in file /Volumes/TVault2/datasets/sugvu24/extracted_frames/case_004/extraction_results.csv: join() argument must be str, bytes, or os.PathLike object, not 'float'","Traceback (most recent call last):
  File ""/var/folders/1j/2k5xpt896fdb5rnbdm6nktnr0000gn/T/ipykernel_14640/3110420929.py"", line 58, in <module>
    img_path = os.path.join(root, frame_file)
               ^^^^^^^^^^^^^^^^^^^^^^^^^^^^^^
  File ""<frozen posixpath>"", line 90, in join
  File ""<frozen genericpath>"", line 164, in _check_arg_types
TypeError: join() argument must be str, bytes, or os.PathLike object, not 'float'
",/Volumes/TVault2/datasets/sugvu24/extracted_frames/case_004/extraction_results.csv,59.0,
2025-04-05 15:55:02,ROW_PROCESSING_ERROR,"Error processing row 60 in file /Volumes/TVault2/datasets/sugvu24/extracted_frames/case_004/extraction_results.csv: join() argument must be str, bytes, or os.PathLike object, not 'float'","Traceback (most recent call last):
  File ""/var/folders/1j/2k5xpt896fdb5rnbdm6nktnr0000gn/T/ipykernel_14640/3110420929.py"", line 58, in <module>
    img_path = os.path.join(root, frame_file)
               ^^^^^^^^^^^^^^^^^^^^^^^^^^^^^^
  File ""<frozen posixpath>"", line 90, in join
  File ""<frozen genericpath>"", line 164, in _check_arg_types
TypeError: join() argument must be str, bytes, or os.PathLike object, not 'float'
",/Volumes/TVault2/datasets/sugvu24/extracted_frames/case_004/extraction_results.csv,60.0,
2025-04-05 15:55:02,ROW_PROCESSING_ERROR,"Error processing row 61 in file /Volumes/TVault2/datasets/sugvu24/extracted_frames/case_004/extraction_results.csv: join() argument must be str, bytes, or os.PathLike object, not 'float'","Traceback (most recent call last):
  File ""/var/folders/1j/2k5xpt896fdb5rnbdm6nktnr0000gn/T/ipykernel_14640/3110420929.py"", line 58, in <module>
    img_path = os.path.join(root, frame_file)
               ^^^^^^^^^^^^^^^^^^^^^^^^^^^^^^
  File ""<frozen posixpath>"", line 90, in join
  File ""<frozen genericpath>"", line 164, in _check_arg_types
TypeError: join() argument must be str, bytes, or os.PathLike object, not 'float'
",/Volumes/TVault2/datasets/sugvu24/extracted_frames/case_004/extraction_results.csv,61.0,
2025-04-05 15:55:02,ROW_PROCESSING_ERROR,"Error processing row 62 in file /Volumes/TVault2/datasets/sugvu24/extracted_frames/case_004/extraction_results.csv: join() argument must be str, bytes, or os.PathLike object, not 'float'","Traceback (most recent call last):
  File ""/var/folders/1j/2k5xpt896fdb5rnbdm6nktnr0000gn/T/ipykernel_14640/3110420929.py"", line 58, in <module>
    img_path = os.path.join(root, frame_file)
               ^^^^^^^^^^^^^^^^^^^^^^^^^^^^^^
  File ""<frozen posixpath>"", line 90, in join
  File ""<frozen genericpath>"", line 164, in _check_arg_types
TypeError: join() argument must be str, bytes, or os.PathLike object, not 'float'
",/Volumes/TVault2/datasets/sugvu24/extracted_frames/case_004/extraction_results.csv,62.0,
2025-04-05 15:55:02,ROW_PROCESSING_ERROR,"Error processing row 63 in file /Volumes/TVault2/datasets/sugvu24/extracted_frames/case_004/extraction_results.csv: join() argument must be str, bytes, or os.PathLike object, not 'float'","Traceback (most recent call last):
  File ""/var/folders/1j/2k5xpt896fdb5rnbdm6nktnr0000gn/T/ipykernel_14640/3110420929.py"", line 58, in <module>
    img_path = os.path.join(root, frame_file)
               ^^^^^^^^^^^^^^^^^^^^^^^^^^^^^^
  File ""<frozen posixpath>"", line 90, in join
  File ""<frozen genericpath>"", line 164, in _check_arg_types
TypeError: join() argument must be str, bytes, or os.PathLike object, not 'float'
",/Volumes/TVault2/datasets/sugvu24/extracted_frames/case_004/extraction_results.csv,63.0,
2025-04-05 15:55:02,ROW_PROCESSING_ERROR,"Error processing row 64 in file /Volumes/TVault2/datasets/sugvu24/extracted_frames/case_004/extraction_results.csv: join() argument must be str, bytes, or os.PathLike object, not 'float'","Traceback (most recent call last):
  File ""/var/folders/1j/2k5xpt896fdb5rnbdm6nktnr0000gn/T/ipykernel_14640/3110420929.py"", line 58, in <module>
    img_path = os.path.join(root, frame_file)
               ^^^^^^^^^^^^^^^^^^^^^^^^^^^^^^
  File ""<frozen posixpath>"", line 90, in join
  File ""<frozen genericpath>"", line 164, in _check_arg_types
TypeError: join() argument must be str, bytes, or os.PathLike object, not 'float'
",/Volumes/TVault2/datasets/sugvu24/extracted_frames/case_004/extraction_results.csv,64.0,
2025-04-05 15:55:02,ROW_PROCESSING_ERROR,"Error processing row 65 in file /Volumes/TVault2/datasets/sugvu24/extracted_frames/case_004/extraction_results.csv: join() argument must be str, bytes, or os.PathLike object, not 'float'","Traceback (most recent call last):
  File ""/var/folders/1j/2k5xpt896fdb5rnbdm6nktnr0000gn/T/ipykernel_14640/3110420929.py"", line 58, in <module>
    img_path = os.path.join(root, frame_file)
               ^^^^^^^^^^^^^^^^^^^^^^^^^^^^^^
  File ""<frozen posixpath>"", line 90, in join
  File ""<frozen genericpath>"", line 164, in _check_arg_types
TypeError: join() argument must be str, bytes, or os.PathLike object, not 'float'
",/Volumes/TVault2/datasets/sugvu24/extracted_frames/case_004/extraction_results.csv,65.0,
2025-04-05 15:55:02,ROW_PROCESSING_ERROR,"Error processing row 66 in file /Volumes/TVault2/datasets/sugvu24/extracted_frames/case_004/extraction_results.csv: join() argument must be str, bytes, or os.PathLike object, not 'float'","Traceback (most recent call last):
  File ""/var/folders/1j/2k5xpt896fdb5rnbdm6nktnr0000gn/T/ipykernel_14640/3110420929.py"", line 58, in <module>
    img_path = os.path.join(root, frame_file)
               ^^^^^^^^^^^^^^^^^^^^^^^^^^^^^^
  File ""<frozen posixpath>"", line 90, in join
  File ""<frozen genericpath>"", line 164, in _check_arg_types
TypeError: join() argument must be str, bytes, or os.PathLike object, not 'float'
",/Volumes/TVault2/datasets/sugvu24/extracted_frames/case_004/extraction_results.csv,66.0,
2025-04-05 15:55:02,ROW_PROCESSING_ERROR,"Error processing row 67 in file /Volumes/TVault2/datasets/sugvu24/extracted_frames/case_004/extraction_results.csv: join() argument must be str, bytes, or os.PathLike object, not 'float'","Traceback (most recent call last):
  File ""/var/folders/1j/2k5xpt896fdb5rnbdm6nktnr0000gn/T/ipykernel_14640/3110420929.py"", line 58, in <module>
    img_path = os.path.join(root, frame_file)
               ^^^^^^^^^^^^^^^^^^^^^^^^^^^^^^
  File ""<frozen posixpath>"", line 90, in join
  File ""<frozen genericpath>"", line 164, in _check_arg_types
TypeError: join() argument must be str, bytes, or os.PathLike object, not 'float'
",/Volumes/TVault2/datasets/sugvu24/extracted_frames/case_004/extraction_results.csv,67.0,
2025-04-05 15:55:02,ROW_PROCESSING_ERROR,"Error processing row 68 in file /Volumes/TVault2/datasets/sugvu24/extracted_frames/case_004/extraction_results.csv: join() argument must be str, bytes, or os.PathLike object, not 'float'","Traceback (most recent call last):
  File ""/var/folders/1j/2k5xpt896fdb5rnbdm6nktnr0000gn/T/ipykernel_14640/3110420929.py"", line 58, in <module>
    img_path = os.path.join(root, frame_file)
               ^^^^^^^^^^^^^^^^^^^^^^^^^^^^^^
  File ""<frozen posixpath>"", line 90, in join
  File ""<frozen genericpath>"", line 164, in _check_arg_types
TypeError: join() argument must be str, bytes, or os.PathLike object, not 'float'
",/Volumes/TVault2/datasets/sugvu24/extracted_frames/case_004/extraction_results.csv,68.0,
2025-04-05 15:55:02,ROW_PROCESSING_ERROR,"Error processing row 69 in file /Volumes/TVault2/datasets/sugvu24/extracted_frames/case_004/extraction_results.csv: join() argument must be str, bytes, or os.PathLike object, not 'float'","Traceback (most recent call last):
  File ""/var/folders/1j/2k5xpt896fdb5rnbdm6nktnr0000gn/T/ipykernel_14640/3110420929.py"", line 58, in <module>
    img_path = os.path.join(root, frame_file)
               ^^^^^^^^^^^^^^^^^^^^^^^^^^^^^^
  File ""<frozen posixpath>"", line 90, in join
  File ""<frozen genericpath>"", line 164, in _check_arg_types
TypeError: join() argument must be str, bytes, or os.PathLike object, not 'float'
",/Volumes/TVault2/datasets/sugvu24/extracted_frames/case_004/extraction_results.csv,69.0,
2025-04-05 15:55:02,ROW_PROCESSING_ERROR,"Error processing row 70 in file /Volumes/TVault2/datasets/sugvu24/extracted_frames/case_004/extraction_results.csv: join() argument must be str, bytes, or os.PathLike object, not 'float'","Traceback (most recent call last):
  File ""/var/folders/1j/2k5xpt896fdb5rnbdm6nktnr0000gn/T/ipykernel_14640/3110420929.py"", line 58, in <module>
    img_path = os.path.join(root, frame_file)
               ^^^^^^^^^^^^^^^^^^^^^^^^^^^^^^
  File ""<frozen posixpath>"", line 90, in join
  File ""<frozen genericpath>"", line 164, in _check_arg_types
TypeError: join() argument must be str, bytes, or os.PathLike object, not 'float'
",/Volumes/TVault2/datasets/sugvu24/extracted_frames/case_004/extraction_results.csv,70.0,
2025-04-05 15:55:02,ROW_PROCESSING_ERROR,"Error processing row 71 in file /Volumes/TVault2/datasets/sugvu24/extracted_frames/case_004/extraction_results.csv: join() argument must be str, bytes, or os.PathLike object, not 'float'","Traceback (most recent call last):
  File ""/var/folders/1j/2k5xpt896fdb5rnbdm6nktnr0000gn/T/ipykernel_14640/3110420929.py"", line 58, in <module>
    img_path = os.path.join(root, frame_file)
               ^^^^^^^^^^^^^^^^^^^^^^^^^^^^^^
  File ""<frozen posixpath>"", line 90, in join
  File ""<frozen genericpath>"", line 164, in _check_arg_types
TypeError: join() argument must be str, bytes, or os.PathLike object, not 'float'
",/Volumes/TVault2/datasets/sugvu24/extracted_frames/case_004/extraction_results.csv,71.0,
2025-04-05 15:55:02,ROW_PROCESSING_ERROR,"Error processing row 72 in file /Volumes/TVault2/datasets/sugvu24/extracted_frames/case_004/extraction_results.csv: join() argument must be str, bytes, or os.PathLike object, not 'float'","Traceback (most recent call last):
  File ""/var/folders/1j/2k5xpt896fdb5rnbdm6nktnr0000gn/T/ipykernel_14640/3110420929.py"", line 58, in <module>
    img_path = os.path.join(root, frame_file)
               ^^^^^^^^^^^^^^^^^^^^^^^^^^^^^^
  File ""<frozen posixpath>"", line 90, in join
  File ""<frozen genericpath>"", line 164, in _check_arg_types
TypeError: join() argument must be str, bytes, or os.PathLike object, not 'float'
",/Volumes/TVault2/datasets/sugvu24/extracted_frames/case_004/extraction_results.csv,72.0,
2025-04-05 15:55:02,ROW_PROCESSING_ERROR,Error processing row 73 in file /Volumes/TVault2/datasets/sugvu24/extracted_frames/case_004/extraction_results.csv: name 'is_image_processed' is not defined,"Traceback (most recent call last):
  File ""/var/folders/1j/2k5xpt896fdb5rnbdm6nktnr0000gn/T/ipykernel_14640/3110420929.py"", line 61, in <module>
    if is_image_processed(img_path):
       ^^^^^^^^^^^^^^^^^^
NameError: name 'is_image_processed' is not defined
",/Volumes/TVault2/datasets/sugvu24/extracted_frames/case_004/extraction_results.csv,73.0,
2025-04-05 15:55:02,ROW_PROCESSING_ERROR,Error processing row 74 in file /Volumes/TVault2/datasets/sugvu24/extracted_frames/case_004/extraction_results.csv: name 'is_image_processed' is not defined,"Traceback (most recent call last):
  File ""/var/folders/1j/2k5xpt896fdb5rnbdm6nktnr0000gn/T/ipykernel_14640/3110420929.py"", line 61, in <module>
    if is_image_processed(img_path):
       ^^^^^^^^^^^^^^^^^^
NameError: name 'is_image_processed' is not defined
",/Volumes/TVault2/datasets/sugvu24/extracted_frames/case_004/extraction_results.csv,74.0,
2025-04-05 15:55:02,ROW_PROCESSING_ERROR,Error processing row 75 in file /Volumes/TVault2/datasets/sugvu24/extracted_frames/case_004/extraction_results.csv: name 'is_image_processed' is not defined,"Traceback (most recent call last):
  File ""/var/folders/1j/2k5xpt896fdb5rnbdm6nktnr0000gn/T/ipykernel_14640/3110420929.py"", line 61, in <module>
    if is_image_processed(img_path):
       ^^^^^^^^^^^^^^^^^^
NameError: name 'is_image_processed' is not defined
",/Volumes/TVault2/datasets/sugvu24/extracted_frames/case_004/extraction_results.csv,75.0,
2025-04-05 15:55:02,ROW_PROCESSING_ERROR,Error processing row 76 in file /Volumes/TVault2/datasets/sugvu24/extracted_frames/case_004/extraction_results.csv: name 'is_image_processed' is not defined,"Traceback (most recent call last):
  File ""/var/folders/1j/2k5xpt896fdb5rnbdm6nktnr0000gn/T/ipykernel_14640/3110420929.py"", line 61, in <module>
    if is_image_processed(img_path):
       ^^^^^^^^^^^^^^^^^^
NameError: name 'is_image_processed' is not defined
",/Volumes/TVault2/datasets/sugvu24/extracted_frames/case_004/extraction_results.csv,76.0,
2025-04-05 15:55:02,ROW_PROCESSING_ERROR,Error processing row 77 in file /Volumes/TVault2/datasets/sugvu24/extracted_frames/case_004/extraction_results.csv: name 'is_image_processed' is not defined,"Traceback (most recent call last):
  File ""/var/folders/1j/2k5xpt896fdb5rnbdm6nktnr0000gn/T/ipykernel_14640/3110420929.py"", line 61, in <module>
    if is_image_processed(img_path):
       ^^^^^^^^^^^^^^^^^^
NameError: name 'is_image_processed' is not defined
",/Volumes/TVault2/datasets/sugvu24/extracted_frames/case_004/extraction_results.csv,77.0,
2025-04-05 15:55:02,ROW_PROCESSING_ERROR,Error processing row 78 in file /Volumes/TVault2/datasets/sugvu24/extracted_frames/case_004/extraction_results.csv: name 'is_image_processed' is not defined,"Traceback (most recent call last):
  File ""/var/folders/1j/2k5xpt896fdb5rnbdm6nktnr0000gn/T/ipykernel_14640/3110420929.py"", line 61, in <module>
    if is_image_processed(img_path):
       ^^^^^^^^^^^^^^^^^^
NameError: name 'is_image_processed' is not defined
",/Volumes/TVault2/datasets/sugvu24/extracted_frames/case_004/extraction_results.csv,78.0,
2025-04-05 15:55:02,ROW_PROCESSING_ERROR,Error processing row 79 in file /Volumes/TVault2/datasets/sugvu24/extracted_frames/case_004/extraction_results.csv: name 'is_image_processed' is not defined,"Traceback (most recent call last):
  File ""/var/folders/1j/2k5xpt896fdb5rnbdm6nktnr0000gn/T/ipykernel_14640/3110420929.py"", line 61, in <module>
    if is_image_processed(img_path):
       ^^^^^^^^^^^^^^^^^^
NameError: name 'is_image_processed' is not defined
",/Volumes/TVault2/datasets/sugvu24/extracted_frames/case_004/extraction_results.csv,79.0,
2025-04-05 15:55:02,ROW_PROCESSING_ERROR,Error processing row 0 in file /Volumes/TVault2/datasets/sugvu24/extracted_frames/case_005/extraction_results.csv: name 'is_image_processed' is not defined,"Traceback (most recent call last):
  File ""/var/folders/1j/2k5xpt896fdb5rnbdm6nktnr0000gn/T/ipykernel_14640/3110420929.py"", line 61, in <module>
    if is_image_processed(img_path):
       ^^^^^^^^^^^^^^^^^^
NameError: name 'is_image_processed' is not defined
",/Volumes/TVault2/datasets/sugvu24/extracted_frames/case_005/extraction_results.csv,0.0,
2025-04-05 15:55:02,ROW_PROCESSING_ERROR,Error processing row 1 in file /Volumes/TVault2/datasets/sugvu24/extracted_frames/case_005/extraction_results.csv: name 'is_image_processed' is not defined,"Traceback (most recent call last):
  File ""/var/folders/1j/2k5xpt896fdb5rnbdm6nktnr0000gn/T/ipykernel_14640/3110420929.py"", line 61, in <module>
    if is_image_processed(img_path):
       ^^^^^^^^^^^^^^^^^^
NameError: name 'is_image_processed' is not defined
",/Volumes/TVault2/datasets/sugvu24/extracted_frames/case_005/extraction_results.csv,1.0,
2025-04-05 15:55:02,ROW_PROCESSING_ERROR,Error processing row 2 in file /Volumes/TVault2/datasets/sugvu24/extracted_frames/case_005/extraction_results.csv: name 'is_image_processed' is not defined,"Traceback (most recent call last):
  File ""/var/folders/1j/2k5xpt896fdb5rnbdm6nktnr0000gn/T/ipykernel_14640/3110420929.py"", line 61, in <module>
    if is_image_processed(img_path):
       ^^^^^^^^^^^^^^^^^^
NameError: name 'is_image_processed' is not defined
",/Volumes/TVault2/datasets/sugvu24/extracted_frames/case_005/extraction_results.csv,2.0,
2025-04-05 15:55:02,ROW_PROCESSING_ERROR,Error processing row 3 in file /Volumes/TVault2/datasets/sugvu24/extracted_frames/case_005/extraction_results.csv: name 'is_image_processed' is not defined,"Traceback (most recent call last):
  File ""/var/folders/1j/2k5xpt896fdb5rnbdm6nktnr0000gn/T/ipykernel_14640/3110420929.py"", line 61, in <module>
    if is_image_processed(img_path):
       ^^^^^^^^^^^^^^^^^^
NameError: name 'is_image_processed' is not defined
",/Volumes/TVault2/datasets/sugvu24/extracted_frames/case_005/extraction_results.csv,3.0,
2025-04-05 15:55:02,ROW_PROCESSING_ERROR,Error processing row 4 in file /Volumes/TVault2/datasets/sugvu24/extracted_frames/case_005/extraction_results.csv: name 'is_image_processed' is not defined,"Traceback (most recent call last):
  File ""/var/folders/1j/2k5xpt896fdb5rnbdm6nktnr0000gn/T/ipykernel_14640/3110420929.py"", line 61, in <module>
    if is_image_processed(img_path):
       ^^^^^^^^^^^^^^^^^^
NameError: name 'is_image_processed' is not defined
",/Volumes/TVault2/datasets/sugvu24/extracted_frames/case_005/extraction_results.csv,4.0,
2025-04-05 15:55:02,ROW_PROCESSING_ERROR,Error processing row 5 in file /Volumes/TVault2/datasets/sugvu24/extracted_frames/case_005/extraction_results.csv: name 'is_image_processed' is not defined,"Traceback (most recent call last):
  File ""/var/folders/1j/2k5xpt896fdb5rnbdm6nktnr0000gn/T/ipykernel_14640/3110420929.py"", line 61, in <module>
    if is_image_processed(img_path):
       ^^^^^^^^^^^^^^^^^^
NameError: name 'is_image_processed' is not defined
",/Volumes/TVault2/datasets/sugvu24/extracted_frames/case_005/extraction_results.csv,5.0,
2025-04-05 15:55:02,ROW_PROCESSING_ERROR,Error processing row 6 in file /Volumes/TVault2/datasets/sugvu24/extracted_frames/case_005/extraction_results.csv: name 'is_image_processed' is not defined,"Traceback (most recent call last):
  File ""/var/folders/1j/2k5xpt896fdb5rnbdm6nktnr0000gn/T/ipykernel_14640/3110420929.py"", line 61, in <module>
    if is_image_processed(img_path):
       ^^^^^^^^^^^^^^^^^^
NameError: name 'is_image_processed' is not defined
",/Volumes/TVault2/datasets/sugvu24/extracted_frames/case_005/extraction_results.csv,6.0,
2025-04-05 15:55:02,ROW_PROCESSING_ERROR,Error processing row 7 in file /Volumes/TVault2/datasets/sugvu24/extracted_frames/case_005/extraction_results.csv: name 'is_image_processed' is not defined,"Traceback (most recent call last):
  File ""/var/folders/1j/2k5xpt896fdb5rnbdm6nktnr0000gn/T/ipykernel_14640/3110420929.py"", line 61, in <module>
    if is_image_processed(img_path):
       ^^^^^^^^^^^^^^^^^^
NameError: name 'is_image_processed' is not defined
",/Volumes/TVault2/datasets/sugvu24/extracted_frames/case_005/extraction_results.csv,7.0,
2025-04-05 15:55:02,ROW_PROCESSING_ERROR,Error processing row 8 in file /Volumes/TVault2/datasets/sugvu24/extracted_frames/case_005/extraction_results.csv: name 'is_image_processed' is not defined,"Traceback (most recent call last):
  File ""/var/folders/1j/2k5xpt896fdb5rnbdm6nktnr0000gn/T/ipykernel_14640/3110420929.py"", line 61, in <module>
    if is_image_processed(img_path):
       ^^^^^^^^^^^^^^^^^^
NameError: name 'is_image_processed' is not defined
",/Volumes/TVault2/datasets/sugvu24/extracted_frames/case_005/extraction_results.csv,8.0,
2025-04-05 15:55:02,ROW_PROCESSING_ERROR,Error processing row 9 in file /Volumes/TVault2/datasets/sugvu24/extracted_frames/case_005/extraction_results.csv: name 'is_image_processed' is not defined,"Traceback (most recent call last):
  File ""/var/folders/1j/2k5xpt896fdb5rnbdm6nktnr0000gn/T/ipykernel_14640/3110420929.py"", line 61, in <module>
    if is_image_processed(img_path):
       ^^^^^^^^^^^^^^^^^^
NameError: name 'is_image_processed' is not defined
",/Volumes/TVault2/datasets/sugvu24/extracted_frames/case_005/extraction_results.csv,9.0,
2025-04-05 15:55:02,ROW_PROCESSING_ERROR,Error processing row 10 in file /Volumes/TVault2/datasets/sugvu24/extracted_frames/case_005/extraction_results.csv: name 'is_image_processed' is not defined,"Traceback (most recent call last):
  File ""/var/folders/1j/2k5xpt896fdb5rnbdm6nktnr0000gn/T/ipykernel_14640/3110420929.py"", line 61, in <module>
    if is_image_processed(img_path):
       ^^^^^^^^^^^^^^^^^^
NameError: name 'is_image_processed' is not defined
",/Volumes/TVault2/datasets/sugvu24/extracted_frames/case_005/extraction_results.csv,10.0,
2025-04-05 15:55:02,ROW_PROCESSING_ERROR,Error processing row 11 in file /Volumes/TVault2/datasets/sugvu24/extracted_frames/case_005/extraction_results.csv: name 'is_image_processed' is not defined,"Traceback (most recent call last):
  File ""/var/folders/1j/2k5xpt896fdb5rnbdm6nktnr0000gn/T/ipykernel_14640/3110420929.py"", line 61, in <module>
    if is_image_processed(img_path):
       ^^^^^^^^^^^^^^^^^^
NameError: name 'is_image_processed' is not defined
",/Volumes/TVault2/datasets/sugvu24/extracted_frames/case_005/extraction_results.csv,11.0,
2025-04-05 15:55:02,ROW_PROCESSING_ERROR,Error processing row 12 in file /Volumes/TVault2/datasets/sugvu24/extracted_frames/case_005/extraction_results.csv: name 'is_image_processed' is not defined,"Traceback (most recent call last):
  File ""/var/folders/1j/2k5xpt896fdb5rnbdm6nktnr0000gn/T/ipykernel_14640/3110420929.py"", line 61, in <module>
    if is_image_processed(img_path):
       ^^^^^^^^^^^^^^^^^^
NameError: name 'is_image_processed' is not defined
",/Volumes/TVault2/datasets/sugvu24/extracted_frames/case_005/extraction_results.csv,12.0,
2025-04-05 15:55:02,ROW_PROCESSING_ERROR,Error processing row 13 in file /Volumes/TVault2/datasets/sugvu24/extracted_frames/case_005/extraction_results.csv: name 'is_image_processed' is not defined,"Traceback (most recent call last):
  File ""/var/folders/1j/2k5xpt896fdb5rnbdm6nktnr0000gn/T/ipykernel_14640/3110420929.py"", line 61, in <module>
    if is_image_processed(img_path):
       ^^^^^^^^^^^^^^^^^^
NameError: name 'is_image_processed' is not defined
",/Volumes/TVault2/datasets/sugvu24/extracted_frames/case_005/extraction_results.csv,13.0,
2025-04-05 15:55:02,ROW_PROCESSING_ERROR,Error processing row 14 in file /Volumes/TVault2/datasets/sugvu24/extracted_frames/case_005/extraction_results.csv: name 'is_image_processed' is not defined,"Traceback (most recent call last):
  File ""/var/folders/1j/2k5xpt896fdb5rnbdm6nktnr0000gn/T/ipykernel_14640/3110420929.py"", line 61, in <module>
    if is_image_processed(img_path):
       ^^^^^^^^^^^^^^^^^^
NameError: name 'is_image_processed' is not defined
",/Volumes/TVault2/datasets/sugvu24/extracted_frames/case_005/extraction_results.csv,14.0,
2025-04-05 15:55:02,ROW_PROCESSING_ERROR,Error processing row 15 in file /Volumes/TVault2/datasets/sugvu24/extracted_frames/case_005/extraction_results.csv: name 'is_image_processed' is not defined,"Traceback (most recent call last):
  File ""/var/folders/1j/2k5xpt896fdb5rnbdm6nktnr0000gn/T/ipykernel_14640/3110420929.py"", line 61, in <module>
    if is_image_processed(img_path):
       ^^^^^^^^^^^^^^^^^^
NameError: name 'is_image_processed' is not defined
",/Volumes/TVault2/datasets/sugvu24/extracted_frames/case_005/extraction_results.csv,15.0,
2025-04-05 15:55:02,ROW_PROCESSING_ERROR,Error processing row 16 in file /Volumes/TVault2/datasets/sugvu24/extracted_frames/case_005/extraction_results.csv: name 'is_image_processed' is not defined,"Traceback (most recent call last):
  File ""/var/folders/1j/2k5xpt896fdb5rnbdm6nktnr0000gn/T/ipykernel_14640/3110420929.py"", line 61, in <module>
    if is_image_processed(img_path):
       ^^^^^^^^^^^^^^^^^^
NameError: name 'is_image_processed' is not defined
",/Volumes/TVault2/datasets/sugvu24/extracted_frames/case_005/extraction_results.csv,16.0,
2025-04-05 15:55:02,ROW_PROCESSING_ERROR,Error processing row 17 in file /Volumes/TVault2/datasets/sugvu24/extracted_frames/case_005/extraction_results.csv: name 'is_image_processed' is not defined,"Traceback (most recent call last):
  File ""/var/folders/1j/2k5xpt896fdb5rnbdm6nktnr0000gn/T/ipykernel_14640/3110420929.py"", line 61, in <module>
    if is_image_processed(img_path):
       ^^^^^^^^^^^^^^^^^^
NameError: name 'is_image_processed' is not defined
",/Volumes/TVault2/datasets/sugvu24/extracted_frames/case_005/extraction_results.csv,17.0,
2025-04-05 15:55:02,ROW_PROCESSING_ERROR,Error processing row 18 in file /Volumes/TVault2/datasets/sugvu24/extracted_frames/case_005/extraction_results.csv: name 'is_image_processed' is not defined,"Traceback (most recent call last):
  File ""/var/folders/1j/2k5xpt896fdb5rnbdm6nktnr0000gn/T/ipykernel_14640/3110420929.py"", line 61, in <module>
    if is_image_processed(img_path):
       ^^^^^^^^^^^^^^^^^^
NameError: name 'is_image_processed' is not defined
",/Volumes/TVault2/datasets/sugvu24/extracted_frames/case_005/extraction_results.csv,18.0,
2025-04-05 15:55:02,ROW_PROCESSING_ERROR,Error processing row 19 in file /Volumes/TVault2/datasets/sugvu24/extracted_frames/case_005/extraction_results.csv: name 'is_image_processed' is not defined,"Traceback (most recent call last):
  File ""/var/folders/1j/2k5xpt896fdb5rnbdm6nktnr0000gn/T/ipykernel_14640/3110420929.py"", line 61, in <module>
    if is_image_processed(img_path):
       ^^^^^^^^^^^^^^^^^^
NameError: name 'is_image_processed' is not defined
",/Volumes/TVault2/datasets/sugvu24/extracted_frames/case_005/extraction_results.csv,19.0,
2025-04-05 15:55:02,ROW_PROCESSING_ERROR,Error processing row 20 in file /Volumes/TVault2/datasets/sugvu24/extracted_frames/case_005/extraction_results.csv: name 'is_image_processed' is not defined,"Traceback (most recent call last):
  File ""/var/folders/1j/2k5xpt896fdb5rnbdm6nktnr0000gn/T/ipykernel_14640/3110420929.py"", line 61, in <module>
    if is_image_processed(img_path):
       ^^^^^^^^^^^^^^^^^^
NameError: name 'is_image_processed' is not defined
",/Volumes/TVault2/datasets/sugvu24/extracted_frames/case_005/extraction_results.csv,20.0,
2025-04-05 15:55:02,ROW_PROCESSING_ERROR,Error processing row 21 in file /Volumes/TVault2/datasets/sugvu24/extracted_frames/case_005/extraction_results.csv: name 'is_image_processed' is not defined,"Traceback (most recent call last):
  File ""/var/folders/1j/2k5xpt896fdb5rnbdm6nktnr0000gn/T/ipykernel_14640/3110420929.py"", line 61, in <module>
    if is_image_processed(img_path):
       ^^^^^^^^^^^^^^^^^^
NameError: name 'is_image_processed' is not defined
",/Volumes/TVault2/datasets/sugvu24/extracted_frames/case_005/extraction_results.csv,21.0,
2025-04-05 15:55:02,ROW_PROCESSING_ERROR,Error processing row 22 in file /Volumes/TVault2/datasets/sugvu24/extracted_frames/case_005/extraction_results.csv: name 'is_image_processed' is not defined,"Traceback (most recent call last):
  File ""/var/folders/1j/2k5xpt896fdb5rnbdm6nktnr0000gn/T/ipykernel_14640/3110420929.py"", line 61, in <module>
    if is_image_processed(img_path):
       ^^^^^^^^^^^^^^^^^^
NameError: name 'is_image_processed' is not defined
",/Volumes/TVault2/datasets/sugvu24/extracted_frames/case_005/extraction_results.csv,22.0,
2025-04-05 15:55:02,ROW_PROCESSING_ERROR,Error processing row 23 in file /Volumes/TVault2/datasets/sugvu24/extracted_frames/case_005/extraction_results.csv: name 'is_image_processed' is not defined,"Traceback (most recent call last):
  File ""/var/folders/1j/2k5xpt896fdb5rnbdm6nktnr0000gn/T/ipykernel_14640/3110420929.py"", line 61, in <module>
    if is_image_processed(img_path):
       ^^^^^^^^^^^^^^^^^^
NameError: name 'is_image_processed' is not defined
",/Volumes/TVault2/datasets/sugvu24/extracted_frames/case_005/extraction_results.csv,23.0,
2025-04-05 15:55:02,ROW_PROCESSING_ERROR,Error processing row 24 in file /Volumes/TVault2/datasets/sugvu24/extracted_frames/case_005/extraction_results.csv: name 'is_image_processed' is not defined,"Traceback (most recent call last):
  File ""/var/folders/1j/2k5xpt896fdb5rnbdm6nktnr0000gn/T/ipykernel_14640/3110420929.py"", line 61, in <module>
    if is_image_processed(img_path):
       ^^^^^^^^^^^^^^^^^^
NameError: name 'is_image_processed' is not defined
",/Volumes/TVault2/datasets/sugvu24/extracted_frames/case_005/extraction_results.csv,24.0,
2025-04-05 15:55:02,ROW_PROCESSING_ERROR,Error processing row 25 in file /Volumes/TVault2/datasets/sugvu24/extracted_frames/case_005/extraction_results.csv: name 'is_image_processed' is not defined,"Traceback (most recent call last):
  File ""/var/folders/1j/2k5xpt896fdb5rnbdm6nktnr0000gn/T/ipykernel_14640/3110420929.py"", line 61, in <module>
    if is_image_processed(img_path):
       ^^^^^^^^^^^^^^^^^^
NameError: name 'is_image_processed' is not defined
",/Volumes/TVault2/datasets/sugvu24/extracted_frames/case_005/extraction_results.csv,25.0,
2025-04-05 15:55:02,ROW_PROCESSING_ERROR,Error processing row 26 in file /Volumes/TVault2/datasets/sugvu24/extracted_frames/case_005/extraction_results.csv: name 'is_image_processed' is not defined,"Traceback (most recent call last):
  File ""/var/folders/1j/2k5xpt896fdb5rnbdm6nktnr0000gn/T/ipykernel_14640/3110420929.py"", line 61, in <module>
    if is_image_processed(img_path):
       ^^^^^^^^^^^^^^^^^^
NameError: name 'is_image_processed' is not defined
",/Volumes/TVault2/datasets/sugvu24/extracted_frames/case_005/extraction_results.csv,26.0,
2025-04-05 15:55:02,ROW_PROCESSING_ERROR,Error processing row 27 in file /Volumes/TVault2/datasets/sugvu24/extracted_frames/case_005/extraction_results.csv: name 'is_image_processed' is not defined,"Traceback (most recent call last):
  File ""/var/folders/1j/2k5xpt896fdb5rnbdm6nktnr0000gn/T/ipykernel_14640/3110420929.py"", line 61, in <module>
    if is_image_processed(img_path):
       ^^^^^^^^^^^^^^^^^^
NameError: name 'is_image_processed' is not defined
",/Volumes/TVault2/datasets/sugvu24/extracted_frames/case_005/extraction_results.csv,27.0,
2025-04-05 15:55:02,ROW_PROCESSING_ERROR,Error processing row 28 in file /Volumes/TVault2/datasets/sugvu24/extracted_frames/case_005/extraction_results.csv: name 'is_image_processed' is not defined,"Traceback (most recent call last):
  File ""/var/folders/1j/2k5xpt896fdb5rnbdm6nktnr0000gn/T/ipykernel_14640/3110420929.py"", line 61, in <module>
    if is_image_processed(img_path):
       ^^^^^^^^^^^^^^^^^^
NameError: name 'is_image_processed' is not defined
",/Volumes/TVault2/datasets/sugvu24/extracted_frames/case_005/extraction_results.csv,28.0,
2025-04-05 15:55:02,ROW_PROCESSING_ERROR,Error processing row 29 in file /Volumes/TVault2/datasets/sugvu24/extracted_frames/case_005/extraction_results.csv: name 'is_image_processed' is not defined,"Traceback (most recent call last):
  File ""/var/folders/1j/2k5xpt896fdb5rnbdm6nktnr0000gn/T/ipykernel_14640/3110420929.py"", line 61, in <module>
    if is_image_processed(img_path):
       ^^^^^^^^^^^^^^^^^^
NameError: name 'is_image_processed' is not defined
",/Volumes/TVault2/datasets/sugvu24/extracted_frames/case_005/extraction_results.csv,29.0,
2025-04-05 15:55:02,ROW_PROCESSING_ERROR,Error processing row 30 in file /Volumes/TVault2/datasets/sugvu24/extracted_frames/case_005/extraction_results.csv: name 'is_image_processed' is not defined,"Traceback (most recent call last):
  File ""/var/folders/1j/2k5xpt896fdb5rnbdm6nktnr0000gn/T/ipykernel_14640/3110420929.py"", line 61, in <module>
    if is_image_processed(img_path):
       ^^^^^^^^^^^^^^^^^^
NameError: name 'is_image_processed' is not defined
",/Volumes/TVault2/datasets/sugvu24/extracted_frames/case_005/extraction_results.csv,30.0,
2025-04-05 15:55:02,ROW_PROCESSING_ERROR,Error processing row 31 in file /Volumes/TVault2/datasets/sugvu24/extracted_frames/case_005/extraction_results.csv: name 'is_image_processed' is not defined,"Traceback (most recent call last):
  File ""/var/folders/1j/2k5xpt896fdb5rnbdm6nktnr0000gn/T/ipykernel_14640/3110420929.py"", line 61, in <module>
    if is_image_processed(img_path):
       ^^^^^^^^^^^^^^^^^^
NameError: name 'is_image_processed' is not defined
",/Volumes/TVault2/datasets/sugvu24/extracted_frames/case_005/extraction_results.csv,31.0,
2025-04-05 15:55:02,ROW_PROCESSING_ERROR,Error processing row 32 in file /Volumes/TVault2/datasets/sugvu24/extracted_frames/case_005/extraction_results.csv: name 'is_image_processed' is not defined,"Traceback (most recent call last):
  File ""/var/folders/1j/2k5xpt896fdb5rnbdm6nktnr0000gn/T/ipykernel_14640/3110420929.py"", line 61, in <module>
    if is_image_processed(img_path):
       ^^^^^^^^^^^^^^^^^^
NameError: name 'is_image_processed' is not defined
",/Volumes/TVault2/datasets/sugvu24/extracted_frames/case_005/extraction_results.csv,32.0,
2025-04-05 15:55:02,ROW_PROCESSING_ERROR,Error processing row 33 in file /Volumes/TVault2/datasets/sugvu24/extracted_frames/case_005/extraction_results.csv: name 'is_image_processed' is not defined,"Traceback (most recent call last):
  File ""/var/folders/1j/2k5xpt896fdb5rnbdm6nktnr0000gn/T/ipykernel_14640/3110420929.py"", line 61, in <module>
    if is_image_processed(img_path):
       ^^^^^^^^^^^^^^^^^^
NameError: name 'is_image_processed' is not defined
",/Volumes/TVault2/datasets/sugvu24/extracted_frames/case_005/extraction_results.csv,33.0,
2025-04-05 15:55:02,ROW_PROCESSING_ERROR,Error processing row 34 in file /Volumes/TVault2/datasets/sugvu24/extracted_frames/case_005/extraction_results.csv: name 'is_image_processed' is not defined,"Traceback (most recent call last):
  File ""/var/folders/1j/2k5xpt896fdb5rnbdm6nktnr0000gn/T/ipykernel_14640/3110420929.py"", line 61, in <module>
    if is_image_processed(img_path):
       ^^^^^^^^^^^^^^^^^^
NameError: name 'is_image_processed' is not defined
",/Volumes/TVault2/datasets/sugvu24/extracted_frames/case_005/extraction_results.csv,34.0,
2025-04-05 15:55:02,ROW_PROCESSING_ERROR,Error processing row 35 in file /Volumes/TVault2/datasets/sugvu24/extracted_frames/case_005/extraction_results.csv: name 'is_image_processed' is not defined,"Traceback (most recent call last):
  File ""/var/folders/1j/2k5xpt896fdb5rnbdm6nktnr0000gn/T/ipykernel_14640/3110420929.py"", line 61, in <module>
    if is_image_processed(img_path):
       ^^^^^^^^^^^^^^^^^^
NameError: name 'is_image_processed' is not defined
",/Volumes/TVault2/datasets/sugvu24/extracted_frames/case_005/extraction_results.csv,35.0,
2025-04-05 15:55:02,ROW_PROCESSING_ERROR,Error processing row 36 in file /Volumes/TVault2/datasets/sugvu24/extracted_frames/case_005/extraction_results.csv: name 'is_image_processed' is not defined,"Traceback (most recent call last):
  File ""/var/folders/1j/2k5xpt896fdb5rnbdm6nktnr0000gn/T/ipykernel_14640/3110420929.py"", line 61, in <module>
    if is_image_processed(img_path):
       ^^^^^^^^^^^^^^^^^^
NameError: name 'is_image_processed' is not defined
",/Volumes/TVault2/datasets/sugvu24/extracted_frames/case_005/extraction_results.csv,36.0,
2025-04-05 15:55:02,ROW_PROCESSING_ERROR,Error processing row 37 in file /Volumes/TVault2/datasets/sugvu24/extracted_frames/case_005/extraction_results.csv: name 'is_image_processed' is not defined,"Traceback (most recent call last):
  File ""/var/folders/1j/2k5xpt896fdb5rnbdm6nktnr0000gn/T/ipykernel_14640/3110420929.py"", line 61, in <module>
    if is_image_processed(img_path):
       ^^^^^^^^^^^^^^^^^^
NameError: name 'is_image_processed' is not defined
",/Volumes/TVault2/datasets/sugvu24/extracted_frames/case_005/extraction_results.csv,37.0,
2025-04-05 15:55:02,ROW_PROCESSING_ERROR,Error processing row 38 in file /Volumes/TVault2/datasets/sugvu24/extracted_frames/case_005/extraction_results.csv: name 'is_image_processed' is not defined,"Traceback (most recent call last):
  File ""/var/folders/1j/2k5xpt896fdb5rnbdm6nktnr0000gn/T/ipykernel_14640/3110420929.py"", line 61, in <module>
    if is_image_processed(img_path):
       ^^^^^^^^^^^^^^^^^^
NameError: name 'is_image_processed' is not defined
",/Volumes/TVault2/datasets/sugvu24/extracted_frames/case_005/extraction_results.csv,38.0,
2025-04-05 15:55:02,ROW_PROCESSING_ERROR,Error processing row 39 in file /Volumes/TVault2/datasets/sugvu24/extracted_frames/case_005/extraction_results.csv: name 'is_image_processed' is not defined,"Traceback (most recent call last):
  File ""/var/folders/1j/2k5xpt896fdb5rnbdm6nktnr0000gn/T/ipykernel_14640/3110420929.py"", line 61, in <module>
    if is_image_processed(img_path):
       ^^^^^^^^^^^^^^^^^^
NameError: name 'is_image_processed' is not defined
",/Volumes/TVault2/datasets/sugvu24/extracted_frames/case_005/extraction_results.csv,39.0,
2025-04-05 15:55:02,ROW_PROCESSING_ERROR,Error processing row 40 in file /Volumes/TVault2/datasets/sugvu24/extracted_frames/case_005/extraction_results.csv: name 'is_image_processed' is not defined,"Traceback (most recent call last):
  File ""/var/folders/1j/2k5xpt896fdb5rnbdm6nktnr0000gn/T/ipykernel_14640/3110420929.py"", line 61, in <module>
    if is_image_processed(img_path):
       ^^^^^^^^^^^^^^^^^^
NameError: name 'is_image_processed' is not defined
",/Volumes/TVault2/datasets/sugvu24/extracted_frames/case_005/extraction_results.csv,40.0,
2025-04-05 15:55:02,ROW_PROCESSING_ERROR,Error processing row 41 in file /Volumes/TVault2/datasets/sugvu24/extracted_frames/case_005/extraction_results.csv: name 'is_image_processed' is not defined,"Traceback (most recent call last):
  File ""/var/folders/1j/2k5xpt896fdb5rnbdm6nktnr0000gn/T/ipykernel_14640/3110420929.py"", line 61, in <module>
    if is_image_processed(img_path):
       ^^^^^^^^^^^^^^^^^^
NameError: name 'is_image_processed' is not defined
",/Volumes/TVault2/datasets/sugvu24/extracted_frames/case_005/extraction_results.csv,41.0,
2025-04-05 15:55:02,ROW_PROCESSING_ERROR,Error processing row 42 in file /Volumes/TVault2/datasets/sugvu24/extracted_frames/case_005/extraction_results.csv: name 'is_image_processed' is not defined,"Traceback (most recent call last):
  File ""/var/folders/1j/2k5xpt896fdb5rnbdm6nktnr0000gn/T/ipykernel_14640/3110420929.py"", line 61, in <module>
    if is_image_processed(img_path):
       ^^^^^^^^^^^^^^^^^^
NameError: name 'is_image_processed' is not defined
",/Volumes/TVault2/datasets/sugvu24/extracted_frames/case_005/extraction_results.csv,42.0,
2025-04-05 15:55:02,ROW_PROCESSING_ERROR,"Error processing row 43 in file /Volumes/TVault2/datasets/sugvu24/extracted_frames/case_005/extraction_results.csv: join() argument must be str, bytes, or os.PathLike object, not 'float'","Traceback (most recent call last):
  File ""/var/folders/1j/2k5xpt896fdb5rnbdm6nktnr0000gn/T/ipykernel_14640/3110420929.py"", line 58, in <module>
    img_path = os.path.join(root, frame_file)
               ^^^^^^^^^^^^^^^^^^^^^^^^^^^^^^
  File ""<frozen posixpath>"", line 90, in join
  File ""<frozen genericpath>"", line 164, in _check_arg_types
TypeError: join() argument must be str, bytes, or os.PathLike object, not 'float'
",/Volumes/TVault2/datasets/sugvu24/extracted_frames/case_005/extraction_results.csv,43.0,
2025-04-05 15:55:02,ROW_PROCESSING_ERROR,Error processing row 44 in file /Volumes/TVault2/datasets/sugvu24/extracted_frames/case_005/extraction_results.csv: name 'is_image_processed' is not defined,"Traceback (most recent call last):
  File ""/var/folders/1j/2k5xpt896fdb5rnbdm6nktnr0000gn/T/ipykernel_14640/3110420929.py"", line 61, in <module>
    if is_image_processed(img_path):
       ^^^^^^^^^^^^^^^^^^
NameError: name 'is_image_processed' is not defined
",/Volumes/TVault2/datasets/sugvu24/extracted_frames/case_005/extraction_results.csv,44.0,
2025-04-05 15:55:02,ROW_PROCESSING_ERROR,Error processing row 45 in file /Volumes/TVault2/datasets/sugvu24/extracted_frames/case_005/extraction_results.csv: name 'is_image_processed' is not defined,"Traceback (most recent call last):
  File ""/var/folders/1j/2k5xpt896fdb5rnbdm6nktnr0000gn/T/ipykernel_14640/3110420929.py"", line 61, in <module>
    if is_image_processed(img_path):
       ^^^^^^^^^^^^^^^^^^
NameError: name 'is_image_processed' is not defined
",/Volumes/TVault2/datasets/sugvu24/extracted_frames/case_005/extraction_results.csv,45.0,
2025-04-05 15:55:02,ROW_PROCESSING_ERROR,Error processing row 46 in file /Volumes/TVault2/datasets/sugvu24/extracted_frames/case_005/extraction_results.csv: name 'is_image_processed' is not defined,"Traceback (most recent call last):
  File ""/var/folders/1j/2k5xpt896fdb5rnbdm6nktnr0000gn/T/ipykernel_14640/3110420929.py"", line 61, in <module>
    if is_image_processed(img_path):
       ^^^^^^^^^^^^^^^^^^
NameError: name 'is_image_processed' is not defined
",/Volumes/TVault2/datasets/sugvu24/extracted_frames/case_005/extraction_results.csv,46.0,
2025-04-05 15:55:02,ROW_PROCESSING_ERROR,Error processing row 47 in file /Volumes/TVault2/datasets/sugvu24/extracted_frames/case_005/extraction_results.csv: name 'is_image_processed' is not defined,"Traceback (most recent call last):
  File ""/var/folders/1j/2k5xpt896fdb5rnbdm6nktnr0000gn/T/ipykernel_14640/3110420929.py"", line 61, in <module>
    if is_image_processed(img_path):
       ^^^^^^^^^^^^^^^^^^
NameError: name 'is_image_processed' is not defined
",/Volumes/TVault2/datasets/sugvu24/extracted_frames/case_005/extraction_results.csv,47.0,
2025-04-05 15:55:02,ROW_PROCESSING_ERROR,Error processing row 48 in file /Volumes/TVault2/datasets/sugvu24/extracted_frames/case_005/extraction_results.csv: name 'is_image_processed' is not defined,"Traceback (most recent call last):
  File ""/var/folders/1j/2k5xpt896fdb5rnbdm6nktnr0000gn/T/ipykernel_14640/3110420929.py"", line 61, in <module>
    if is_image_processed(img_path):
       ^^^^^^^^^^^^^^^^^^
NameError: name 'is_image_processed' is not defined
",/Volumes/TVault2/datasets/sugvu24/extracted_frames/case_005/extraction_results.csv,48.0,
2025-04-05 15:55:02,ROW_PROCESSING_ERROR,Error processing row 49 in file /Volumes/TVault2/datasets/sugvu24/extracted_frames/case_005/extraction_results.csv: name 'is_image_processed' is not defined,"Traceback (most recent call last):
  File ""/var/folders/1j/2k5xpt896fdb5rnbdm6nktnr0000gn/T/ipykernel_14640/3110420929.py"", line 61, in <module>
    if is_image_processed(img_path):
       ^^^^^^^^^^^^^^^^^^
NameError: name 'is_image_processed' is not defined
",/Volumes/TVault2/datasets/sugvu24/extracted_frames/case_005/extraction_results.csv,49.0,
2025-04-05 15:55:02,ROW_PROCESSING_ERROR,"Error processing row 50 in file /Volumes/TVault2/datasets/sugvu24/extracted_frames/case_005/extraction_results.csv: join() argument must be str, bytes, or os.PathLike object, not 'float'","Traceback (most recent call last):
  File ""/var/folders/1j/2k5xpt896fdb5rnbdm6nktnr0000gn/T/ipykernel_14640/3110420929.py"", line 58, in <module>
    img_path = os.path.join(root, frame_file)
               ^^^^^^^^^^^^^^^^^^^^^^^^^^^^^^
  File ""<frozen posixpath>"", line 90, in join
  File ""<frozen genericpath>"", line 164, in _check_arg_types
TypeError: join() argument must be str, bytes, or os.PathLike object, not 'float'
",/Volumes/TVault2/datasets/sugvu24/extracted_frames/case_005/extraction_results.csv,50.0,
2025-04-05 15:55:02,ROW_PROCESSING_ERROR,"Error processing row 51 in file /Volumes/TVault2/datasets/sugvu24/extracted_frames/case_005/extraction_results.csv: join() argument must be str, bytes, or os.PathLike object, not 'float'","Traceback (most recent call last):
  File ""/var/folders/1j/2k5xpt896fdb5rnbdm6nktnr0000gn/T/ipykernel_14640/3110420929.py"", line 58, in <module>
    img_path = os.path.join(root, frame_file)
               ^^^^^^^^^^^^^^^^^^^^^^^^^^^^^^
  File ""<frozen posixpath>"", line 90, in join
  File ""<frozen genericpath>"", line 164, in _check_arg_types
TypeError: join() argument must be str, bytes, or os.PathLike object, not 'float'
",/Volumes/TVault2/datasets/sugvu24/extracted_frames/case_005/extraction_results.csv,51.0,
2025-04-05 15:55:02,ROW_PROCESSING_ERROR,"Error processing row 52 in file /Volumes/TVault2/datasets/sugvu24/extracted_frames/case_005/extraction_results.csv: join() argument must be str, bytes, or os.PathLike object, not 'float'","Traceback (most recent call last):
  File ""/var/folders/1j/2k5xpt896fdb5rnbdm6nktnr0000gn/T/ipykernel_14640/3110420929.py"", line 58, in <module>
    img_path = os.path.join(root, frame_file)
               ^^^^^^^^^^^^^^^^^^^^^^^^^^^^^^
  File ""<frozen posixpath>"", line 90, in join
  File ""<frozen genericpath>"", line 164, in _check_arg_types
TypeError: join() argument must be str, bytes, or os.PathLike object, not 'float'
",/Volumes/TVault2/datasets/sugvu24/extracted_frames/case_005/extraction_results.csv,52.0,
2025-04-05 15:55:02,ROW_PROCESSING_ERROR,"Error processing row 53 in file /Volumes/TVault2/datasets/sugvu24/extracted_frames/case_005/extraction_results.csv: join() argument must be str, bytes, or os.PathLike object, not 'float'","Traceback (most recent call last):
  File ""/var/folders/1j/2k5xpt896fdb5rnbdm6nktnr0000gn/T/ipykernel_14640/3110420929.py"", line 58, in <module>
    img_path = os.path.join(root, frame_file)
               ^^^^^^^^^^^^^^^^^^^^^^^^^^^^^^
  File ""<frozen posixpath>"", line 90, in join
  File ""<frozen genericpath>"", line 164, in _check_arg_types
TypeError: join() argument must be str, bytes, or os.PathLike object, not 'float'
",/Volumes/TVault2/datasets/sugvu24/extracted_frames/case_005/extraction_results.csv,53.0,
2025-04-05 15:55:02,ROW_PROCESSING_ERROR,"Error processing row 54 in file /Volumes/TVault2/datasets/sugvu24/extracted_frames/case_005/extraction_results.csv: join() argument must be str, bytes, or os.PathLike object, not 'float'","Traceback (most recent call last):
  File ""/var/folders/1j/2k5xpt896fdb5rnbdm6nktnr0000gn/T/ipykernel_14640/3110420929.py"", line 58, in <module>
    img_path = os.path.join(root, frame_file)
               ^^^^^^^^^^^^^^^^^^^^^^^^^^^^^^
  File ""<frozen posixpath>"", line 90, in join
  File ""<frozen genericpath>"", line 164, in _check_arg_types
TypeError: join() argument must be str, bytes, or os.PathLike object, not 'float'
",/Volumes/TVault2/datasets/sugvu24/extracted_frames/case_005/extraction_results.csv,54.0,
2025-04-05 15:55:02,ROW_PROCESSING_ERROR,"Error processing row 55 in file /Volumes/TVault2/datasets/sugvu24/extracted_frames/case_005/extraction_results.csv: join() argument must be str, bytes, or os.PathLike object, not 'float'","Traceback (most recent call last):
  File ""/var/folders/1j/2k5xpt896fdb5rnbdm6nktnr0000gn/T/ipykernel_14640/3110420929.py"", line 58, in <module>
    img_path = os.path.join(root, frame_file)
               ^^^^^^^^^^^^^^^^^^^^^^^^^^^^^^
  File ""<frozen posixpath>"", line 90, in join
  File ""<frozen genericpath>"", line 164, in _check_arg_types
TypeError: join() argument must be str, bytes, or os.PathLike object, not 'float'
",/Volumes/TVault2/datasets/sugvu24/extracted_frames/case_005/extraction_results.csv,55.0,
2025-04-05 15:55:02,ROW_PROCESSING_ERROR,"Error processing row 56 in file /Volumes/TVault2/datasets/sugvu24/extracted_frames/case_005/extraction_results.csv: join() argument must be str, bytes, or os.PathLike object, not 'float'","Traceback (most recent call last):
  File ""/var/folders/1j/2k5xpt896fdb5rnbdm6nktnr0000gn/T/ipykernel_14640/3110420929.py"", line 58, in <module>
    img_path = os.path.join(root, frame_file)
               ^^^^^^^^^^^^^^^^^^^^^^^^^^^^^^
  File ""<frozen posixpath>"", line 90, in join
  File ""<frozen genericpath>"", line 164, in _check_arg_types
TypeError: join() argument must be str, bytes, or os.PathLike object, not 'float'
",/Volumes/TVault2/datasets/sugvu24/extracted_frames/case_005/extraction_results.csv,56.0,
2025-04-05 15:55:02,ROW_PROCESSING_ERROR,"Error processing row 57 in file /Volumes/TVault2/datasets/sugvu24/extracted_frames/case_005/extraction_results.csv: join() argument must be str, bytes, or os.PathLike object, not 'float'","Traceback (most recent call last):
  File ""/var/folders/1j/2k5xpt896fdb5rnbdm6nktnr0000gn/T/ipykernel_14640/3110420929.py"", line 58, in <module>
    img_path = os.path.join(root, frame_file)
               ^^^^^^^^^^^^^^^^^^^^^^^^^^^^^^
  File ""<frozen posixpath>"", line 90, in join
  File ""<frozen genericpath>"", line 164, in _check_arg_types
TypeError: join() argument must be str, bytes, or os.PathLike object, not 'float'
",/Volumes/TVault2/datasets/sugvu24/extracted_frames/case_005/extraction_results.csv,57.0,
2025-04-05 15:55:02,ROW_PROCESSING_ERROR,"Error processing row 58 in file /Volumes/TVault2/datasets/sugvu24/extracted_frames/case_005/extraction_results.csv: join() argument must be str, bytes, or os.PathLike object, not 'float'","Traceback (most recent call last):
  File ""/var/folders/1j/2k5xpt896fdb5rnbdm6nktnr0000gn/T/ipykernel_14640/3110420929.py"", line 58, in <module>
    img_path = os.path.join(root, frame_file)
               ^^^^^^^^^^^^^^^^^^^^^^^^^^^^^^
  File ""<frozen posixpath>"", line 90, in join
  File ""<frozen genericpath>"", line 164, in _check_arg_types
TypeError: join() argument must be str, bytes, or os.PathLike object, not 'float'
",/Volumes/TVault2/datasets/sugvu24/extracted_frames/case_005/extraction_results.csv,58.0,
2025-04-05 15:55:02,ROW_PROCESSING_ERROR,"Error processing row 59 in file /Volumes/TVault2/datasets/sugvu24/extracted_frames/case_005/extraction_results.csv: join() argument must be str, bytes, or os.PathLike object, not 'float'","Traceback (most recent call last):
  File ""/var/folders/1j/2k5xpt896fdb5rnbdm6nktnr0000gn/T/ipykernel_14640/3110420929.py"", line 58, in <module>
    img_path = os.path.join(root, frame_file)
               ^^^^^^^^^^^^^^^^^^^^^^^^^^^^^^
  File ""<frozen posixpath>"", line 90, in join
  File ""<frozen genericpath>"", line 164, in _check_arg_types
TypeError: join() argument must be str, bytes, or os.PathLike object, not 'float'
",/Volumes/TVault2/datasets/sugvu24/extracted_frames/case_005/extraction_results.csv,59.0,
2025-04-05 15:55:02,ROW_PROCESSING_ERROR,"Error processing row 60 in file /Volumes/TVault2/datasets/sugvu24/extracted_frames/case_005/extraction_results.csv: join() argument must be str, bytes, or os.PathLike object, not 'float'","Traceback (most recent call last):
  File ""/var/folders/1j/2k5xpt896fdb5rnbdm6nktnr0000gn/T/ipykernel_14640/3110420929.py"", line 58, in <module>
    img_path = os.path.join(root, frame_file)
               ^^^^^^^^^^^^^^^^^^^^^^^^^^^^^^
  File ""<frozen posixpath>"", line 90, in join
  File ""<frozen genericpath>"", line 164, in _check_arg_types
TypeError: join() argument must be str, bytes, or os.PathLike object, not 'float'
",/Volumes/TVault2/datasets/sugvu24/extracted_frames/case_005/extraction_results.csv,60.0,
2025-04-05 15:55:02,ROW_PROCESSING_ERROR,"Error processing row 61 in file /Volumes/TVault2/datasets/sugvu24/extracted_frames/case_005/extraction_results.csv: join() argument must be str, bytes, or os.PathLike object, not 'float'","Traceback (most recent call last):
  File ""/var/folders/1j/2k5xpt896fdb5rnbdm6nktnr0000gn/T/ipykernel_14640/3110420929.py"", line 58, in <module>
    img_path = os.path.join(root, frame_file)
               ^^^^^^^^^^^^^^^^^^^^^^^^^^^^^^
  File ""<frozen posixpath>"", line 90, in join
  File ""<frozen genericpath>"", line 164, in _check_arg_types
TypeError: join() argument must be str, bytes, or os.PathLike object, not 'float'
",/Volumes/TVault2/datasets/sugvu24/extracted_frames/case_005/extraction_results.csv,61.0,
2025-04-05 15:55:02,ROW_PROCESSING_ERROR,"Error processing row 62 in file /Volumes/TVault2/datasets/sugvu24/extracted_frames/case_005/extraction_results.csv: join() argument must be str, bytes, or os.PathLike object, not 'float'","Traceback (most recent call last):
  File ""/var/folders/1j/2k5xpt896fdb5rnbdm6nktnr0000gn/T/ipykernel_14640/3110420929.py"", line 58, in <module>
    img_path = os.path.join(root, frame_file)
               ^^^^^^^^^^^^^^^^^^^^^^^^^^^^^^
  File ""<frozen posixpath>"", line 90, in join
  File ""<frozen genericpath>"", line 164, in _check_arg_types
TypeError: join() argument must be str, bytes, or os.PathLike object, not 'float'
",/Volumes/TVault2/datasets/sugvu24/extracted_frames/case_005/extraction_results.csv,62.0,
2025-04-05 15:55:02,ROW_PROCESSING_ERROR,"Error processing row 63 in file /Volumes/TVault2/datasets/sugvu24/extracted_frames/case_005/extraction_results.csv: join() argument must be str, bytes, or os.PathLike object, not 'float'","Traceback (most recent call last):
  File ""/var/folders/1j/2k5xpt896fdb5rnbdm6nktnr0000gn/T/ipykernel_14640/3110420929.py"", line 58, in <module>
    img_path = os.path.join(root, frame_file)
               ^^^^^^^^^^^^^^^^^^^^^^^^^^^^^^
  File ""<frozen posixpath>"", line 90, in join
  File ""<frozen genericpath>"", line 164, in _check_arg_types
TypeError: join() argument must be str, bytes, or os.PathLike object, not 'float'
",/Volumes/TVault2/datasets/sugvu24/extracted_frames/case_005/extraction_results.csv,63.0,
2025-04-05 15:55:02,ROW_PROCESSING_ERROR,"Error processing row 64 in file /Volumes/TVault2/datasets/sugvu24/extracted_frames/case_005/extraction_results.csv: join() argument must be str, bytes, or os.PathLike object, not 'float'","Traceback (most recent call last):
  File ""/var/folders/1j/2k5xpt896fdb5rnbdm6nktnr0000gn/T/ipykernel_14640/3110420929.py"", line 58, in <module>
    img_path = os.path.join(root, frame_file)
               ^^^^^^^^^^^^^^^^^^^^^^^^^^^^^^
  File ""<frozen posixpath>"", line 90, in join
  File ""<frozen genericpath>"", line 164, in _check_arg_types
TypeError: join() argument must be str, bytes, or os.PathLike object, not 'float'
",/Volumes/TVault2/datasets/sugvu24/extracted_frames/case_005/extraction_results.csv,64.0,
2025-04-05 15:55:02,ROW_PROCESSING_ERROR,"Error processing row 65 in file /Volumes/TVault2/datasets/sugvu24/extracted_frames/case_005/extraction_results.csv: join() argument must be str, bytes, or os.PathLike object, not 'float'","Traceback (most recent call last):
  File ""/var/folders/1j/2k5xpt896fdb5rnbdm6nktnr0000gn/T/ipykernel_14640/3110420929.py"", line 58, in <module>
    img_path = os.path.join(root, frame_file)
               ^^^^^^^^^^^^^^^^^^^^^^^^^^^^^^
  File ""<frozen posixpath>"", line 90, in join
  File ""<frozen genericpath>"", line 164, in _check_arg_types
TypeError: join() argument must be str, bytes, or os.PathLike object, not 'float'
",/Volumes/TVault2/datasets/sugvu24/extracted_frames/case_005/extraction_results.csv,65.0,
2025-04-05 15:55:02,ROW_PROCESSING_ERROR,"Error processing row 66 in file /Volumes/TVault2/datasets/sugvu24/extracted_frames/case_005/extraction_results.csv: join() argument must be str, bytes, or os.PathLike object, not 'float'","Traceback (most recent call last):
  File ""/var/folders/1j/2k5xpt896fdb5rnbdm6nktnr0000gn/T/ipykernel_14640/3110420929.py"", line 58, in <module>
    img_path = os.path.join(root, frame_file)
               ^^^^^^^^^^^^^^^^^^^^^^^^^^^^^^
  File ""<frozen posixpath>"", line 90, in join
  File ""<frozen genericpath>"", line 164, in _check_arg_types
TypeError: join() argument must be str, bytes, or os.PathLike object, not 'float'
",/Volumes/TVault2/datasets/sugvu24/extracted_frames/case_005/extraction_results.csv,66.0,
2025-04-05 15:55:02,ROW_PROCESSING_ERROR,"Error processing row 67 in file /Volumes/TVault2/datasets/sugvu24/extracted_frames/case_005/extraction_results.csv: join() argument must be str, bytes, or os.PathLike object, not 'float'","Traceback (most recent call last):
  File ""/var/folders/1j/2k5xpt896fdb5rnbdm6nktnr0000gn/T/ipykernel_14640/3110420929.py"", line 58, in <module>
    img_path = os.path.join(root, frame_file)
               ^^^^^^^^^^^^^^^^^^^^^^^^^^^^^^
  File ""<frozen posixpath>"", line 90, in join
  File ""<frozen genericpath>"", line 164, in _check_arg_types
TypeError: join() argument must be str, bytes, or os.PathLike object, not 'float'
",/Volumes/TVault2/datasets/sugvu24/extracted_frames/case_005/extraction_results.csv,67.0,
2025-04-05 15:55:03,ROW_PROCESSING_ERROR,"Error processing row 68 in file /Volumes/TVault2/datasets/sugvu24/extracted_frames/case_005/extraction_results.csv: join() argument must be str, bytes, or os.PathLike object, not 'float'","Traceback (most recent call last):
  File ""/var/folders/1j/2k5xpt896fdb5rnbdm6nktnr0000gn/T/ipykernel_14640/3110420929.py"", line 58, in <module>
    img_path = os.path.join(root, frame_file)
               ^^^^^^^^^^^^^^^^^^^^^^^^^^^^^^
  File ""<frozen posixpath>"", line 90, in join
  File ""<frozen genericpath>"", line 164, in _check_arg_types
TypeError: join() argument must be str, bytes, or os.PathLike object, not 'float'
",/Volumes/TVault2/datasets/sugvu24/extracted_frames/case_005/extraction_results.csv,68.0,
2025-04-05 15:55:03,ROW_PROCESSING_ERROR,"Error processing row 69 in file /Volumes/TVault2/datasets/sugvu24/extracted_frames/case_005/extraction_results.csv: join() argument must be str, bytes, or os.PathLike object, not 'float'","Traceback (most recent call last):
  File ""/var/folders/1j/2k5xpt896fdb5rnbdm6nktnr0000gn/T/ipykernel_14640/3110420929.py"", line 58, in <module>
    img_path = os.path.join(root, frame_file)
               ^^^^^^^^^^^^^^^^^^^^^^^^^^^^^^
  File ""<frozen posixpath>"", line 90, in join
  File ""<frozen genericpath>"", line 164, in _check_arg_types
TypeError: join() argument must be str, bytes, or os.PathLike object, not 'float'
",/Volumes/TVault2/datasets/sugvu24/extracted_frames/case_005/extraction_results.csv,69.0,
2025-04-05 15:55:03,ROW_PROCESSING_ERROR,"Error processing row 70 in file /Volumes/TVault2/datasets/sugvu24/extracted_frames/case_005/extraction_results.csv: join() argument must be str, bytes, or os.PathLike object, not 'float'","Traceback (most recent call last):
  File ""/var/folders/1j/2k5xpt896fdb5rnbdm6nktnr0000gn/T/ipykernel_14640/3110420929.py"", line 58, in <module>
    img_path = os.path.join(root, frame_file)
               ^^^^^^^^^^^^^^^^^^^^^^^^^^^^^^
  File ""<frozen posixpath>"", line 90, in join
  File ""<frozen genericpath>"", line 164, in _check_arg_types
TypeError: join() argument must be str, bytes, or os.PathLike object, not 'float'
",/Volumes/TVault2/datasets/sugvu24/extracted_frames/case_005/extraction_results.csv,70.0,
2025-04-05 15:55:03,ROW_PROCESSING_ERROR,"Error processing row 71 in file /Volumes/TVault2/datasets/sugvu24/extracted_frames/case_005/extraction_results.csv: join() argument must be str, bytes, or os.PathLike object, not 'float'","Traceback (most recent call last):
  File ""/var/folders/1j/2k5xpt896fdb5rnbdm6nktnr0000gn/T/ipykernel_14640/3110420929.py"", line 58, in <module>
    img_path = os.path.join(root, frame_file)
               ^^^^^^^^^^^^^^^^^^^^^^^^^^^^^^
  File ""<frozen posixpath>"", line 90, in join
  File ""<frozen genericpath>"", line 164, in _check_arg_types
TypeError: join() argument must be str, bytes, or os.PathLike object, not 'float'
",/Volumes/TVault2/datasets/sugvu24/extracted_frames/case_005/extraction_results.csv,71.0,
2025-04-05 15:55:03,ROW_PROCESSING_ERROR,"Error processing row 72 in file /Volumes/TVault2/datasets/sugvu24/extracted_frames/case_005/extraction_results.csv: join() argument must be str, bytes, or os.PathLike object, not 'float'","Traceback (most recent call last):
  File ""/var/folders/1j/2k5xpt896fdb5rnbdm6nktnr0000gn/T/ipykernel_14640/3110420929.py"", line 58, in <module>
    img_path = os.path.join(root, frame_file)
               ^^^^^^^^^^^^^^^^^^^^^^^^^^^^^^
  File ""<frozen posixpath>"", line 90, in join
  File ""<frozen genericpath>"", line 164, in _check_arg_types
TypeError: join() argument must be str, bytes, or os.PathLike object, not 'float'
",/Volumes/TVault2/datasets/sugvu24/extracted_frames/case_005/extraction_results.csv,72.0,
2025-04-05 15:55:03,ROW_PROCESSING_ERROR,"Error processing row 73 in file /Volumes/TVault2/datasets/sugvu24/extracted_frames/case_005/extraction_results.csv: join() argument must be str, bytes, or os.PathLike object, not 'float'","Traceback (most recent call last):
  File ""/var/folders/1j/2k5xpt896fdb5rnbdm6nktnr0000gn/T/ipykernel_14640/3110420929.py"", line 58, in <module>
    img_path = os.path.join(root, frame_file)
               ^^^^^^^^^^^^^^^^^^^^^^^^^^^^^^
  File ""<frozen posixpath>"", line 90, in join
  File ""<frozen genericpath>"", line 164, in _check_arg_types
TypeError: join() argument must be str, bytes, or os.PathLike object, not 'float'
",/Volumes/TVault2/datasets/sugvu24/extracted_frames/case_005/extraction_results.csv,73.0,
2025-04-05 15:55:03,ROW_PROCESSING_ERROR,"Error processing row 74 in file /Volumes/TVault2/datasets/sugvu24/extracted_frames/case_005/extraction_results.csv: join() argument must be str, bytes, or os.PathLike object, not 'float'","Traceback (most recent call last):
  File ""/var/folders/1j/2k5xpt896fdb5rnbdm6nktnr0000gn/T/ipykernel_14640/3110420929.py"", line 58, in <module>
    img_path = os.path.join(root, frame_file)
               ^^^^^^^^^^^^^^^^^^^^^^^^^^^^^^
  File ""<frozen posixpath>"", line 90, in join
  File ""<frozen genericpath>"", line 164, in _check_arg_types
TypeError: join() argument must be str, bytes, or os.PathLike object, not 'float'
",/Volumes/TVault2/datasets/sugvu24/extracted_frames/case_005/extraction_results.csv,74.0,
2025-04-05 15:55:03,ROW_PROCESSING_ERROR,Error processing row 75 in file /Volumes/TVault2/datasets/sugvu24/extracted_frames/case_005/extraction_results.csv: name 'is_image_processed' is not defined,"Traceback (most recent call last):
  File ""/var/folders/1j/2k5xpt896fdb5rnbdm6nktnr0000gn/T/ipykernel_14640/3110420929.py"", line 61, in <module>
    if is_image_processed(img_path):
       ^^^^^^^^^^^^^^^^^^
NameError: name 'is_image_processed' is not defined
",/Volumes/TVault2/datasets/sugvu24/extracted_frames/case_005/extraction_results.csv,75.0,
2025-04-05 15:55:03,ROW_PROCESSING_ERROR,Error processing row 76 in file /Volumes/TVault2/datasets/sugvu24/extracted_frames/case_005/extraction_results.csv: name 'is_image_processed' is not defined,"Traceback (most recent call last):
  File ""/var/folders/1j/2k5xpt896fdb5rnbdm6nktnr0000gn/T/ipykernel_14640/3110420929.py"", line 61, in <module>
    if is_image_processed(img_path):
       ^^^^^^^^^^^^^^^^^^
NameError: name 'is_image_processed' is not defined
",/Volumes/TVault2/datasets/sugvu24/extracted_frames/case_005/extraction_results.csv,76.0,
2025-04-05 15:55:03,ROW_PROCESSING_ERROR,Error processing row 77 in file /Volumes/TVault2/datasets/sugvu24/extracted_frames/case_005/extraction_results.csv: name 'is_image_processed' is not defined,"Traceback (most recent call last):
  File ""/var/folders/1j/2k5xpt896fdb5rnbdm6nktnr0000gn/T/ipykernel_14640/3110420929.py"", line 61, in <module>
    if is_image_processed(img_path):
       ^^^^^^^^^^^^^^^^^^
NameError: name 'is_image_processed' is not defined
",/Volumes/TVault2/datasets/sugvu24/extracted_frames/case_005/extraction_results.csv,77.0,
2025-04-05 15:55:03,ROW_PROCESSING_ERROR,Error processing row 78 in file /Volumes/TVault2/datasets/sugvu24/extracted_frames/case_005/extraction_results.csv: name 'is_image_processed' is not defined,"Traceback (most recent call last):
  File ""/var/folders/1j/2k5xpt896fdb5rnbdm6nktnr0000gn/T/ipykernel_14640/3110420929.py"", line 61, in <module>
    if is_image_processed(img_path):
       ^^^^^^^^^^^^^^^^^^
NameError: name 'is_image_processed' is not defined
",/Volumes/TVault2/datasets/sugvu24/extracted_frames/case_005/extraction_results.csv,78.0,
2025-04-05 15:55:03,ROW_PROCESSING_ERROR,Error processing row 79 in file /Volumes/TVault2/datasets/sugvu24/extracted_frames/case_005/extraction_results.csv: name 'is_image_processed' is not defined,"Traceback (most recent call last):
  File ""/var/folders/1j/2k5xpt896fdb5rnbdm6nktnr0000gn/T/ipykernel_14640/3110420929.py"", line 61, in <module>
    if is_image_processed(img_path):
       ^^^^^^^^^^^^^^^^^^
NameError: name 'is_image_processed' is not defined
",/Volumes/TVault2/datasets/sugvu24/extracted_frames/case_005/extraction_results.csv,79.0,
2025-04-05 15:55:03,ROW_PROCESSING_ERROR,Error processing row 80 in file /Volumes/TVault2/datasets/sugvu24/extracted_frames/case_005/extraction_results.csv: name 'is_image_processed' is not defined,"Traceback (most recent call last):
  File ""/var/folders/1j/2k5xpt896fdb5rnbdm6nktnr0000gn/T/ipykernel_14640/3110420929.py"", line 61, in <module>
    if is_image_processed(img_path):
       ^^^^^^^^^^^^^^^^^^
NameError: name 'is_image_processed' is not defined
",/Volumes/TVault2/datasets/sugvu24/extracted_frames/case_005/extraction_results.csv,80.0,
2025-04-05 15:55:03,ROW_PROCESSING_ERROR,Error processing row 0 in file /Volumes/TVault2/datasets/sugvu24/extracted_frames/case_006/extraction_results.csv: name 'is_image_processed' is not defined,"Traceback (most recent call last):
  File ""/var/folders/1j/2k5xpt896fdb5rnbdm6nktnr0000gn/T/ipykernel_14640/3110420929.py"", line 61, in <module>
    if is_image_processed(img_path):
       ^^^^^^^^^^^^^^^^^^
NameError: name 'is_image_processed' is not defined
",/Volumes/TVault2/datasets/sugvu24/extracted_frames/case_006/extraction_results.csv,0.0,
2025-04-05 15:55:03,ROW_PROCESSING_ERROR,Error processing row 1 in file /Volumes/TVault2/datasets/sugvu24/extracted_frames/case_006/extraction_results.csv: name 'is_image_processed' is not defined,"Traceback (most recent call last):
  File ""/var/folders/1j/2k5xpt896fdb5rnbdm6nktnr0000gn/T/ipykernel_14640/3110420929.py"", line 61, in <module>
    if is_image_processed(img_path):
       ^^^^^^^^^^^^^^^^^^
NameError: name 'is_image_processed' is not defined
",/Volumes/TVault2/datasets/sugvu24/extracted_frames/case_006/extraction_results.csv,1.0,
2025-04-05 15:55:03,ROW_PROCESSING_ERROR,Error processing row 2 in file /Volumes/TVault2/datasets/sugvu24/extracted_frames/case_006/extraction_results.csv: name 'is_image_processed' is not defined,"Traceback (most recent call last):
  File ""/var/folders/1j/2k5xpt896fdb5rnbdm6nktnr0000gn/T/ipykernel_14640/3110420929.py"", line 61, in <module>
    if is_image_processed(img_path):
       ^^^^^^^^^^^^^^^^^^
NameError: name 'is_image_processed' is not defined
",/Volumes/TVault2/datasets/sugvu24/extracted_frames/case_006/extraction_results.csv,2.0,
2025-04-05 15:55:03,ROW_PROCESSING_ERROR,Error processing row 3 in file /Volumes/TVault2/datasets/sugvu24/extracted_frames/case_006/extraction_results.csv: name 'is_image_processed' is not defined,"Traceback (most recent call last):
  File ""/var/folders/1j/2k5xpt896fdb5rnbdm6nktnr0000gn/T/ipykernel_14640/3110420929.py"", line 61, in <module>
    if is_image_processed(img_path):
       ^^^^^^^^^^^^^^^^^^
NameError: name 'is_image_processed' is not defined
",/Volumes/TVault2/datasets/sugvu24/extracted_frames/case_006/extraction_results.csv,3.0,
2025-04-05 15:55:03,ROW_PROCESSING_ERROR,Error processing row 4 in file /Volumes/TVault2/datasets/sugvu24/extracted_frames/case_006/extraction_results.csv: name 'is_image_processed' is not defined,"Traceback (most recent call last):
  File ""/var/folders/1j/2k5xpt896fdb5rnbdm6nktnr0000gn/T/ipykernel_14640/3110420929.py"", line 61, in <module>
    if is_image_processed(img_path):
       ^^^^^^^^^^^^^^^^^^
NameError: name 'is_image_processed' is not defined
",/Volumes/TVault2/datasets/sugvu24/extracted_frames/case_006/extraction_results.csv,4.0,
2025-04-05 15:55:03,ROW_PROCESSING_ERROR,Error processing row 5 in file /Volumes/TVault2/datasets/sugvu24/extracted_frames/case_006/extraction_results.csv: name 'is_image_processed' is not defined,"Traceback (most recent call last):
  File ""/var/folders/1j/2k5xpt896fdb5rnbdm6nktnr0000gn/T/ipykernel_14640/3110420929.py"", line 61, in <module>
    if is_image_processed(img_path):
       ^^^^^^^^^^^^^^^^^^
NameError: name 'is_image_processed' is not defined
",/Volumes/TVault2/datasets/sugvu24/extracted_frames/case_006/extraction_results.csv,5.0,
2025-04-05 15:55:03,ROW_PROCESSING_ERROR,"Error processing row 6 in file /Volumes/TVault2/datasets/sugvu24/extracted_frames/case_006/extraction_results.csv: join() argument must be str, bytes, or os.PathLike object, not 'float'","Traceback (most recent call last):
  File ""/var/folders/1j/2k5xpt896fdb5rnbdm6nktnr0000gn/T/ipykernel_14640/3110420929.py"", line 58, in <module>
    img_path = os.path.join(root, frame_file)
               ^^^^^^^^^^^^^^^^^^^^^^^^^^^^^^
  File ""<frozen posixpath>"", line 90, in join
  File ""<frozen genericpath>"", line 164, in _check_arg_types
TypeError: join() argument must be str, bytes, or os.PathLike object, not 'float'
",/Volumes/TVault2/datasets/sugvu24/extracted_frames/case_006/extraction_results.csv,6.0,
2025-04-05 15:55:03,ROW_PROCESSING_ERROR,"Error processing row 7 in file /Volumes/TVault2/datasets/sugvu24/extracted_frames/case_006/extraction_results.csv: join() argument must be str, bytes, or os.PathLike object, not 'float'","Traceback (most recent call last):
  File ""/var/folders/1j/2k5xpt896fdb5rnbdm6nktnr0000gn/T/ipykernel_14640/3110420929.py"", line 58, in <module>
    img_path = os.path.join(root, frame_file)
               ^^^^^^^^^^^^^^^^^^^^^^^^^^^^^^
  File ""<frozen posixpath>"", line 90, in join
  File ""<frozen genericpath>"", line 164, in _check_arg_types
TypeError: join() argument must be str, bytes, or os.PathLike object, not 'float'
",/Volumes/TVault2/datasets/sugvu24/extracted_frames/case_006/extraction_results.csv,7.0,
2025-04-05 15:55:03,ROW_PROCESSING_ERROR,"Error processing row 8 in file /Volumes/TVault2/datasets/sugvu24/extracted_frames/case_006/extraction_results.csv: join() argument must be str, bytes, or os.PathLike object, not 'float'","Traceback (most recent call last):
  File ""/var/folders/1j/2k5xpt896fdb5rnbdm6nktnr0000gn/T/ipykernel_14640/3110420929.py"", line 58, in <module>
    img_path = os.path.join(root, frame_file)
               ^^^^^^^^^^^^^^^^^^^^^^^^^^^^^^
  File ""<frozen posixpath>"", line 90, in join
  File ""<frozen genericpath>"", line 164, in _check_arg_types
TypeError: join() argument must be str, bytes, or os.PathLike object, not 'float'
",/Volumes/TVault2/datasets/sugvu24/extracted_frames/case_006/extraction_results.csv,8.0,
2025-04-05 15:55:03,ROW_PROCESSING_ERROR,"Error processing row 9 in file /Volumes/TVault2/datasets/sugvu24/extracted_frames/case_006/extraction_results.csv: join() argument must be str, bytes, or os.PathLike object, not 'float'","Traceback (most recent call last):
  File ""/var/folders/1j/2k5xpt896fdb5rnbdm6nktnr0000gn/T/ipykernel_14640/3110420929.py"", line 58, in <module>
    img_path = os.path.join(root, frame_file)
               ^^^^^^^^^^^^^^^^^^^^^^^^^^^^^^
  File ""<frozen posixpath>"", line 90, in join
  File ""<frozen genericpath>"", line 164, in _check_arg_types
TypeError: join() argument must be str, bytes, or os.PathLike object, not 'float'
",/Volumes/TVault2/datasets/sugvu24/extracted_frames/case_006/extraction_results.csv,9.0,
2025-04-05 15:55:03,ROW_PROCESSING_ERROR,"Error processing row 10 in file /Volumes/TVault2/datasets/sugvu24/extracted_frames/case_006/extraction_results.csv: join() argument must be str, bytes, or os.PathLike object, not 'float'","Traceback (most recent call last):
  File ""/var/folders/1j/2k5xpt896fdb5rnbdm6nktnr0000gn/T/ipykernel_14640/3110420929.py"", line 58, in <module>
    img_path = os.path.join(root, frame_file)
               ^^^^^^^^^^^^^^^^^^^^^^^^^^^^^^
  File ""<frozen posixpath>"", line 90, in join
  File ""<frozen genericpath>"", line 164, in _check_arg_types
TypeError: join() argument must be str, bytes, or os.PathLike object, not 'float'
",/Volumes/TVault2/datasets/sugvu24/extracted_frames/case_006/extraction_results.csv,10.0,
2025-04-05 15:55:03,ROW_PROCESSING_ERROR,"Error processing row 11 in file /Volumes/TVault2/datasets/sugvu24/extracted_frames/case_006/extraction_results.csv: join() argument must be str, bytes, or os.PathLike object, not 'float'","Traceback (most recent call last):
  File ""/var/folders/1j/2k5xpt896fdb5rnbdm6nktnr0000gn/T/ipykernel_14640/3110420929.py"", line 58, in <module>
    img_path = os.path.join(root, frame_file)
               ^^^^^^^^^^^^^^^^^^^^^^^^^^^^^^
  File ""<frozen posixpath>"", line 90, in join
  File ""<frozen genericpath>"", line 164, in _check_arg_types
TypeError: join() argument must be str, bytes, or os.PathLike object, not 'float'
",/Volumes/TVault2/datasets/sugvu24/extracted_frames/case_006/extraction_results.csv,11.0,
2025-04-05 15:55:03,ROW_PROCESSING_ERROR,Error processing row 12 in file /Volumes/TVault2/datasets/sugvu24/extracted_frames/case_006/extraction_results.csv: name 'is_image_processed' is not defined,"Traceback (most recent call last):
  File ""/var/folders/1j/2k5xpt896fdb5rnbdm6nktnr0000gn/T/ipykernel_14640/3110420929.py"", line 61, in <module>
    if is_image_processed(img_path):
       ^^^^^^^^^^^^^^^^^^
NameError: name 'is_image_processed' is not defined
",/Volumes/TVault2/datasets/sugvu24/extracted_frames/case_006/extraction_results.csv,12.0,
2025-04-05 15:55:03,ROW_PROCESSING_ERROR,Error processing row 13 in file /Volumes/TVault2/datasets/sugvu24/extracted_frames/case_006/extraction_results.csv: name 'is_image_processed' is not defined,"Traceback (most recent call last):
  File ""/var/folders/1j/2k5xpt896fdb5rnbdm6nktnr0000gn/T/ipykernel_14640/3110420929.py"", line 61, in <module>
    if is_image_processed(img_path):
       ^^^^^^^^^^^^^^^^^^
NameError: name 'is_image_processed' is not defined
",/Volumes/TVault2/datasets/sugvu24/extracted_frames/case_006/extraction_results.csv,13.0,
2025-04-05 15:55:03,ROW_PROCESSING_ERROR,Error processing row 14 in file /Volumes/TVault2/datasets/sugvu24/extracted_frames/case_006/extraction_results.csv: name 'is_image_processed' is not defined,"Traceback (most recent call last):
  File ""/var/folders/1j/2k5xpt896fdb5rnbdm6nktnr0000gn/T/ipykernel_14640/3110420929.py"", line 61, in <module>
    if is_image_processed(img_path):
       ^^^^^^^^^^^^^^^^^^
NameError: name 'is_image_processed' is not defined
",/Volumes/TVault2/datasets/sugvu24/extracted_frames/case_006/extraction_results.csv,14.0,
2025-04-05 15:55:03,ROW_PROCESSING_ERROR,Error processing row 15 in file /Volumes/TVault2/datasets/sugvu24/extracted_frames/case_006/extraction_results.csv: name 'is_image_processed' is not defined,"Traceback (most recent call last):
  File ""/var/folders/1j/2k5xpt896fdb5rnbdm6nktnr0000gn/T/ipykernel_14640/3110420929.py"", line 61, in <module>
    if is_image_processed(img_path):
       ^^^^^^^^^^^^^^^^^^
NameError: name 'is_image_processed' is not defined
",/Volumes/TVault2/datasets/sugvu24/extracted_frames/case_006/extraction_results.csv,15.0,
2025-04-05 15:55:03,ROW_PROCESSING_ERROR,Error processing row 16 in file /Volumes/TVault2/datasets/sugvu24/extracted_frames/case_006/extraction_results.csv: name 'is_image_processed' is not defined,"Traceback (most recent call last):
  File ""/var/folders/1j/2k5xpt896fdb5rnbdm6nktnr0000gn/T/ipykernel_14640/3110420929.py"", line 61, in <module>
    if is_image_processed(img_path):
       ^^^^^^^^^^^^^^^^^^
NameError: name 'is_image_processed' is not defined
",/Volumes/TVault2/datasets/sugvu24/extracted_frames/case_006/extraction_results.csv,16.0,
2025-04-05 15:55:03,ROW_PROCESSING_ERROR,Error processing row 17 in file /Volumes/TVault2/datasets/sugvu24/extracted_frames/case_006/extraction_results.csv: name 'is_image_processed' is not defined,"Traceback (most recent call last):
  File ""/var/folders/1j/2k5xpt896fdb5rnbdm6nktnr0000gn/T/ipykernel_14640/3110420929.py"", line 61, in <module>
    if is_image_processed(img_path):
       ^^^^^^^^^^^^^^^^^^
NameError: name 'is_image_processed' is not defined
",/Volumes/TVault2/datasets/sugvu24/extracted_frames/case_006/extraction_results.csv,17.0,
2025-04-05 15:55:03,ROW_PROCESSING_ERROR,Error processing row 18 in file /Volumes/TVault2/datasets/sugvu24/extracted_frames/case_006/extraction_results.csv: name 'is_image_processed' is not defined,"Traceback (most recent call last):
  File ""/var/folders/1j/2k5xpt896fdb5rnbdm6nktnr0000gn/T/ipykernel_14640/3110420929.py"", line 61, in <module>
    if is_image_processed(img_path):
       ^^^^^^^^^^^^^^^^^^
NameError: name 'is_image_processed' is not defined
",/Volumes/TVault2/datasets/sugvu24/extracted_frames/case_006/extraction_results.csv,18.0,
2025-04-05 15:55:03,ROW_PROCESSING_ERROR,Error processing row 19 in file /Volumes/TVault2/datasets/sugvu24/extracted_frames/case_006/extraction_results.csv: name 'is_image_processed' is not defined,"Traceback (most recent call last):
  File ""/var/folders/1j/2k5xpt896fdb5rnbdm6nktnr0000gn/T/ipykernel_14640/3110420929.py"", line 61, in <module>
    if is_image_processed(img_path):
       ^^^^^^^^^^^^^^^^^^
NameError: name 'is_image_processed' is not defined
",/Volumes/TVault2/datasets/sugvu24/extracted_frames/case_006/extraction_results.csv,19.0,
2025-04-05 15:55:03,ROW_PROCESSING_ERROR,Error processing row 20 in file /Volumes/TVault2/datasets/sugvu24/extracted_frames/case_006/extraction_results.csv: name 'is_image_processed' is not defined,"Traceback (most recent call last):
  File ""/var/folders/1j/2k5xpt896fdb5rnbdm6nktnr0000gn/T/ipykernel_14640/3110420929.py"", line 61, in <module>
    if is_image_processed(img_path):
       ^^^^^^^^^^^^^^^^^^
NameError: name 'is_image_processed' is not defined
",/Volumes/TVault2/datasets/sugvu24/extracted_frames/case_006/extraction_results.csv,20.0,
2025-04-05 15:55:03,ROW_PROCESSING_ERROR,Error processing row 21 in file /Volumes/TVault2/datasets/sugvu24/extracted_frames/case_006/extraction_results.csv: name 'is_image_processed' is not defined,"Traceback (most recent call last):
  File ""/var/folders/1j/2k5xpt896fdb5rnbdm6nktnr0000gn/T/ipykernel_14640/3110420929.py"", line 61, in <module>
    if is_image_processed(img_path):
       ^^^^^^^^^^^^^^^^^^
NameError: name 'is_image_processed' is not defined
",/Volumes/TVault2/datasets/sugvu24/extracted_frames/case_006/extraction_results.csv,21.0,
2025-04-05 15:55:03,ROW_PROCESSING_ERROR,Error processing row 22 in file /Volumes/TVault2/datasets/sugvu24/extracted_frames/case_006/extraction_results.csv: name 'is_image_processed' is not defined,"Traceback (most recent call last):
  File ""/var/folders/1j/2k5xpt896fdb5rnbdm6nktnr0000gn/T/ipykernel_14640/3110420929.py"", line 61, in <module>
    if is_image_processed(img_path):
       ^^^^^^^^^^^^^^^^^^
NameError: name 'is_image_processed' is not defined
",/Volumes/TVault2/datasets/sugvu24/extracted_frames/case_006/extraction_results.csv,22.0,
2025-04-05 15:55:03,ROW_PROCESSING_ERROR,Error processing row 23 in file /Volumes/TVault2/datasets/sugvu24/extracted_frames/case_006/extraction_results.csv: name 'is_image_processed' is not defined,"Traceback (most recent call last):
  File ""/var/folders/1j/2k5xpt896fdb5rnbdm6nktnr0000gn/T/ipykernel_14640/3110420929.py"", line 61, in <module>
    if is_image_processed(img_path):
       ^^^^^^^^^^^^^^^^^^
NameError: name 'is_image_processed' is not defined
",/Volumes/TVault2/datasets/sugvu24/extracted_frames/case_006/extraction_results.csv,23.0,
2025-04-05 15:55:03,ROW_PROCESSING_ERROR,Error processing row 24 in file /Volumes/TVault2/datasets/sugvu24/extracted_frames/case_006/extraction_results.csv: name 'is_image_processed' is not defined,"Traceback (most recent call last):
  File ""/var/folders/1j/2k5xpt896fdb5rnbdm6nktnr0000gn/T/ipykernel_14640/3110420929.py"", line 61, in <module>
    if is_image_processed(img_path):
       ^^^^^^^^^^^^^^^^^^
NameError: name 'is_image_processed' is not defined
",/Volumes/TVault2/datasets/sugvu24/extracted_frames/case_006/extraction_results.csv,24.0,
2025-04-05 15:55:03,ROW_PROCESSING_ERROR,Error processing row 25 in file /Volumes/TVault2/datasets/sugvu24/extracted_frames/case_006/extraction_results.csv: name 'is_image_processed' is not defined,"Traceback (most recent call last):
  File ""/var/folders/1j/2k5xpt896fdb5rnbdm6nktnr0000gn/T/ipykernel_14640/3110420929.py"", line 61, in <module>
    if is_image_processed(img_path):
       ^^^^^^^^^^^^^^^^^^
NameError: name 'is_image_processed' is not defined
",/Volumes/TVault2/datasets/sugvu24/extracted_frames/case_006/extraction_results.csv,25.0,
2025-04-05 15:55:03,ROW_PROCESSING_ERROR,Error processing row 26 in file /Volumes/TVault2/datasets/sugvu24/extracted_frames/case_006/extraction_results.csv: name 'is_image_processed' is not defined,"Traceback (most recent call last):
  File ""/var/folders/1j/2k5xpt896fdb5rnbdm6nktnr0000gn/T/ipykernel_14640/3110420929.py"", line 61, in <module>
    if is_image_processed(img_path):
       ^^^^^^^^^^^^^^^^^^
NameError: name 'is_image_processed' is not defined
",/Volumes/TVault2/datasets/sugvu24/extracted_frames/case_006/extraction_results.csv,26.0,
2025-04-05 15:55:03,ROW_PROCESSING_ERROR,Error processing row 27 in file /Volumes/TVault2/datasets/sugvu24/extracted_frames/case_006/extraction_results.csv: name 'is_image_processed' is not defined,"Traceback (most recent call last):
  File ""/var/folders/1j/2k5xpt896fdb5rnbdm6nktnr0000gn/T/ipykernel_14640/3110420929.py"", line 61, in <module>
    if is_image_processed(img_path):
       ^^^^^^^^^^^^^^^^^^
NameError: name 'is_image_processed' is not defined
",/Volumes/TVault2/datasets/sugvu24/extracted_frames/case_006/extraction_results.csv,27.0,
2025-04-05 15:55:03,ROW_PROCESSING_ERROR,Error processing row 28 in file /Volumes/TVault2/datasets/sugvu24/extracted_frames/case_006/extraction_results.csv: name 'is_image_processed' is not defined,"Traceback (most recent call last):
  File ""/var/folders/1j/2k5xpt896fdb5rnbdm6nktnr0000gn/T/ipykernel_14640/3110420929.py"", line 61, in <module>
    if is_image_processed(img_path):
       ^^^^^^^^^^^^^^^^^^
NameError: name 'is_image_processed' is not defined
",/Volumes/TVault2/datasets/sugvu24/extracted_frames/case_006/extraction_results.csv,28.0,
2025-04-05 15:55:03,ROW_PROCESSING_ERROR,Error processing row 29 in file /Volumes/TVault2/datasets/sugvu24/extracted_frames/case_006/extraction_results.csv: name 'is_image_processed' is not defined,"Traceback (most recent call last):
  File ""/var/folders/1j/2k5xpt896fdb5rnbdm6nktnr0000gn/T/ipykernel_14640/3110420929.py"", line 61, in <module>
    if is_image_processed(img_path):
       ^^^^^^^^^^^^^^^^^^
NameError: name 'is_image_processed' is not defined
",/Volumes/TVault2/datasets/sugvu24/extracted_frames/case_006/extraction_results.csv,29.0,
2025-04-05 15:55:03,ROW_PROCESSING_ERROR,Error processing row 30 in file /Volumes/TVault2/datasets/sugvu24/extracted_frames/case_006/extraction_results.csv: name 'is_image_processed' is not defined,"Traceback (most recent call last):
  File ""/var/folders/1j/2k5xpt896fdb5rnbdm6nktnr0000gn/T/ipykernel_14640/3110420929.py"", line 61, in <module>
    if is_image_processed(img_path):
       ^^^^^^^^^^^^^^^^^^
NameError: name 'is_image_processed' is not defined
",/Volumes/TVault2/datasets/sugvu24/extracted_frames/case_006/extraction_results.csv,30.0,
2025-04-05 15:55:03,ROW_PROCESSING_ERROR,Error processing row 31 in file /Volumes/TVault2/datasets/sugvu24/extracted_frames/case_006/extraction_results.csv: name 'is_image_processed' is not defined,"Traceback (most recent call last):
  File ""/var/folders/1j/2k5xpt896fdb5rnbdm6nktnr0000gn/T/ipykernel_14640/3110420929.py"", line 61, in <module>
    if is_image_processed(img_path):
       ^^^^^^^^^^^^^^^^^^
NameError: name 'is_image_processed' is not defined
",/Volumes/TVault2/datasets/sugvu24/extracted_frames/case_006/extraction_results.csv,31.0,
2025-04-05 15:55:03,ROW_PROCESSING_ERROR,Error processing row 32 in file /Volumes/TVault2/datasets/sugvu24/extracted_frames/case_006/extraction_results.csv: name 'is_image_processed' is not defined,"Traceback (most recent call last):
  File ""/var/folders/1j/2k5xpt896fdb5rnbdm6nktnr0000gn/T/ipykernel_14640/3110420929.py"", line 61, in <module>
    if is_image_processed(img_path):
       ^^^^^^^^^^^^^^^^^^
NameError: name 'is_image_processed' is not defined
",/Volumes/TVault2/datasets/sugvu24/extracted_frames/case_006/extraction_results.csv,32.0,
2025-04-05 15:55:03,ROW_PROCESSING_ERROR,Error processing row 33 in file /Volumes/TVault2/datasets/sugvu24/extracted_frames/case_006/extraction_results.csv: name 'is_image_processed' is not defined,"Traceback (most recent call last):
  File ""/var/folders/1j/2k5xpt896fdb5rnbdm6nktnr0000gn/T/ipykernel_14640/3110420929.py"", line 61, in <module>
    if is_image_processed(img_path):
       ^^^^^^^^^^^^^^^^^^
NameError: name 'is_image_processed' is not defined
",/Volumes/TVault2/datasets/sugvu24/extracted_frames/case_006/extraction_results.csv,33.0,
2025-04-05 15:55:03,ROW_PROCESSING_ERROR,Error processing row 34 in file /Volumes/TVault2/datasets/sugvu24/extracted_frames/case_006/extraction_results.csv: name 'is_image_processed' is not defined,"Traceback (most recent call last):
  File ""/var/folders/1j/2k5xpt896fdb5rnbdm6nktnr0000gn/T/ipykernel_14640/3110420929.py"", line 61, in <module>
    if is_image_processed(img_path):
       ^^^^^^^^^^^^^^^^^^
NameError: name 'is_image_processed' is not defined
",/Volumes/TVault2/datasets/sugvu24/extracted_frames/case_006/extraction_results.csv,34.0,
2025-04-05 15:55:03,ROW_PROCESSING_ERROR,Error processing row 35 in file /Volumes/TVault2/datasets/sugvu24/extracted_frames/case_006/extraction_results.csv: name 'is_image_processed' is not defined,"Traceback (most recent call last):
  File ""/var/folders/1j/2k5xpt896fdb5rnbdm6nktnr0000gn/T/ipykernel_14640/3110420929.py"", line 61, in <module>
    if is_image_processed(img_path):
       ^^^^^^^^^^^^^^^^^^
NameError: name 'is_image_processed' is not defined
",/Volumes/TVault2/datasets/sugvu24/extracted_frames/case_006/extraction_results.csv,35.0,
2025-04-05 15:55:03,ROW_PROCESSING_ERROR,Error processing row 36 in file /Volumes/TVault2/datasets/sugvu24/extracted_frames/case_006/extraction_results.csv: name 'is_image_processed' is not defined,"Traceback (most recent call last):
  File ""/var/folders/1j/2k5xpt896fdb5rnbdm6nktnr0000gn/T/ipykernel_14640/3110420929.py"", line 61, in <module>
    if is_image_processed(img_path):
       ^^^^^^^^^^^^^^^^^^
NameError: name 'is_image_processed' is not defined
",/Volumes/TVault2/datasets/sugvu24/extracted_frames/case_006/extraction_results.csv,36.0,
2025-04-05 15:55:03,ROW_PROCESSING_ERROR,Error processing row 37 in file /Volumes/TVault2/datasets/sugvu24/extracted_frames/case_006/extraction_results.csv: name 'is_image_processed' is not defined,"Traceback (most recent call last):
  File ""/var/folders/1j/2k5xpt896fdb5rnbdm6nktnr0000gn/T/ipykernel_14640/3110420929.py"", line 61, in <module>
    if is_image_processed(img_path):
       ^^^^^^^^^^^^^^^^^^
NameError: name 'is_image_processed' is not defined
",/Volumes/TVault2/datasets/sugvu24/extracted_frames/case_006/extraction_results.csv,37.0,
2025-04-05 15:55:03,ROW_PROCESSING_ERROR,Error processing row 38 in file /Volumes/TVault2/datasets/sugvu24/extracted_frames/case_006/extraction_results.csv: name 'is_image_processed' is not defined,"Traceback (most recent call last):
  File ""/var/folders/1j/2k5xpt896fdb5rnbdm6nktnr0000gn/T/ipykernel_14640/3110420929.py"", line 61, in <module>
    if is_image_processed(img_path):
       ^^^^^^^^^^^^^^^^^^
NameError: name 'is_image_processed' is not defined
",/Volumes/TVault2/datasets/sugvu24/extracted_frames/case_006/extraction_results.csv,38.0,
2025-04-05 15:55:03,ROW_PROCESSING_ERROR,Error processing row 39 in file /Volumes/TVault2/datasets/sugvu24/extracted_frames/case_006/extraction_results.csv: name 'is_image_processed' is not defined,"Traceback (most recent call last):
  File ""/var/folders/1j/2k5xpt896fdb5rnbdm6nktnr0000gn/T/ipykernel_14640/3110420929.py"", line 61, in <module>
    if is_image_processed(img_path):
       ^^^^^^^^^^^^^^^^^^
NameError: name 'is_image_processed' is not defined
",/Volumes/TVault2/datasets/sugvu24/extracted_frames/case_006/extraction_results.csv,39.0,
2025-04-05 15:55:03,ROW_PROCESSING_ERROR,Error processing row 40 in file /Volumes/TVault2/datasets/sugvu24/extracted_frames/case_006/extraction_results.csv: name 'is_image_processed' is not defined,"Traceback (most recent call last):
  File ""/var/folders/1j/2k5xpt896fdb5rnbdm6nktnr0000gn/T/ipykernel_14640/3110420929.py"", line 61, in <module>
    if is_image_processed(img_path):
       ^^^^^^^^^^^^^^^^^^
NameError: name 'is_image_processed' is not defined
",/Volumes/TVault2/datasets/sugvu24/extracted_frames/case_006/extraction_results.csv,40.0,
2025-04-05 15:55:03,ROW_PROCESSING_ERROR,Error processing row 41 in file /Volumes/TVault2/datasets/sugvu24/extracted_frames/case_006/extraction_results.csv: name 'is_image_processed' is not defined,"Traceback (most recent call last):
  File ""/var/folders/1j/2k5xpt896fdb5rnbdm6nktnr0000gn/T/ipykernel_14640/3110420929.py"", line 61, in <module>
    if is_image_processed(img_path):
       ^^^^^^^^^^^^^^^^^^
NameError: name 'is_image_processed' is not defined
",/Volumes/TVault2/datasets/sugvu24/extracted_frames/case_006/extraction_results.csv,41.0,
2025-04-05 15:55:03,ROW_PROCESSING_ERROR,Error processing row 42 in file /Volumes/TVault2/datasets/sugvu24/extracted_frames/case_006/extraction_results.csv: name 'is_image_processed' is not defined,"Traceback (most recent call last):
  File ""/var/folders/1j/2k5xpt896fdb5rnbdm6nktnr0000gn/T/ipykernel_14640/3110420929.py"", line 61, in <module>
    if is_image_processed(img_path):
       ^^^^^^^^^^^^^^^^^^
NameError: name 'is_image_processed' is not defined
",/Volumes/TVault2/datasets/sugvu24/extracted_frames/case_006/extraction_results.csv,42.0,
2025-04-05 15:55:03,ROW_PROCESSING_ERROR,Error processing row 43 in file /Volumes/TVault2/datasets/sugvu24/extracted_frames/case_006/extraction_results.csv: name 'is_image_processed' is not defined,"Traceback (most recent call last):
  File ""/var/folders/1j/2k5xpt896fdb5rnbdm6nktnr0000gn/T/ipykernel_14640/3110420929.py"", line 61, in <module>
    if is_image_processed(img_path):
       ^^^^^^^^^^^^^^^^^^
NameError: name 'is_image_processed' is not defined
",/Volumes/TVault2/datasets/sugvu24/extracted_frames/case_006/extraction_results.csv,43.0,
2025-04-05 15:55:03,ROW_PROCESSING_ERROR,Error processing row 44 in file /Volumes/TVault2/datasets/sugvu24/extracted_frames/case_006/extraction_results.csv: name 'is_image_processed' is not defined,"Traceback (most recent call last):
  File ""/var/folders/1j/2k5xpt896fdb5rnbdm6nktnr0000gn/T/ipykernel_14640/3110420929.py"", line 61, in <module>
    if is_image_processed(img_path):
       ^^^^^^^^^^^^^^^^^^
NameError: name 'is_image_processed' is not defined
",/Volumes/TVault2/datasets/sugvu24/extracted_frames/case_006/extraction_results.csv,44.0,
2025-04-05 15:55:03,ROW_PROCESSING_ERROR,Error processing row 0 in file /Volumes/TVault2/datasets/sugvu24/extracted_frames/case_007/extraction_results.csv: name 'is_image_processed' is not defined,"Traceback (most recent call last):
  File ""/var/folders/1j/2k5xpt896fdb5rnbdm6nktnr0000gn/T/ipykernel_14640/3110420929.py"", line 61, in <module>
    if is_image_processed(img_path):
       ^^^^^^^^^^^^^^^^^^
NameError: name 'is_image_processed' is not defined
",/Volumes/TVault2/datasets/sugvu24/extracted_frames/case_007/extraction_results.csv,0.0,
2025-04-05 15:55:03,ROW_PROCESSING_ERROR,Error processing row 1 in file /Volumes/TVault2/datasets/sugvu24/extracted_frames/case_007/extraction_results.csv: name 'is_image_processed' is not defined,"Traceback (most recent call last):
  File ""/var/folders/1j/2k5xpt896fdb5rnbdm6nktnr0000gn/T/ipykernel_14640/3110420929.py"", line 61, in <module>
    if is_image_processed(img_path):
       ^^^^^^^^^^^^^^^^^^
NameError: name 'is_image_processed' is not defined
",/Volumes/TVault2/datasets/sugvu24/extracted_frames/case_007/extraction_results.csv,1.0,
2025-04-05 15:55:03,ROW_PROCESSING_ERROR,Error processing row 2 in file /Volumes/TVault2/datasets/sugvu24/extracted_frames/case_007/extraction_results.csv: name 'is_image_processed' is not defined,"Traceback (most recent call last):
  File ""/var/folders/1j/2k5xpt896fdb5rnbdm6nktnr0000gn/T/ipykernel_14640/3110420929.py"", line 61, in <module>
    if is_image_processed(img_path):
       ^^^^^^^^^^^^^^^^^^
NameError: name 'is_image_processed' is not defined
",/Volumes/TVault2/datasets/sugvu24/extracted_frames/case_007/extraction_results.csv,2.0,
2025-04-05 15:55:03,ROW_PROCESSING_ERROR,"Error processing row 3 in file /Volumes/TVault2/datasets/sugvu24/extracted_frames/case_007/extraction_results.csv: join() argument must be str, bytes, or os.PathLike object, not 'float'","Traceback (most recent call last):
  File ""/var/folders/1j/2k5xpt896fdb5rnbdm6nktnr0000gn/T/ipykernel_14640/3110420929.py"", line 58, in <module>
    img_path = os.path.join(root, frame_file)
               ^^^^^^^^^^^^^^^^^^^^^^^^^^^^^^
  File ""<frozen posixpath>"", line 90, in join
  File ""<frozen genericpath>"", line 164, in _check_arg_types
TypeError: join() argument must be str, bytes, or os.PathLike object, not 'float'
",/Volumes/TVault2/datasets/sugvu24/extracted_frames/case_007/extraction_results.csv,3.0,
2025-04-05 15:55:03,ROW_PROCESSING_ERROR,"Error processing row 4 in file /Volumes/TVault2/datasets/sugvu24/extracted_frames/case_007/extraction_results.csv: join() argument must be str, bytes, or os.PathLike object, not 'float'","Traceback (most recent call last):
  File ""/var/folders/1j/2k5xpt896fdb5rnbdm6nktnr0000gn/T/ipykernel_14640/3110420929.py"", line 58, in <module>
    img_path = os.path.join(root, frame_file)
               ^^^^^^^^^^^^^^^^^^^^^^^^^^^^^^
  File ""<frozen posixpath>"", line 90, in join
  File ""<frozen genericpath>"", line 164, in _check_arg_types
TypeError: join() argument must be str, bytes, or os.PathLike object, not 'float'
",/Volumes/TVault2/datasets/sugvu24/extracted_frames/case_007/extraction_results.csv,4.0,
2025-04-05 15:55:03,ROW_PROCESSING_ERROR,Error processing row 5 in file /Volumes/TVault2/datasets/sugvu24/extracted_frames/case_007/extraction_results.csv: name 'is_image_processed' is not defined,"Traceback (most recent call last):
  File ""/var/folders/1j/2k5xpt896fdb5rnbdm6nktnr0000gn/T/ipykernel_14640/3110420929.py"", line 61, in <module>
    if is_image_processed(img_path):
       ^^^^^^^^^^^^^^^^^^
NameError: name 'is_image_processed' is not defined
",/Volumes/TVault2/datasets/sugvu24/extracted_frames/case_007/extraction_results.csv,5.0,
2025-04-05 15:55:03,ROW_PROCESSING_ERROR,Error processing row 6 in file /Volumes/TVault2/datasets/sugvu24/extracted_frames/case_007/extraction_results.csv: name 'is_image_processed' is not defined,"Traceback (most recent call last):
  File ""/var/folders/1j/2k5xpt896fdb5rnbdm6nktnr0000gn/T/ipykernel_14640/3110420929.py"", line 61, in <module>
    if is_image_processed(img_path):
       ^^^^^^^^^^^^^^^^^^
NameError: name 'is_image_processed' is not defined
",/Volumes/TVault2/datasets/sugvu24/extracted_frames/case_007/extraction_results.csv,6.0,
2025-04-05 15:55:03,ROW_PROCESSING_ERROR,Error processing row 7 in file /Volumes/TVault2/datasets/sugvu24/extracted_frames/case_007/extraction_results.csv: name 'is_image_processed' is not defined,"Traceback (most recent call last):
  File ""/var/folders/1j/2k5xpt896fdb5rnbdm6nktnr0000gn/T/ipykernel_14640/3110420929.py"", line 61, in <module>
    if is_image_processed(img_path):
       ^^^^^^^^^^^^^^^^^^
NameError: name 'is_image_processed' is not defined
",/Volumes/TVault2/datasets/sugvu24/extracted_frames/case_007/extraction_results.csv,7.0,
2025-04-05 15:55:03,ROW_PROCESSING_ERROR,Error processing row 8 in file /Volumes/TVault2/datasets/sugvu24/extracted_frames/case_007/extraction_results.csv: name 'is_image_processed' is not defined,"Traceback (most recent call last):
  File ""/var/folders/1j/2k5xpt896fdb5rnbdm6nktnr0000gn/T/ipykernel_14640/3110420929.py"", line 61, in <module>
    if is_image_processed(img_path):
       ^^^^^^^^^^^^^^^^^^
NameError: name 'is_image_processed' is not defined
",/Volumes/TVault2/datasets/sugvu24/extracted_frames/case_007/extraction_results.csv,8.0,
2025-04-05 15:55:03,ROW_PROCESSING_ERROR,Error processing row 9 in file /Volumes/TVault2/datasets/sugvu24/extracted_frames/case_007/extraction_results.csv: name 'is_image_processed' is not defined,"Traceback (most recent call last):
  File ""/var/folders/1j/2k5xpt896fdb5rnbdm6nktnr0000gn/T/ipykernel_14640/3110420929.py"", line 61, in <module>
    if is_image_processed(img_path):
       ^^^^^^^^^^^^^^^^^^
NameError: name 'is_image_processed' is not defined
",/Volumes/TVault2/datasets/sugvu24/extracted_frames/case_007/extraction_results.csv,9.0,
2025-04-05 15:55:03,ROW_PROCESSING_ERROR,Error processing row 10 in file /Volumes/TVault2/datasets/sugvu24/extracted_frames/case_007/extraction_results.csv: name 'is_image_processed' is not defined,"Traceback (most recent call last):
  File ""/var/folders/1j/2k5xpt896fdb5rnbdm6nktnr0000gn/T/ipykernel_14640/3110420929.py"", line 61, in <module>
    if is_image_processed(img_path):
       ^^^^^^^^^^^^^^^^^^
NameError: name 'is_image_processed' is not defined
",/Volumes/TVault2/datasets/sugvu24/extracted_frames/case_007/extraction_results.csv,10.0,
2025-04-05 15:55:03,ROW_PROCESSING_ERROR,Error processing row 11 in file /Volumes/TVault2/datasets/sugvu24/extracted_frames/case_007/extraction_results.csv: name 'is_image_processed' is not defined,"Traceback (most recent call last):
  File ""/var/folders/1j/2k5xpt896fdb5rnbdm6nktnr0000gn/T/ipykernel_14640/3110420929.py"", line 61, in <module>
    if is_image_processed(img_path):
       ^^^^^^^^^^^^^^^^^^
NameError: name 'is_image_processed' is not defined
",/Volumes/TVault2/datasets/sugvu24/extracted_frames/case_007/extraction_results.csv,11.0,
2025-04-05 15:55:03,ROW_PROCESSING_ERROR,Error processing row 12 in file /Volumes/TVault2/datasets/sugvu24/extracted_frames/case_007/extraction_results.csv: name 'is_image_processed' is not defined,"Traceback (most recent call last):
  File ""/var/folders/1j/2k5xpt896fdb5rnbdm6nktnr0000gn/T/ipykernel_14640/3110420929.py"", line 61, in <module>
    if is_image_processed(img_path):
       ^^^^^^^^^^^^^^^^^^
NameError: name 'is_image_processed' is not defined
",/Volumes/TVault2/datasets/sugvu24/extracted_frames/case_007/extraction_results.csv,12.0,
2025-04-05 15:55:03,ROW_PROCESSING_ERROR,Error processing row 13 in file /Volumes/TVault2/datasets/sugvu24/extracted_frames/case_007/extraction_results.csv: name 'is_image_processed' is not defined,"Traceback (most recent call last):
  File ""/var/folders/1j/2k5xpt896fdb5rnbdm6nktnr0000gn/T/ipykernel_14640/3110420929.py"", line 61, in <module>
    if is_image_processed(img_path):
       ^^^^^^^^^^^^^^^^^^
NameError: name 'is_image_processed' is not defined
",/Volumes/TVault2/datasets/sugvu24/extracted_frames/case_007/extraction_results.csv,13.0,
2025-04-05 15:55:03,ROW_PROCESSING_ERROR,Error processing row 14 in file /Volumes/TVault2/datasets/sugvu24/extracted_frames/case_007/extraction_results.csv: name 'is_image_processed' is not defined,"Traceback (most recent call last):
  File ""/var/folders/1j/2k5xpt896fdb5rnbdm6nktnr0000gn/T/ipykernel_14640/3110420929.py"", line 61, in <module>
    if is_image_processed(img_path):
       ^^^^^^^^^^^^^^^^^^
NameError: name 'is_image_processed' is not defined
",/Volumes/TVault2/datasets/sugvu24/extracted_frames/case_007/extraction_results.csv,14.0,
2025-04-05 15:55:03,ROW_PROCESSING_ERROR,Error processing row 15 in file /Volumes/TVault2/datasets/sugvu24/extracted_frames/case_007/extraction_results.csv: name 'is_image_processed' is not defined,"Traceback (most recent call last):
  File ""/var/folders/1j/2k5xpt896fdb5rnbdm6nktnr0000gn/T/ipykernel_14640/3110420929.py"", line 61, in <module>
    if is_image_processed(img_path):
       ^^^^^^^^^^^^^^^^^^
NameError: name 'is_image_processed' is not defined
",/Volumes/TVault2/datasets/sugvu24/extracted_frames/case_007/extraction_results.csv,15.0,
2025-04-05 15:55:03,ROW_PROCESSING_ERROR,Error processing row 16 in file /Volumes/TVault2/datasets/sugvu24/extracted_frames/case_007/extraction_results.csv: name 'is_image_processed' is not defined,"Traceback (most recent call last):
  File ""/var/folders/1j/2k5xpt896fdb5rnbdm6nktnr0000gn/T/ipykernel_14640/3110420929.py"", line 61, in <module>
    if is_image_processed(img_path):
       ^^^^^^^^^^^^^^^^^^
NameError: name 'is_image_processed' is not defined
",/Volumes/TVault2/datasets/sugvu24/extracted_frames/case_007/extraction_results.csv,16.0,
2025-04-05 15:55:03,ROW_PROCESSING_ERROR,Error processing row 17 in file /Volumes/TVault2/datasets/sugvu24/extracted_frames/case_007/extraction_results.csv: name 'is_image_processed' is not defined,"Traceback (most recent call last):
  File ""/var/folders/1j/2k5xpt896fdb5rnbdm6nktnr0000gn/T/ipykernel_14640/3110420929.py"", line 61, in <module>
    if is_image_processed(img_path):
       ^^^^^^^^^^^^^^^^^^
NameError: name 'is_image_processed' is not defined
",/Volumes/TVault2/datasets/sugvu24/extracted_frames/case_007/extraction_results.csv,17.0,
2025-04-05 15:55:03,ROW_PROCESSING_ERROR,Error processing row 18 in file /Volumes/TVault2/datasets/sugvu24/extracted_frames/case_007/extraction_results.csv: name 'is_image_processed' is not defined,"Traceback (most recent call last):
  File ""/var/folders/1j/2k5xpt896fdb5rnbdm6nktnr0000gn/T/ipykernel_14640/3110420929.py"", line 61, in <module>
    if is_image_processed(img_path):
       ^^^^^^^^^^^^^^^^^^
NameError: name 'is_image_processed' is not defined
",/Volumes/TVault2/datasets/sugvu24/extracted_frames/case_007/extraction_results.csv,18.0,
2025-04-05 15:55:03,ROW_PROCESSING_ERROR,Error processing row 19 in file /Volumes/TVault2/datasets/sugvu24/extracted_frames/case_007/extraction_results.csv: name 'is_image_processed' is not defined,"Traceback (most recent call last):
  File ""/var/folders/1j/2k5xpt896fdb5rnbdm6nktnr0000gn/T/ipykernel_14640/3110420929.py"", line 61, in <module>
    if is_image_processed(img_path):
       ^^^^^^^^^^^^^^^^^^
NameError: name 'is_image_processed' is not defined
",/Volumes/TVault2/datasets/sugvu24/extracted_frames/case_007/extraction_results.csv,19.0,
2025-04-05 15:55:03,ROW_PROCESSING_ERROR,Error processing row 20 in file /Volumes/TVault2/datasets/sugvu24/extracted_frames/case_007/extraction_results.csv: name 'is_image_processed' is not defined,"Traceback (most recent call last):
  File ""/var/folders/1j/2k5xpt896fdb5rnbdm6nktnr0000gn/T/ipykernel_14640/3110420929.py"", line 61, in <module>
    if is_image_processed(img_path):
       ^^^^^^^^^^^^^^^^^^
NameError: name 'is_image_processed' is not defined
",/Volumes/TVault2/datasets/sugvu24/extracted_frames/case_007/extraction_results.csv,20.0,
2025-04-05 15:55:03,ROW_PROCESSING_ERROR,Error processing row 21 in file /Volumes/TVault2/datasets/sugvu24/extracted_frames/case_007/extraction_results.csv: name 'is_image_processed' is not defined,"Traceback (most recent call last):
  File ""/var/folders/1j/2k5xpt896fdb5rnbdm6nktnr0000gn/T/ipykernel_14640/3110420929.py"", line 61, in <module>
    if is_image_processed(img_path):
       ^^^^^^^^^^^^^^^^^^
NameError: name 'is_image_processed' is not defined
",/Volumes/TVault2/datasets/sugvu24/extracted_frames/case_007/extraction_results.csv,21.0,
2025-04-05 15:55:03,ROW_PROCESSING_ERROR,Error processing row 22 in file /Volumes/TVault2/datasets/sugvu24/extracted_frames/case_007/extraction_results.csv: name 'is_image_processed' is not defined,"Traceback (most recent call last):
  File ""/var/folders/1j/2k5xpt896fdb5rnbdm6nktnr0000gn/T/ipykernel_14640/3110420929.py"", line 61, in <module>
    if is_image_processed(img_path):
       ^^^^^^^^^^^^^^^^^^
NameError: name 'is_image_processed' is not defined
",/Volumes/TVault2/datasets/sugvu24/extracted_frames/case_007/extraction_results.csv,22.0,
2025-04-05 15:55:03,ROW_PROCESSING_ERROR,Error processing row 23 in file /Volumes/TVault2/datasets/sugvu24/extracted_frames/case_007/extraction_results.csv: name 'is_image_processed' is not defined,"Traceback (most recent call last):
  File ""/var/folders/1j/2k5xpt896fdb5rnbdm6nktnr0000gn/T/ipykernel_14640/3110420929.py"", line 61, in <module>
    if is_image_processed(img_path):
       ^^^^^^^^^^^^^^^^^^
NameError: name 'is_image_processed' is not defined
",/Volumes/TVault2/datasets/sugvu24/extracted_frames/case_007/extraction_results.csv,23.0,
2025-04-05 15:55:03,ROW_PROCESSING_ERROR,Error processing row 24 in file /Volumes/TVault2/datasets/sugvu24/extracted_frames/case_007/extraction_results.csv: name 'is_image_processed' is not defined,"Traceback (most recent call last):
  File ""/var/folders/1j/2k5xpt896fdb5rnbdm6nktnr0000gn/T/ipykernel_14640/3110420929.py"", line 61, in <module>
    if is_image_processed(img_path):
       ^^^^^^^^^^^^^^^^^^
NameError: name 'is_image_processed' is not defined
",/Volumes/TVault2/datasets/sugvu24/extracted_frames/case_007/extraction_results.csv,24.0,
2025-04-05 15:55:03,ROW_PROCESSING_ERROR,Error processing row 25 in file /Volumes/TVault2/datasets/sugvu24/extracted_frames/case_007/extraction_results.csv: name 'is_image_processed' is not defined,"Traceback (most recent call last):
  File ""/var/folders/1j/2k5xpt896fdb5rnbdm6nktnr0000gn/T/ipykernel_14640/3110420929.py"", line 61, in <module>
    if is_image_processed(img_path):
       ^^^^^^^^^^^^^^^^^^
NameError: name 'is_image_processed' is not defined
",/Volumes/TVault2/datasets/sugvu24/extracted_frames/case_007/extraction_results.csv,25.0,
2025-04-05 15:55:03,ROW_PROCESSING_ERROR,Error processing row 26 in file /Volumes/TVault2/datasets/sugvu24/extracted_frames/case_007/extraction_results.csv: name 'is_image_processed' is not defined,"Traceback (most recent call last):
  File ""/var/folders/1j/2k5xpt896fdb5rnbdm6nktnr0000gn/T/ipykernel_14640/3110420929.py"", line 61, in <module>
    if is_image_processed(img_path):
       ^^^^^^^^^^^^^^^^^^
NameError: name 'is_image_processed' is not defined
",/Volumes/TVault2/datasets/sugvu24/extracted_frames/case_007/extraction_results.csv,26.0,
2025-04-05 15:55:03,ROW_PROCESSING_ERROR,Error processing row 27 in file /Volumes/TVault2/datasets/sugvu24/extracted_frames/case_007/extraction_results.csv: name 'is_image_processed' is not defined,"Traceback (most recent call last):
  File ""/var/folders/1j/2k5xpt896fdb5rnbdm6nktnr0000gn/T/ipykernel_14640/3110420929.py"", line 61, in <module>
    if is_image_processed(img_path):
       ^^^^^^^^^^^^^^^^^^
NameError: name 'is_image_processed' is not defined
",/Volumes/TVault2/datasets/sugvu24/extracted_frames/case_007/extraction_results.csv,27.0,
2025-04-05 15:55:03,ROW_PROCESSING_ERROR,Error processing row 28 in file /Volumes/TVault2/datasets/sugvu24/extracted_frames/case_007/extraction_results.csv: name 'is_image_processed' is not defined,"Traceback (most recent call last):
  File ""/var/folders/1j/2k5xpt896fdb5rnbdm6nktnr0000gn/T/ipykernel_14640/3110420929.py"", line 61, in <module>
    if is_image_processed(img_path):
       ^^^^^^^^^^^^^^^^^^
NameError: name 'is_image_processed' is not defined
",/Volumes/TVault2/datasets/sugvu24/extracted_frames/case_007/extraction_results.csv,28.0,
2025-04-05 15:55:03,ROW_PROCESSING_ERROR,Error processing row 29 in file /Volumes/TVault2/datasets/sugvu24/extracted_frames/case_007/extraction_results.csv: name 'is_image_processed' is not defined,"Traceback (most recent call last):
  File ""/var/folders/1j/2k5xpt896fdb5rnbdm6nktnr0000gn/T/ipykernel_14640/3110420929.py"", line 61, in <module>
    if is_image_processed(img_path):
       ^^^^^^^^^^^^^^^^^^
NameError: name 'is_image_processed' is not defined
",/Volumes/TVault2/datasets/sugvu24/extracted_frames/case_007/extraction_results.csv,29.0,
2025-04-05 15:55:03,ROW_PROCESSING_ERROR,Error processing row 30 in file /Volumes/TVault2/datasets/sugvu24/extracted_frames/case_007/extraction_results.csv: name 'is_image_processed' is not defined,"Traceback (most recent call last):
  File ""/var/folders/1j/2k5xpt896fdb5rnbdm6nktnr0000gn/T/ipykernel_14640/3110420929.py"", line 61, in <module>
    if is_image_processed(img_path):
       ^^^^^^^^^^^^^^^^^^
NameError: name 'is_image_processed' is not defined
",/Volumes/TVault2/datasets/sugvu24/extracted_frames/case_007/extraction_results.csv,30.0,
2025-04-05 15:55:03,ROW_PROCESSING_ERROR,Error processing row 31 in file /Volumes/TVault2/datasets/sugvu24/extracted_frames/case_007/extraction_results.csv: name 'is_image_processed' is not defined,"Traceback (most recent call last):
  File ""/var/folders/1j/2k5xpt896fdb5rnbdm6nktnr0000gn/T/ipykernel_14640/3110420929.py"", line 61, in <module>
    if is_image_processed(img_path):
       ^^^^^^^^^^^^^^^^^^
NameError: name 'is_image_processed' is not defined
",/Volumes/TVault2/datasets/sugvu24/extracted_frames/case_007/extraction_results.csv,31.0,
2025-04-05 15:55:03,ROW_PROCESSING_ERROR,Error processing row 32 in file /Volumes/TVault2/datasets/sugvu24/extracted_frames/case_007/extraction_results.csv: name 'is_image_processed' is not defined,"Traceback (most recent call last):
  File ""/var/folders/1j/2k5xpt896fdb5rnbdm6nktnr0000gn/T/ipykernel_14640/3110420929.py"", line 61, in <module>
    if is_image_processed(img_path):
       ^^^^^^^^^^^^^^^^^^
NameError: name 'is_image_processed' is not defined
",/Volumes/TVault2/datasets/sugvu24/extracted_frames/case_007/extraction_results.csv,32.0,
2025-04-05 15:55:03,ROW_PROCESSING_ERROR,Error processing row 33 in file /Volumes/TVault2/datasets/sugvu24/extracted_frames/case_007/extraction_results.csv: name 'is_image_processed' is not defined,"Traceback (most recent call last):
  File ""/var/folders/1j/2k5xpt896fdb5rnbdm6nktnr0000gn/T/ipykernel_14640/3110420929.py"", line 61, in <module>
    if is_image_processed(img_path):
       ^^^^^^^^^^^^^^^^^^
NameError: name 'is_image_processed' is not defined
",/Volumes/TVault2/datasets/sugvu24/extracted_frames/case_007/extraction_results.csv,33.0,
2025-04-05 15:55:03,ROW_PROCESSING_ERROR,Error processing row 34 in file /Volumes/TVault2/datasets/sugvu24/extracted_frames/case_007/extraction_results.csv: name 'is_image_processed' is not defined,"Traceback (most recent call last):
  File ""/var/folders/1j/2k5xpt896fdb5rnbdm6nktnr0000gn/T/ipykernel_14640/3110420929.py"", line 61, in <module>
    if is_image_processed(img_path):
       ^^^^^^^^^^^^^^^^^^
NameError: name 'is_image_processed' is not defined
",/Volumes/TVault2/datasets/sugvu24/extracted_frames/case_007/extraction_results.csv,34.0,
2025-04-05 15:55:03,ROW_PROCESSING_ERROR,Error processing row 35 in file /Volumes/TVault2/datasets/sugvu24/extracted_frames/case_007/extraction_results.csv: name 'is_image_processed' is not defined,"Traceback (most recent call last):
  File ""/var/folders/1j/2k5xpt896fdb5rnbdm6nktnr0000gn/T/ipykernel_14640/3110420929.py"", line 61, in <module>
    if is_image_processed(img_path):
       ^^^^^^^^^^^^^^^^^^
NameError: name 'is_image_processed' is not defined
",/Volumes/TVault2/datasets/sugvu24/extracted_frames/case_007/extraction_results.csv,35.0,
2025-04-05 15:55:03,ROW_PROCESSING_ERROR,Error processing row 36 in file /Volumes/TVault2/datasets/sugvu24/extracted_frames/case_007/extraction_results.csv: name 'is_image_processed' is not defined,"Traceback (most recent call last):
  File ""/var/folders/1j/2k5xpt896fdb5rnbdm6nktnr0000gn/T/ipykernel_14640/3110420929.py"", line 61, in <module>
    if is_image_processed(img_path):
       ^^^^^^^^^^^^^^^^^^
NameError: name 'is_image_processed' is not defined
",/Volumes/TVault2/datasets/sugvu24/extracted_frames/case_007/extraction_results.csv,36.0,
2025-04-05 15:55:03,ROW_PROCESSING_ERROR,Error processing row 37 in file /Volumes/TVault2/datasets/sugvu24/extracted_frames/case_007/extraction_results.csv: name 'is_image_processed' is not defined,"Traceback (most recent call last):
  File ""/var/folders/1j/2k5xpt896fdb5rnbdm6nktnr0000gn/T/ipykernel_14640/3110420929.py"", line 61, in <module>
    if is_image_processed(img_path):
       ^^^^^^^^^^^^^^^^^^
NameError: name 'is_image_processed' is not defined
",/Volumes/TVault2/datasets/sugvu24/extracted_frames/case_007/extraction_results.csv,37.0,
2025-04-05 15:55:03,ROW_PROCESSING_ERROR,Error processing row 38 in file /Volumes/TVault2/datasets/sugvu24/extracted_frames/case_007/extraction_results.csv: name 'is_image_processed' is not defined,"Traceback (most recent call last):
  File ""/var/folders/1j/2k5xpt896fdb5rnbdm6nktnr0000gn/T/ipykernel_14640/3110420929.py"", line 61, in <module>
    if is_image_processed(img_path):
       ^^^^^^^^^^^^^^^^^^
NameError: name 'is_image_processed' is not defined
",/Volumes/TVault2/datasets/sugvu24/extracted_frames/case_007/extraction_results.csv,38.0,
2025-04-05 15:55:03,ROW_PROCESSING_ERROR,Error processing row 39 in file /Volumes/TVault2/datasets/sugvu24/extracted_frames/case_007/extraction_results.csv: name 'is_image_processed' is not defined,"Traceback (most recent call last):
  File ""/var/folders/1j/2k5xpt896fdb5rnbdm6nktnr0000gn/T/ipykernel_14640/3110420929.py"", line 61, in <module>
    if is_image_processed(img_path):
       ^^^^^^^^^^^^^^^^^^
NameError: name 'is_image_processed' is not defined
",/Volumes/TVault2/datasets/sugvu24/extracted_frames/case_007/extraction_results.csv,39.0,
2025-04-05 15:55:03,ROW_PROCESSING_ERROR,Error processing row 40 in file /Volumes/TVault2/datasets/sugvu24/extracted_frames/case_007/extraction_results.csv: name 'is_image_processed' is not defined,"Traceback (most recent call last):
  File ""/var/folders/1j/2k5xpt896fdb5rnbdm6nktnr0000gn/T/ipykernel_14640/3110420929.py"", line 61, in <module>
    if is_image_processed(img_path):
       ^^^^^^^^^^^^^^^^^^
NameError: name 'is_image_processed' is not defined
",/Volumes/TVault2/datasets/sugvu24/extracted_frames/case_007/extraction_results.csv,40.0,
2025-04-05 15:55:03,ROW_PROCESSING_ERROR,Error processing row 41 in file /Volumes/TVault2/datasets/sugvu24/extracted_frames/case_007/extraction_results.csv: name 'is_image_processed' is not defined,"Traceback (most recent call last):
  File ""/var/folders/1j/2k5xpt896fdb5rnbdm6nktnr0000gn/T/ipykernel_14640/3110420929.py"", line 61, in <module>
    if is_image_processed(img_path):
       ^^^^^^^^^^^^^^^^^^
NameError: name 'is_image_processed' is not defined
",/Volumes/TVault2/datasets/sugvu24/extracted_frames/case_007/extraction_results.csv,41.0,
2025-04-05 15:55:03,ROW_PROCESSING_ERROR,Error processing row 42 in file /Volumes/TVault2/datasets/sugvu24/extracted_frames/case_007/extraction_results.csv: name 'is_image_processed' is not defined,"Traceback (most recent call last):
  File ""/var/folders/1j/2k5xpt896fdb5rnbdm6nktnr0000gn/T/ipykernel_14640/3110420929.py"", line 61, in <module>
    if is_image_processed(img_path):
       ^^^^^^^^^^^^^^^^^^
NameError: name 'is_image_processed' is not defined
",/Volumes/TVault2/datasets/sugvu24/extracted_frames/case_007/extraction_results.csv,42.0,
2025-04-05 15:55:03,ROW_PROCESSING_ERROR,Error processing row 43 in file /Volumes/TVault2/datasets/sugvu24/extracted_frames/case_007/extraction_results.csv: name 'is_image_processed' is not defined,"Traceback (most recent call last):
  File ""/var/folders/1j/2k5xpt896fdb5rnbdm6nktnr0000gn/T/ipykernel_14640/3110420929.py"", line 61, in <module>
    if is_image_processed(img_path):
       ^^^^^^^^^^^^^^^^^^
NameError: name 'is_image_processed' is not defined
",/Volumes/TVault2/datasets/sugvu24/extracted_frames/case_007/extraction_results.csv,43.0,
2025-04-05 15:55:03,ROW_PROCESSING_ERROR,Error processing row 44 in file /Volumes/TVault2/datasets/sugvu24/extracted_frames/case_007/extraction_results.csv: name 'is_image_processed' is not defined,"Traceback (most recent call last):
  File ""/var/folders/1j/2k5xpt896fdb5rnbdm6nktnr0000gn/T/ipykernel_14640/3110420929.py"", line 61, in <module>
    if is_image_processed(img_path):
       ^^^^^^^^^^^^^^^^^^
NameError: name 'is_image_processed' is not defined
",/Volumes/TVault2/datasets/sugvu24/extracted_frames/case_007/extraction_results.csv,44.0,
2025-04-05 15:55:03,ROW_PROCESSING_ERROR,Error processing row 45 in file /Volumes/TVault2/datasets/sugvu24/extracted_frames/case_007/extraction_results.csv: name 'is_image_processed' is not defined,"Traceback (most recent call last):
  File ""/var/folders/1j/2k5xpt896fdb5rnbdm6nktnr0000gn/T/ipykernel_14640/3110420929.py"", line 61, in <module>
    if is_image_processed(img_path):
       ^^^^^^^^^^^^^^^^^^
NameError: name 'is_image_processed' is not defined
",/Volumes/TVault2/datasets/sugvu24/extracted_frames/case_007/extraction_results.csv,45.0,
2025-04-05 15:55:03,ROW_PROCESSING_ERROR,Error processing row 46 in file /Volumes/TVault2/datasets/sugvu24/extracted_frames/case_007/extraction_results.csv: name 'is_image_processed' is not defined,"Traceback (most recent call last):
  File ""/var/folders/1j/2k5xpt896fdb5rnbdm6nktnr0000gn/T/ipykernel_14640/3110420929.py"", line 61, in <module>
    if is_image_processed(img_path):
       ^^^^^^^^^^^^^^^^^^
NameError: name 'is_image_processed' is not defined
",/Volumes/TVault2/datasets/sugvu24/extracted_frames/case_007/extraction_results.csv,46.0,
2025-04-05 15:55:03,ROW_PROCESSING_ERROR,Error processing row 47 in file /Volumes/TVault2/datasets/sugvu24/extracted_frames/case_007/extraction_results.csv: name 'is_image_processed' is not defined,"Traceback (most recent call last):
  File ""/var/folders/1j/2k5xpt896fdb5rnbdm6nktnr0000gn/T/ipykernel_14640/3110420929.py"", line 61, in <module>
    if is_image_processed(img_path):
       ^^^^^^^^^^^^^^^^^^
NameError: name 'is_image_processed' is not defined
",/Volumes/TVault2/datasets/sugvu24/extracted_frames/case_007/extraction_results.csv,47.0,
2025-04-05 15:55:03,ROW_PROCESSING_ERROR,Error processing row 48 in file /Volumes/TVault2/datasets/sugvu24/extracted_frames/case_007/extraction_results.csv: name 'is_image_processed' is not defined,"Traceback (most recent call last):
  File ""/var/folders/1j/2k5xpt896fdb5rnbdm6nktnr0000gn/T/ipykernel_14640/3110420929.py"", line 61, in <module>
    if is_image_processed(img_path):
       ^^^^^^^^^^^^^^^^^^
NameError: name 'is_image_processed' is not defined
",/Volumes/TVault2/datasets/sugvu24/extracted_frames/case_007/extraction_results.csv,48.0,
2025-04-05 15:55:03,ROW_PROCESSING_ERROR,Error processing row 49 in file /Volumes/TVault2/datasets/sugvu24/extracted_frames/case_007/extraction_results.csv: name 'is_image_processed' is not defined,"Traceback (most recent call last):
  File ""/var/folders/1j/2k5xpt896fdb5rnbdm6nktnr0000gn/T/ipykernel_14640/3110420929.py"", line 61, in <module>
    if is_image_processed(img_path):
       ^^^^^^^^^^^^^^^^^^
NameError: name 'is_image_processed' is not defined
",/Volumes/TVault2/datasets/sugvu24/extracted_frames/case_007/extraction_results.csv,49.0,
2025-04-05 15:55:03,ROW_PROCESSING_ERROR,Error processing row 50 in file /Volumes/TVault2/datasets/sugvu24/extracted_frames/case_007/extraction_results.csv: name 'is_image_processed' is not defined,"Traceback (most recent call last):
  File ""/var/folders/1j/2k5xpt896fdb5rnbdm6nktnr0000gn/T/ipykernel_14640/3110420929.py"", line 61, in <module>
    if is_image_processed(img_path):
       ^^^^^^^^^^^^^^^^^^
NameError: name 'is_image_processed' is not defined
",/Volumes/TVault2/datasets/sugvu24/extracted_frames/case_007/extraction_results.csv,50.0,
2025-04-05 15:55:03,ROW_PROCESSING_ERROR,Error processing row 51 in file /Volumes/TVault2/datasets/sugvu24/extracted_frames/case_007/extraction_results.csv: name 'is_image_processed' is not defined,"Traceback (most recent call last):
  File ""/var/folders/1j/2k5xpt896fdb5rnbdm6nktnr0000gn/T/ipykernel_14640/3110420929.py"", line 61, in <module>
    if is_image_processed(img_path):
       ^^^^^^^^^^^^^^^^^^
NameError: name 'is_image_processed' is not defined
",/Volumes/TVault2/datasets/sugvu24/extracted_frames/case_007/extraction_results.csv,51.0,
2025-04-05 15:55:03,ROW_PROCESSING_ERROR,Error processing row 52 in file /Volumes/TVault2/datasets/sugvu24/extracted_frames/case_007/extraction_results.csv: name 'is_image_processed' is not defined,"Traceback (most recent call last):
  File ""/var/folders/1j/2k5xpt896fdb5rnbdm6nktnr0000gn/T/ipykernel_14640/3110420929.py"", line 61, in <module>
    if is_image_processed(img_path):
       ^^^^^^^^^^^^^^^^^^
NameError: name 'is_image_processed' is not defined
",/Volumes/TVault2/datasets/sugvu24/extracted_frames/case_007/extraction_results.csv,52.0,
2025-04-05 15:55:03,ROW_PROCESSING_ERROR,Error processing row 53 in file /Volumes/TVault2/datasets/sugvu24/extracted_frames/case_007/extraction_results.csv: name 'is_image_processed' is not defined,"Traceback (most recent call last):
  File ""/var/folders/1j/2k5xpt896fdb5rnbdm6nktnr0000gn/T/ipykernel_14640/3110420929.py"", line 61, in <module>
    if is_image_processed(img_path):
       ^^^^^^^^^^^^^^^^^^
NameError: name 'is_image_processed' is not defined
",/Volumes/TVault2/datasets/sugvu24/extracted_frames/case_007/extraction_results.csv,53.0,
2025-04-05 15:55:03,ROW_PROCESSING_ERROR,Error processing row 54 in file /Volumes/TVault2/datasets/sugvu24/extracted_frames/case_007/extraction_results.csv: name 'is_image_processed' is not defined,"Traceback (most recent call last):
  File ""/var/folders/1j/2k5xpt896fdb5rnbdm6nktnr0000gn/T/ipykernel_14640/3110420929.py"", line 61, in <module>
    if is_image_processed(img_path):
       ^^^^^^^^^^^^^^^^^^
NameError: name 'is_image_processed' is not defined
",/Volumes/TVault2/datasets/sugvu24/extracted_frames/case_007/extraction_results.csv,54.0,
2025-04-05 15:55:03,ROW_PROCESSING_ERROR,Error processing row 55 in file /Volumes/TVault2/datasets/sugvu24/extracted_frames/case_007/extraction_results.csv: name 'is_image_processed' is not defined,"Traceback (most recent call last):
  File ""/var/folders/1j/2k5xpt896fdb5rnbdm6nktnr0000gn/T/ipykernel_14640/3110420929.py"", line 61, in <module>
    if is_image_processed(img_path):
       ^^^^^^^^^^^^^^^^^^
NameError: name 'is_image_processed' is not defined
",/Volumes/TVault2/datasets/sugvu24/extracted_frames/case_007/extraction_results.csv,55.0,
2025-04-05 15:55:03,ROW_PROCESSING_ERROR,Error processing row 56 in file /Volumes/TVault2/datasets/sugvu24/extracted_frames/case_007/extraction_results.csv: name 'is_image_processed' is not defined,"Traceback (most recent call last):
  File ""/var/folders/1j/2k5xpt896fdb5rnbdm6nktnr0000gn/T/ipykernel_14640/3110420929.py"", line 61, in <module>
    if is_image_processed(img_path):
       ^^^^^^^^^^^^^^^^^^
NameError: name 'is_image_processed' is not defined
",/Volumes/TVault2/datasets/sugvu24/extracted_frames/case_007/extraction_results.csv,56.0,
2025-04-05 15:55:03,ROW_PROCESSING_ERROR,Error processing row 57 in file /Volumes/TVault2/datasets/sugvu24/extracted_frames/case_007/extraction_results.csv: name 'is_image_processed' is not defined,"Traceback (most recent call last):
  File ""/var/folders/1j/2k5xpt896fdb5rnbdm6nktnr0000gn/T/ipykernel_14640/3110420929.py"", line 61, in <module>
    if is_image_processed(img_path):
       ^^^^^^^^^^^^^^^^^^
NameError: name 'is_image_processed' is not defined
",/Volumes/TVault2/datasets/sugvu24/extracted_frames/case_007/extraction_results.csv,57.0,
2025-04-05 15:55:03,ROW_PROCESSING_ERROR,Error processing row 58 in file /Volumes/TVault2/datasets/sugvu24/extracted_frames/case_007/extraction_results.csv: name 'is_image_processed' is not defined,"Traceback (most recent call last):
  File ""/var/folders/1j/2k5xpt896fdb5rnbdm6nktnr0000gn/T/ipykernel_14640/3110420929.py"", line 61, in <module>
    if is_image_processed(img_path):
       ^^^^^^^^^^^^^^^^^^
NameError: name 'is_image_processed' is not defined
",/Volumes/TVault2/datasets/sugvu24/extracted_frames/case_007/extraction_results.csv,58.0,
2025-04-05 15:55:03,ROW_PROCESSING_ERROR,Error processing row 59 in file /Volumes/TVault2/datasets/sugvu24/extracted_frames/case_007/extraction_results.csv: name 'is_image_processed' is not defined,"Traceback (most recent call last):
  File ""/var/folders/1j/2k5xpt896fdb5rnbdm6nktnr0000gn/T/ipykernel_14640/3110420929.py"", line 61, in <module>
    if is_image_processed(img_path):
       ^^^^^^^^^^^^^^^^^^
NameError: name 'is_image_processed' is not defined
",/Volumes/TVault2/datasets/sugvu24/extracted_frames/case_007/extraction_results.csv,59.0,
2025-04-05 15:55:03,ROW_PROCESSING_ERROR,Error processing row 60 in file /Volumes/TVault2/datasets/sugvu24/extracted_frames/case_007/extraction_results.csv: name 'is_image_processed' is not defined,"Traceback (most recent call last):
  File ""/var/folders/1j/2k5xpt896fdb5rnbdm6nktnr0000gn/T/ipykernel_14640/3110420929.py"", line 61, in <module>
    if is_image_processed(img_path):
       ^^^^^^^^^^^^^^^^^^
NameError: name 'is_image_processed' is not defined
",/Volumes/TVault2/datasets/sugvu24/extracted_frames/case_007/extraction_results.csv,60.0,
2025-04-05 15:55:03,ROW_PROCESSING_ERROR,Error processing row 61 in file /Volumes/TVault2/datasets/sugvu24/extracted_frames/case_007/extraction_results.csv: name 'is_image_processed' is not defined,"Traceback (most recent call last):
  File ""/var/folders/1j/2k5xpt896fdb5rnbdm6nktnr0000gn/T/ipykernel_14640/3110420929.py"", line 61, in <module>
    if is_image_processed(img_path):
       ^^^^^^^^^^^^^^^^^^
NameError: name 'is_image_processed' is not defined
",/Volumes/TVault2/datasets/sugvu24/extracted_frames/case_007/extraction_results.csv,61.0,
2025-04-05 15:55:03,ROW_PROCESSING_ERROR,Error processing row 62 in file /Volumes/TVault2/datasets/sugvu24/extracted_frames/case_007/extraction_results.csv: name 'is_image_processed' is not defined,"Traceback (most recent call last):
  File ""/var/folders/1j/2k5xpt896fdb5rnbdm6nktnr0000gn/T/ipykernel_14640/3110420929.py"", line 61, in <module>
    if is_image_processed(img_path):
       ^^^^^^^^^^^^^^^^^^
NameError: name 'is_image_processed' is not defined
",/Volumes/TVault2/datasets/sugvu24/extracted_frames/case_007/extraction_results.csv,62.0,
2025-04-05 15:55:03,ROW_PROCESSING_ERROR,"Error processing row 63 in file /Volumes/TVault2/datasets/sugvu24/extracted_frames/case_007/extraction_results.csv: join() argument must be str, bytes, or os.PathLike object, not 'float'","Traceback (most recent call last):
  File ""/var/folders/1j/2k5xpt896fdb5rnbdm6nktnr0000gn/T/ipykernel_14640/3110420929.py"", line 58, in <module>
    img_path = os.path.join(root, frame_file)
               ^^^^^^^^^^^^^^^^^^^^^^^^^^^^^^
  File ""<frozen posixpath>"", line 90, in join
  File ""<frozen genericpath>"", line 164, in _check_arg_types
TypeError: join() argument must be str, bytes, or os.PathLike object, not 'float'
",/Volumes/TVault2/datasets/sugvu24/extracted_frames/case_007/extraction_results.csv,63.0,
2025-04-05 15:55:03,ROW_PROCESSING_ERROR,"Error processing row 64 in file /Volumes/TVault2/datasets/sugvu24/extracted_frames/case_007/extraction_results.csv: join() argument must be str, bytes, or os.PathLike object, not 'float'","Traceback (most recent call last):
  File ""/var/folders/1j/2k5xpt896fdb5rnbdm6nktnr0000gn/T/ipykernel_14640/3110420929.py"", line 58, in <module>
    img_path = os.path.join(root, frame_file)
               ^^^^^^^^^^^^^^^^^^^^^^^^^^^^^^
  File ""<frozen posixpath>"", line 90, in join
  File ""<frozen genericpath>"", line 164, in _check_arg_types
TypeError: join() argument must be str, bytes, or os.PathLike object, not 'float'
",/Volumes/TVault2/datasets/sugvu24/extracted_frames/case_007/extraction_results.csv,64.0,
2025-04-05 15:55:03,ROW_PROCESSING_ERROR,"Error processing row 65 in file /Volumes/TVault2/datasets/sugvu24/extracted_frames/case_007/extraction_results.csv: join() argument must be str, bytes, or os.PathLike object, not 'float'","Traceback (most recent call last):
  File ""/var/folders/1j/2k5xpt896fdb5rnbdm6nktnr0000gn/T/ipykernel_14640/3110420929.py"", line 58, in <module>
    img_path = os.path.join(root, frame_file)
               ^^^^^^^^^^^^^^^^^^^^^^^^^^^^^^
  File ""<frozen posixpath>"", line 90, in join
  File ""<frozen genericpath>"", line 164, in _check_arg_types
TypeError: join() argument must be str, bytes, or os.PathLike object, not 'float'
",/Volumes/TVault2/datasets/sugvu24/extracted_frames/case_007/extraction_results.csv,65.0,
2025-04-05 15:55:03,ROW_PROCESSING_ERROR,"Error processing row 66 in file /Volumes/TVault2/datasets/sugvu24/extracted_frames/case_007/extraction_results.csv: join() argument must be str, bytes, or os.PathLike object, not 'float'","Traceback (most recent call last):
  File ""/var/folders/1j/2k5xpt896fdb5rnbdm6nktnr0000gn/T/ipykernel_14640/3110420929.py"", line 58, in <module>
    img_path = os.path.join(root, frame_file)
               ^^^^^^^^^^^^^^^^^^^^^^^^^^^^^^
  File ""<frozen posixpath>"", line 90, in join
  File ""<frozen genericpath>"", line 164, in _check_arg_types
TypeError: join() argument must be str, bytes, or os.PathLike object, not 'float'
",/Volumes/TVault2/datasets/sugvu24/extracted_frames/case_007/extraction_results.csv,66.0,
2025-04-05 15:55:03,ROW_PROCESSING_ERROR,"Error processing row 67 in file /Volumes/TVault2/datasets/sugvu24/extracted_frames/case_007/extraction_results.csv: join() argument must be str, bytes, or os.PathLike object, not 'float'","Traceback (most recent call last):
  File ""/var/folders/1j/2k5xpt896fdb5rnbdm6nktnr0000gn/T/ipykernel_14640/3110420929.py"", line 58, in <module>
    img_path = os.path.join(root, frame_file)
               ^^^^^^^^^^^^^^^^^^^^^^^^^^^^^^
  File ""<frozen posixpath>"", line 90, in join
  File ""<frozen genericpath>"", line 164, in _check_arg_types
TypeError: join() argument must be str, bytes, or os.PathLike object, not 'float'
",/Volumes/TVault2/datasets/sugvu24/extracted_frames/case_007/extraction_results.csv,67.0,
2025-04-05 15:55:03,ROW_PROCESSING_ERROR,"Error processing row 68 in file /Volumes/TVault2/datasets/sugvu24/extracted_frames/case_007/extraction_results.csv: join() argument must be str, bytes, or os.PathLike object, not 'float'","Traceback (most recent call last):
  File ""/var/folders/1j/2k5xpt896fdb5rnbdm6nktnr0000gn/T/ipykernel_14640/3110420929.py"", line 58, in <module>
    img_path = os.path.join(root, frame_file)
               ^^^^^^^^^^^^^^^^^^^^^^^^^^^^^^
  File ""<frozen posixpath>"", line 90, in join
  File ""<frozen genericpath>"", line 164, in _check_arg_types
TypeError: join() argument must be str, bytes, or os.PathLike object, not 'float'
",/Volumes/TVault2/datasets/sugvu24/extracted_frames/case_007/extraction_results.csv,68.0,
2025-04-05 15:55:03,ROW_PROCESSING_ERROR,"Error processing row 69 in file /Volumes/TVault2/datasets/sugvu24/extracted_frames/case_007/extraction_results.csv: join() argument must be str, bytes, or os.PathLike object, not 'float'","Traceback (most recent call last):
  File ""/var/folders/1j/2k5xpt896fdb5rnbdm6nktnr0000gn/T/ipykernel_14640/3110420929.py"", line 58, in <module>
    img_path = os.path.join(root, frame_file)
               ^^^^^^^^^^^^^^^^^^^^^^^^^^^^^^
  File ""<frozen posixpath>"", line 90, in join
  File ""<frozen genericpath>"", line 164, in _check_arg_types
TypeError: join() argument must be str, bytes, or os.PathLike object, not 'float'
",/Volumes/TVault2/datasets/sugvu24/extracted_frames/case_007/extraction_results.csv,69.0,
2025-04-05 15:55:03,ROW_PROCESSING_ERROR,"Error processing row 70 in file /Volumes/TVault2/datasets/sugvu24/extracted_frames/case_007/extraction_results.csv: join() argument must be str, bytes, or os.PathLike object, not 'float'","Traceback (most recent call last):
  File ""/var/folders/1j/2k5xpt896fdb5rnbdm6nktnr0000gn/T/ipykernel_14640/3110420929.py"", line 58, in <module>
    img_path = os.path.join(root, frame_file)
               ^^^^^^^^^^^^^^^^^^^^^^^^^^^^^^
  File ""<frozen posixpath>"", line 90, in join
  File ""<frozen genericpath>"", line 164, in _check_arg_types
TypeError: join() argument must be str, bytes, or os.PathLike object, not 'float'
",/Volumes/TVault2/datasets/sugvu24/extracted_frames/case_007/extraction_results.csv,70.0,
2025-04-05 15:55:03,ROW_PROCESSING_ERROR,"Error processing row 71 in file /Volumes/TVault2/datasets/sugvu24/extracted_frames/case_007/extraction_results.csv: join() argument must be str, bytes, or os.PathLike object, not 'float'","Traceback (most recent call last):
  File ""/var/folders/1j/2k5xpt896fdb5rnbdm6nktnr0000gn/T/ipykernel_14640/3110420929.py"", line 58, in <module>
    img_path = os.path.join(root, frame_file)
               ^^^^^^^^^^^^^^^^^^^^^^^^^^^^^^
  File ""<frozen posixpath>"", line 90, in join
  File ""<frozen genericpath>"", line 164, in _check_arg_types
TypeError: join() argument must be str, bytes, or os.PathLike object, not 'float'
",/Volumes/TVault2/datasets/sugvu24/extracted_frames/case_007/extraction_results.csv,71.0,
2025-04-05 15:55:03,ROW_PROCESSING_ERROR,"Error processing row 72 in file /Volumes/TVault2/datasets/sugvu24/extracted_frames/case_007/extraction_results.csv: join() argument must be str, bytes, or os.PathLike object, not 'float'","Traceback (most recent call last):
  File ""/var/folders/1j/2k5xpt896fdb5rnbdm6nktnr0000gn/T/ipykernel_14640/3110420929.py"", line 58, in <module>
    img_path = os.path.join(root, frame_file)
               ^^^^^^^^^^^^^^^^^^^^^^^^^^^^^^
  File ""<frozen posixpath>"", line 90, in join
  File ""<frozen genericpath>"", line 164, in _check_arg_types
TypeError: join() argument must be str, bytes, or os.PathLike object, not 'float'
",/Volumes/TVault2/datasets/sugvu24/extracted_frames/case_007/extraction_results.csv,72.0,
2025-04-05 15:55:03,ROW_PROCESSING_ERROR,"Error processing row 73 in file /Volumes/TVault2/datasets/sugvu24/extracted_frames/case_007/extraction_results.csv: join() argument must be str, bytes, or os.PathLike object, not 'float'","Traceback (most recent call last):
  File ""/var/folders/1j/2k5xpt896fdb5rnbdm6nktnr0000gn/T/ipykernel_14640/3110420929.py"", line 58, in <module>
    img_path = os.path.join(root, frame_file)
               ^^^^^^^^^^^^^^^^^^^^^^^^^^^^^^
  File ""<frozen posixpath>"", line 90, in join
  File ""<frozen genericpath>"", line 164, in _check_arg_types
TypeError: join() argument must be str, bytes, or os.PathLike object, not 'float'
",/Volumes/TVault2/datasets/sugvu24/extracted_frames/case_007/extraction_results.csv,73.0,
2025-04-05 15:55:03,ROW_PROCESSING_ERROR,"Error processing row 74 in file /Volumes/TVault2/datasets/sugvu24/extracted_frames/case_007/extraction_results.csv: join() argument must be str, bytes, or os.PathLike object, not 'float'","Traceback (most recent call last):
  File ""/var/folders/1j/2k5xpt896fdb5rnbdm6nktnr0000gn/T/ipykernel_14640/3110420929.py"", line 58, in <module>
    img_path = os.path.join(root, frame_file)
               ^^^^^^^^^^^^^^^^^^^^^^^^^^^^^^
  File ""<frozen posixpath>"", line 90, in join
  File ""<frozen genericpath>"", line 164, in _check_arg_types
TypeError: join() argument must be str, bytes, or os.PathLike object, not 'float'
",/Volumes/TVault2/datasets/sugvu24/extracted_frames/case_007/extraction_results.csv,74.0,
2025-04-05 15:55:03,ROW_PROCESSING_ERROR,"Error processing row 75 in file /Volumes/TVault2/datasets/sugvu24/extracted_frames/case_007/extraction_results.csv: join() argument must be str, bytes, or os.PathLike object, not 'float'","Traceback (most recent call last):
  File ""/var/folders/1j/2k5xpt896fdb5rnbdm6nktnr0000gn/T/ipykernel_14640/3110420929.py"", line 58, in <module>
    img_path = os.path.join(root, frame_file)
               ^^^^^^^^^^^^^^^^^^^^^^^^^^^^^^
  File ""<frozen posixpath>"", line 90, in join
  File ""<frozen genericpath>"", line 164, in _check_arg_types
TypeError: join() argument must be str, bytes, or os.PathLike object, not 'float'
",/Volumes/TVault2/datasets/sugvu24/extracted_frames/case_007/extraction_results.csv,75.0,
2025-04-05 15:55:03,ROW_PROCESSING_ERROR,"Error processing row 76 in file /Volumes/TVault2/datasets/sugvu24/extracted_frames/case_007/extraction_results.csv: join() argument must be str, bytes, or os.PathLike object, not 'float'","Traceback (most recent call last):
  File ""/var/folders/1j/2k5xpt896fdb5rnbdm6nktnr0000gn/T/ipykernel_14640/3110420929.py"", line 58, in <module>
    img_path = os.path.join(root, frame_file)
               ^^^^^^^^^^^^^^^^^^^^^^^^^^^^^^
  File ""<frozen posixpath>"", line 90, in join
  File ""<frozen genericpath>"", line 164, in _check_arg_types
TypeError: join() argument must be str, bytes, or os.PathLike object, not 'float'
",/Volumes/TVault2/datasets/sugvu24/extracted_frames/case_007/extraction_results.csv,76.0,
2025-04-05 15:55:03,ROW_PROCESSING_ERROR,"Error processing row 77 in file /Volumes/TVault2/datasets/sugvu24/extracted_frames/case_007/extraction_results.csv: join() argument must be str, bytes, or os.PathLike object, not 'float'","Traceback (most recent call last):
  File ""/var/folders/1j/2k5xpt896fdb5rnbdm6nktnr0000gn/T/ipykernel_14640/3110420929.py"", line 58, in <module>
    img_path = os.path.join(root, frame_file)
               ^^^^^^^^^^^^^^^^^^^^^^^^^^^^^^
  File ""<frozen posixpath>"", line 90, in join
  File ""<frozen genericpath>"", line 164, in _check_arg_types
TypeError: join() argument must be str, bytes, or os.PathLike object, not 'float'
",/Volumes/TVault2/datasets/sugvu24/extracted_frames/case_007/extraction_results.csv,77.0,
2025-04-05 15:55:03,ROW_PROCESSING_ERROR,"Error processing row 78 in file /Volumes/TVault2/datasets/sugvu24/extracted_frames/case_007/extraction_results.csv: join() argument must be str, bytes, or os.PathLike object, not 'float'","Traceback (most recent call last):
  File ""/var/folders/1j/2k5xpt896fdb5rnbdm6nktnr0000gn/T/ipykernel_14640/3110420929.py"", line 58, in <module>
    img_path = os.path.join(root, frame_file)
               ^^^^^^^^^^^^^^^^^^^^^^^^^^^^^^
  File ""<frozen posixpath>"", line 90, in join
  File ""<frozen genericpath>"", line 164, in _check_arg_types
TypeError: join() argument must be str, bytes, or os.PathLike object, not 'float'
",/Volumes/TVault2/datasets/sugvu24/extracted_frames/case_007/extraction_results.csv,78.0,
2025-04-05 15:55:03,ROW_PROCESSING_ERROR,"Error processing row 79 in file /Volumes/TVault2/datasets/sugvu24/extracted_frames/case_007/extraction_results.csv: join() argument must be str, bytes, or os.PathLike object, not 'float'","Traceback (most recent call last):
  File ""/var/folders/1j/2k5xpt896fdb5rnbdm6nktnr0000gn/T/ipykernel_14640/3110420929.py"", line 58, in <module>
    img_path = os.path.join(root, frame_file)
               ^^^^^^^^^^^^^^^^^^^^^^^^^^^^^^
  File ""<frozen posixpath>"", line 90, in join
  File ""<frozen genericpath>"", line 164, in _check_arg_types
TypeError: join() argument must be str, bytes, or os.PathLike object, not 'float'
",/Volumes/TVault2/datasets/sugvu24/extracted_frames/case_007/extraction_results.csv,79.0,
2025-04-05 15:55:03,ROW_PROCESSING_ERROR,"Error processing row 80 in file /Volumes/TVault2/datasets/sugvu24/extracted_frames/case_007/extraction_results.csv: join() argument must be str, bytes, or os.PathLike object, not 'float'","Traceback (most recent call last):
  File ""/var/folders/1j/2k5xpt896fdb5rnbdm6nktnr0000gn/T/ipykernel_14640/3110420929.py"", line 58, in <module>
    img_path = os.path.join(root, frame_file)
               ^^^^^^^^^^^^^^^^^^^^^^^^^^^^^^
  File ""<frozen posixpath>"", line 90, in join
  File ""<frozen genericpath>"", line 164, in _check_arg_types
TypeError: join() argument must be str, bytes, or os.PathLike object, not 'float'
",/Volumes/TVault2/datasets/sugvu24/extracted_frames/case_007/extraction_results.csv,80.0,
2025-04-05 15:55:03,ROW_PROCESSING_ERROR,Error processing row 81 in file /Volumes/TVault2/datasets/sugvu24/extracted_frames/case_007/extraction_results.csv: name 'is_image_processed' is not defined,"Traceback (most recent call last):
  File ""/var/folders/1j/2k5xpt896fdb5rnbdm6nktnr0000gn/T/ipykernel_14640/3110420929.py"", line 61, in <module>
    if is_image_processed(img_path):
       ^^^^^^^^^^^^^^^^^^
NameError: name 'is_image_processed' is not defined
",/Volumes/TVault2/datasets/sugvu24/extracted_frames/case_007/extraction_results.csv,81.0,
2025-04-05 15:55:03,ROW_PROCESSING_ERROR,Error processing row 82 in file /Volumes/TVault2/datasets/sugvu24/extracted_frames/case_007/extraction_results.csv: name 'is_image_processed' is not defined,"Traceback (most recent call last):
  File ""/var/folders/1j/2k5xpt896fdb5rnbdm6nktnr0000gn/T/ipykernel_14640/3110420929.py"", line 61, in <module>
    if is_image_processed(img_path):
       ^^^^^^^^^^^^^^^^^^
NameError: name 'is_image_processed' is not defined
",/Volumes/TVault2/datasets/sugvu24/extracted_frames/case_007/extraction_results.csv,82.0,
2025-04-05 15:55:03,ROW_PROCESSING_ERROR,Error processing row 83 in file /Volumes/TVault2/datasets/sugvu24/extracted_frames/case_007/extraction_results.csv: name 'is_image_processed' is not defined,"Traceback (most recent call last):
  File ""/var/folders/1j/2k5xpt896fdb5rnbdm6nktnr0000gn/T/ipykernel_14640/3110420929.py"", line 61, in <module>
    if is_image_processed(img_path):
       ^^^^^^^^^^^^^^^^^^
NameError: name 'is_image_processed' is not defined
",/Volumes/TVault2/datasets/sugvu24/extracted_frames/case_007/extraction_results.csv,83.0,
2025-04-05 15:55:03,ROW_PROCESSING_ERROR,Error processing row 84 in file /Volumes/TVault2/datasets/sugvu24/extracted_frames/case_007/extraction_results.csv: name 'is_image_processed' is not defined,"Traceback (most recent call last):
  File ""/var/folders/1j/2k5xpt896fdb5rnbdm6nktnr0000gn/T/ipykernel_14640/3110420929.py"", line 61, in <module>
    if is_image_processed(img_path):
       ^^^^^^^^^^^^^^^^^^
NameError: name 'is_image_processed' is not defined
",/Volumes/TVault2/datasets/sugvu24/extracted_frames/case_007/extraction_results.csv,84.0,
2025-04-05 15:55:03,ROW_PROCESSING_ERROR,Error processing row 85 in file /Volumes/TVault2/datasets/sugvu24/extracted_frames/case_007/extraction_results.csv: name 'is_image_processed' is not defined,"Traceback (most recent call last):
  File ""/var/folders/1j/2k5xpt896fdb5rnbdm6nktnr0000gn/T/ipykernel_14640/3110420929.py"", line 61, in <module>
    if is_image_processed(img_path):
       ^^^^^^^^^^^^^^^^^^
NameError: name 'is_image_processed' is not defined
",/Volumes/TVault2/datasets/sugvu24/extracted_frames/case_007/extraction_results.csv,85.0,
2025-04-05 15:55:03,ROW_PROCESSING_ERROR,Error processing row 0 in file /Volumes/TVault2/datasets/sugvu24/extracted_frames/case_008/extraction_results.csv: name 'is_image_processed' is not defined,"Traceback (most recent call last):
  File ""/var/folders/1j/2k5xpt896fdb5rnbdm6nktnr0000gn/T/ipykernel_14640/3110420929.py"", line 61, in <module>
    if is_image_processed(img_path):
       ^^^^^^^^^^^^^^^^^^
NameError: name 'is_image_processed' is not defined
",/Volumes/TVault2/datasets/sugvu24/extracted_frames/case_008/extraction_results.csv,0.0,
2025-04-05 15:55:03,ROW_PROCESSING_ERROR,Error processing row 1 in file /Volumes/TVault2/datasets/sugvu24/extracted_frames/case_008/extraction_results.csv: name 'is_image_processed' is not defined,"Traceback (most recent call last):
  File ""/var/folders/1j/2k5xpt896fdb5rnbdm6nktnr0000gn/T/ipykernel_14640/3110420929.py"", line 61, in <module>
    if is_image_processed(img_path):
       ^^^^^^^^^^^^^^^^^^
NameError: name 'is_image_processed' is not defined
",/Volumes/TVault2/datasets/sugvu24/extracted_frames/case_008/extraction_results.csv,1.0,
2025-04-05 15:55:03,ROW_PROCESSING_ERROR,Error processing row 2 in file /Volumes/TVault2/datasets/sugvu24/extracted_frames/case_008/extraction_results.csv: name 'is_image_processed' is not defined,"Traceback (most recent call last):
  File ""/var/folders/1j/2k5xpt896fdb5rnbdm6nktnr0000gn/T/ipykernel_14640/3110420929.py"", line 61, in <module>
    if is_image_processed(img_path):
       ^^^^^^^^^^^^^^^^^^
NameError: name 'is_image_processed' is not defined
",/Volumes/TVault2/datasets/sugvu24/extracted_frames/case_008/extraction_results.csv,2.0,
2025-04-05 15:55:03,ROW_PROCESSING_ERROR,Error processing row 3 in file /Volumes/TVault2/datasets/sugvu24/extracted_frames/case_008/extraction_results.csv: name 'is_image_processed' is not defined,"Traceback (most recent call last):
  File ""/var/folders/1j/2k5xpt896fdb5rnbdm6nktnr0000gn/T/ipykernel_14640/3110420929.py"", line 61, in <module>
    if is_image_processed(img_path):
       ^^^^^^^^^^^^^^^^^^
NameError: name 'is_image_processed' is not defined
",/Volumes/TVault2/datasets/sugvu24/extracted_frames/case_008/extraction_results.csv,3.0,
2025-04-05 15:55:03,ROW_PROCESSING_ERROR,Error processing row 4 in file /Volumes/TVault2/datasets/sugvu24/extracted_frames/case_008/extraction_results.csv: name 'is_image_processed' is not defined,"Traceback (most recent call last):
  File ""/var/folders/1j/2k5xpt896fdb5rnbdm6nktnr0000gn/T/ipykernel_14640/3110420929.py"", line 61, in <module>
    if is_image_processed(img_path):
       ^^^^^^^^^^^^^^^^^^
NameError: name 'is_image_processed' is not defined
",/Volumes/TVault2/datasets/sugvu24/extracted_frames/case_008/extraction_results.csv,4.0,
2025-04-05 15:55:03,ROW_PROCESSING_ERROR,Error processing row 5 in file /Volumes/TVault2/datasets/sugvu24/extracted_frames/case_008/extraction_results.csv: name 'is_image_processed' is not defined,"Traceback (most recent call last):
  File ""/var/folders/1j/2k5xpt896fdb5rnbdm6nktnr0000gn/T/ipykernel_14640/3110420929.py"", line 61, in <module>
    if is_image_processed(img_path):
       ^^^^^^^^^^^^^^^^^^
NameError: name 'is_image_processed' is not defined
",/Volumes/TVault2/datasets/sugvu24/extracted_frames/case_008/extraction_results.csv,5.0,
2025-04-05 15:55:04,ROW_PROCESSING_ERROR,Error processing row 6 in file /Volumes/TVault2/datasets/sugvu24/extracted_frames/case_008/extraction_results.csv: name 'is_image_processed' is not defined,"Traceback (most recent call last):
  File ""/var/folders/1j/2k5xpt896fdb5rnbdm6nktnr0000gn/T/ipykernel_14640/3110420929.py"", line 61, in <module>
    if is_image_processed(img_path):
       ^^^^^^^^^^^^^^^^^^
NameError: name 'is_image_processed' is not defined
",/Volumes/TVault2/datasets/sugvu24/extracted_frames/case_008/extraction_results.csv,6.0,
2025-04-05 15:55:04,ROW_PROCESSING_ERROR,Error processing row 7 in file /Volumes/TVault2/datasets/sugvu24/extracted_frames/case_008/extraction_results.csv: name 'is_image_processed' is not defined,"Traceback (most recent call last):
  File ""/var/folders/1j/2k5xpt896fdb5rnbdm6nktnr0000gn/T/ipykernel_14640/3110420929.py"", line 61, in <module>
    if is_image_processed(img_path):
       ^^^^^^^^^^^^^^^^^^
NameError: name 'is_image_processed' is not defined
",/Volumes/TVault2/datasets/sugvu24/extracted_frames/case_008/extraction_results.csv,7.0,
2025-04-05 15:55:04,ROW_PROCESSING_ERROR,Error processing row 8 in file /Volumes/TVault2/datasets/sugvu24/extracted_frames/case_008/extraction_results.csv: name 'is_image_processed' is not defined,"Traceback (most recent call last):
  File ""/var/folders/1j/2k5xpt896fdb5rnbdm6nktnr0000gn/T/ipykernel_14640/3110420929.py"", line 61, in <module>
    if is_image_processed(img_path):
       ^^^^^^^^^^^^^^^^^^
NameError: name 'is_image_processed' is not defined
",/Volumes/TVault2/datasets/sugvu24/extracted_frames/case_008/extraction_results.csv,8.0,
2025-04-05 15:55:04,ROW_PROCESSING_ERROR,Error processing row 9 in file /Volumes/TVault2/datasets/sugvu24/extracted_frames/case_008/extraction_results.csv: name 'is_image_processed' is not defined,"Traceback (most recent call last):
  File ""/var/folders/1j/2k5xpt896fdb5rnbdm6nktnr0000gn/T/ipykernel_14640/3110420929.py"", line 61, in <module>
    if is_image_processed(img_path):
       ^^^^^^^^^^^^^^^^^^
NameError: name 'is_image_processed' is not defined
",/Volumes/TVault2/datasets/sugvu24/extracted_frames/case_008/extraction_results.csv,9.0,
2025-04-05 15:55:04,ROW_PROCESSING_ERROR,Error processing row 10 in file /Volumes/TVault2/datasets/sugvu24/extracted_frames/case_008/extraction_results.csv: name 'is_image_processed' is not defined,"Traceback (most recent call last):
  File ""/var/folders/1j/2k5xpt896fdb5rnbdm6nktnr0000gn/T/ipykernel_14640/3110420929.py"", line 61, in <module>
    if is_image_processed(img_path):
       ^^^^^^^^^^^^^^^^^^
NameError: name 'is_image_processed' is not defined
",/Volumes/TVault2/datasets/sugvu24/extracted_frames/case_008/extraction_results.csv,10.0,
2025-04-05 15:55:04,ROW_PROCESSING_ERROR,Error processing row 11 in file /Volumes/TVault2/datasets/sugvu24/extracted_frames/case_008/extraction_results.csv: name 'is_image_processed' is not defined,"Traceback (most recent call last):
  File ""/var/folders/1j/2k5xpt896fdb5rnbdm6nktnr0000gn/T/ipykernel_14640/3110420929.py"", line 61, in <module>
    if is_image_processed(img_path):
       ^^^^^^^^^^^^^^^^^^
NameError: name 'is_image_processed' is not defined
",/Volumes/TVault2/datasets/sugvu24/extracted_frames/case_008/extraction_results.csv,11.0,
2025-04-05 15:55:04,ROW_PROCESSING_ERROR,Error processing row 12 in file /Volumes/TVault2/datasets/sugvu24/extracted_frames/case_008/extraction_results.csv: name 'is_image_processed' is not defined,"Traceback (most recent call last):
  File ""/var/folders/1j/2k5xpt896fdb5rnbdm6nktnr0000gn/T/ipykernel_14640/3110420929.py"", line 61, in <module>
    if is_image_processed(img_path):
       ^^^^^^^^^^^^^^^^^^
NameError: name 'is_image_processed' is not defined
",/Volumes/TVault2/datasets/sugvu24/extracted_frames/case_008/extraction_results.csv,12.0,
2025-04-05 15:55:04,ROW_PROCESSING_ERROR,Error processing row 13 in file /Volumes/TVault2/datasets/sugvu24/extracted_frames/case_008/extraction_results.csv: name 'is_image_processed' is not defined,"Traceback (most recent call last):
  File ""/var/folders/1j/2k5xpt896fdb5rnbdm6nktnr0000gn/T/ipykernel_14640/3110420929.py"", line 61, in <module>
    if is_image_processed(img_path):
       ^^^^^^^^^^^^^^^^^^
NameError: name 'is_image_processed' is not defined
",/Volumes/TVault2/datasets/sugvu24/extracted_frames/case_008/extraction_results.csv,13.0,
2025-04-05 15:55:04,ROW_PROCESSING_ERROR,Error processing row 14 in file /Volumes/TVault2/datasets/sugvu24/extracted_frames/case_008/extraction_results.csv: name 'is_image_processed' is not defined,"Traceback (most recent call last):
  File ""/var/folders/1j/2k5xpt896fdb5rnbdm6nktnr0000gn/T/ipykernel_14640/3110420929.py"", line 61, in <module>
    if is_image_processed(img_path):
       ^^^^^^^^^^^^^^^^^^
NameError: name 'is_image_processed' is not defined
",/Volumes/TVault2/datasets/sugvu24/extracted_frames/case_008/extraction_results.csv,14.0,
2025-04-05 15:55:04,ROW_PROCESSING_ERROR,Error processing row 15 in file /Volumes/TVault2/datasets/sugvu24/extracted_frames/case_008/extraction_results.csv: name 'is_image_processed' is not defined,"Traceback (most recent call last):
  File ""/var/folders/1j/2k5xpt896fdb5rnbdm6nktnr0000gn/T/ipykernel_14640/3110420929.py"", line 61, in <module>
    if is_image_processed(img_path):
       ^^^^^^^^^^^^^^^^^^
NameError: name 'is_image_processed' is not defined
",/Volumes/TVault2/datasets/sugvu24/extracted_frames/case_008/extraction_results.csv,15.0,
2025-04-05 15:55:04,ROW_PROCESSING_ERROR,Error processing row 16 in file /Volumes/TVault2/datasets/sugvu24/extracted_frames/case_008/extraction_results.csv: name 'is_image_processed' is not defined,"Traceback (most recent call last):
  File ""/var/folders/1j/2k5xpt896fdb5rnbdm6nktnr0000gn/T/ipykernel_14640/3110420929.py"", line 61, in <module>
    if is_image_processed(img_path):
       ^^^^^^^^^^^^^^^^^^
NameError: name 'is_image_processed' is not defined
",/Volumes/TVault2/datasets/sugvu24/extracted_frames/case_008/extraction_results.csv,16.0,
2025-04-05 15:55:04,ROW_PROCESSING_ERROR,Error processing row 17 in file /Volumes/TVault2/datasets/sugvu24/extracted_frames/case_008/extraction_results.csv: name 'is_image_processed' is not defined,"Traceback (most recent call last):
  File ""/var/folders/1j/2k5xpt896fdb5rnbdm6nktnr0000gn/T/ipykernel_14640/3110420929.py"", line 61, in <module>
    if is_image_processed(img_path):
       ^^^^^^^^^^^^^^^^^^
NameError: name 'is_image_processed' is not defined
",/Volumes/TVault2/datasets/sugvu24/extracted_frames/case_008/extraction_results.csv,17.0,
2025-04-05 15:55:04,ROW_PROCESSING_ERROR,Error processing row 18 in file /Volumes/TVault2/datasets/sugvu24/extracted_frames/case_008/extraction_results.csv: name 'is_image_processed' is not defined,"Traceback (most recent call last):
  File ""/var/folders/1j/2k5xpt896fdb5rnbdm6nktnr0000gn/T/ipykernel_14640/3110420929.py"", line 61, in <module>
    if is_image_processed(img_path):
       ^^^^^^^^^^^^^^^^^^
NameError: name 'is_image_processed' is not defined
",/Volumes/TVault2/datasets/sugvu24/extracted_frames/case_008/extraction_results.csv,18.0,
2025-04-05 15:55:04,ROW_PROCESSING_ERROR,Error processing row 19 in file /Volumes/TVault2/datasets/sugvu24/extracted_frames/case_008/extraction_results.csv: name 'is_image_processed' is not defined,"Traceback (most recent call last):
  File ""/var/folders/1j/2k5xpt896fdb5rnbdm6nktnr0000gn/T/ipykernel_14640/3110420929.py"", line 61, in <module>
    if is_image_processed(img_path):
       ^^^^^^^^^^^^^^^^^^
NameError: name 'is_image_processed' is not defined
",/Volumes/TVault2/datasets/sugvu24/extracted_frames/case_008/extraction_results.csv,19.0,
2025-04-05 15:55:04,ROW_PROCESSING_ERROR,Error processing row 20 in file /Volumes/TVault2/datasets/sugvu24/extracted_frames/case_008/extraction_results.csv: name 'is_image_processed' is not defined,"Traceback (most recent call last):
  File ""/var/folders/1j/2k5xpt896fdb5rnbdm6nktnr0000gn/T/ipykernel_14640/3110420929.py"", line 61, in <module>
    if is_image_processed(img_path):
       ^^^^^^^^^^^^^^^^^^
NameError: name 'is_image_processed' is not defined
",/Volumes/TVault2/datasets/sugvu24/extracted_frames/case_008/extraction_results.csv,20.0,
2025-04-05 15:55:04,ROW_PROCESSING_ERROR,Error processing row 21 in file /Volumes/TVault2/datasets/sugvu24/extracted_frames/case_008/extraction_results.csv: name 'is_image_processed' is not defined,"Traceback (most recent call last):
  File ""/var/folders/1j/2k5xpt896fdb5rnbdm6nktnr0000gn/T/ipykernel_14640/3110420929.py"", line 61, in <module>
    if is_image_processed(img_path):
       ^^^^^^^^^^^^^^^^^^
NameError: name 'is_image_processed' is not defined
",/Volumes/TVault2/datasets/sugvu24/extracted_frames/case_008/extraction_results.csv,21.0,
2025-04-05 15:55:04,ROW_PROCESSING_ERROR,Error processing row 22 in file /Volumes/TVault2/datasets/sugvu24/extracted_frames/case_008/extraction_results.csv: name 'is_image_processed' is not defined,"Traceback (most recent call last):
  File ""/var/folders/1j/2k5xpt896fdb5rnbdm6nktnr0000gn/T/ipykernel_14640/3110420929.py"", line 61, in <module>
    if is_image_processed(img_path):
       ^^^^^^^^^^^^^^^^^^
NameError: name 'is_image_processed' is not defined
",/Volumes/TVault2/datasets/sugvu24/extracted_frames/case_008/extraction_results.csv,22.0,
2025-04-05 15:55:04,ROW_PROCESSING_ERROR,Error processing row 23 in file /Volumes/TVault2/datasets/sugvu24/extracted_frames/case_008/extraction_results.csv: name 'is_image_processed' is not defined,"Traceback (most recent call last):
  File ""/var/folders/1j/2k5xpt896fdb5rnbdm6nktnr0000gn/T/ipykernel_14640/3110420929.py"", line 61, in <module>
    if is_image_processed(img_path):
       ^^^^^^^^^^^^^^^^^^
NameError: name 'is_image_processed' is not defined
",/Volumes/TVault2/datasets/sugvu24/extracted_frames/case_008/extraction_results.csv,23.0,
2025-04-05 15:55:04,ROW_PROCESSING_ERROR,Error processing row 24 in file /Volumes/TVault2/datasets/sugvu24/extracted_frames/case_008/extraction_results.csv: name 'is_image_processed' is not defined,"Traceback (most recent call last):
  File ""/var/folders/1j/2k5xpt896fdb5rnbdm6nktnr0000gn/T/ipykernel_14640/3110420929.py"", line 61, in <module>
    if is_image_processed(img_path):
       ^^^^^^^^^^^^^^^^^^
NameError: name 'is_image_processed' is not defined
",/Volumes/TVault2/datasets/sugvu24/extracted_frames/case_008/extraction_results.csv,24.0,
2025-04-05 15:55:04,ROW_PROCESSING_ERROR,Error processing row 25 in file /Volumes/TVault2/datasets/sugvu24/extracted_frames/case_008/extraction_results.csv: name 'is_image_processed' is not defined,"Traceback (most recent call last):
  File ""/var/folders/1j/2k5xpt896fdb5rnbdm6nktnr0000gn/T/ipykernel_14640/3110420929.py"", line 61, in <module>
    if is_image_processed(img_path):
       ^^^^^^^^^^^^^^^^^^
NameError: name 'is_image_processed' is not defined
",/Volumes/TVault2/datasets/sugvu24/extracted_frames/case_008/extraction_results.csv,25.0,
2025-04-05 15:55:04,ROW_PROCESSING_ERROR,Error processing row 26 in file /Volumes/TVault2/datasets/sugvu24/extracted_frames/case_008/extraction_results.csv: name 'is_image_processed' is not defined,"Traceback (most recent call last):
  File ""/var/folders/1j/2k5xpt896fdb5rnbdm6nktnr0000gn/T/ipykernel_14640/3110420929.py"", line 61, in <module>
    if is_image_processed(img_path):
       ^^^^^^^^^^^^^^^^^^
NameError: name 'is_image_processed' is not defined
",/Volumes/TVault2/datasets/sugvu24/extracted_frames/case_008/extraction_results.csv,26.0,
2025-04-05 15:55:04,ROW_PROCESSING_ERROR,Error processing row 27 in file /Volumes/TVault2/datasets/sugvu24/extracted_frames/case_008/extraction_results.csv: name 'is_image_processed' is not defined,"Traceback (most recent call last):
  File ""/var/folders/1j/2k5xpt896fdb5rnbdm6nktnr0000gn/T/ipykernel_14640/3110420929.py"", line 61, in <module>
    if is_image_processed(img_path):
       ^^^^^^^^^^^^^^^^^^
NameError: name 'is_image_processed' is not defined
",/Volumes/TVault2/datasets/sugvu24/extracted_frames/case_008/extraction_results.csv,27.0,
2025-04-05 15:55:04,ROW_PROCESSING_ERROR,Error processing row 28 in file /Volumes/TVault2/datasets/sugvu24/extracted_frames/case_008/extraction_results.csv: name 'is_image_processed' is not defined,"Traceback (most recent call last):
  File ""/var/folders/1j/2k5xpt896fdb5rnbdm6nktnr0000gn/T/ipykernel_14640/3110420929.py"", line 61, in <module>
    if is_image_processed(img_path):
       ^^^^^^^^^^^^^^^^^^
NameError: name 'is_image_processed' is not defined
",/Volumes/TVault2/datasets/sugvu24/extracted_frames/case_008/extraction_results.csv,28.0,
2025-04-05 15:55:04,ROW_PROCESSING_ERROR,Error processing row 29 in file /Volumes/TVault2/datasets/sugvu24/extracted_frames/case_008/extraction_results.csv: name 'is_image_processed' is not defined,"Traceback (most recent call last):
  File ""/var/folders/1j/2k5xpt896fdb5rnbdm6nktnr0000gn/T/ipykernel_14640/3110420929.py"", line 61, in <module>
    if is_image_processed(img_path):
       ^^^^^^^^^^^^^^^^^^
NameError: name 'is_image_processed' is not defined
",/Volumes/TVault2/datasets/sugvu24/extracted_frames/case_008/extraction_results.csv,29.0,
2025-04-05 15:55:04,ROW_PROCESSING_ERROR,Error processing row 30 in file /Volumes/TVault2/datasets/sugvu24/extracted_frames/case_008/extraction_results.csv: name 'is_image_processed' is not defined,"Traceback (most recent call last):
  File ""/var/folders/1j/2k5xpt896fdb5rnbdm6nktnr0000gn/T/ipykernel_14640/3110420929.py"", line 61, in <module>
    if is_image_processed(img_path):
       ^^^^^^^^^^^^^^^^^^
NameError: name 'is_image_processed' is not defined
",/Volumes/TVault2/datasets/sugvu24/extracted_frames/case_008/extraction_results.csv,30.0,
2025-04-05 15:55:04,ROW_PROCESSING_ERROR,Error processing row 31 in file /Volumes/TVault2/datasets/sugvu24/extracted_frames/case_008/extraction_results.csv: name 'is_image_processed' is not defined,"Traceback (most recent call last):
  File ""/var/folders/1j/2k5xpt896fdb5rnbdm6nktnr0000gn/T/ipykernel_14640/3110420929.py"", line 61, in <module>
    if is_image_processed(img_path):
       ^^^^^^^^^^^^^^^^^^
NameError: name 'is_image_processed' is not defined
",/Volumes/TVault2/datasets/sugvu24/extracted_frames/case_008/extraction_results.csv,31.0,
2025-04-05 15:55:04,ROW_PROCESSING_ERROR,Error processing row 32 in file /Volumes/TVault2/datasets/sugvu24/extracted_frames/case_008/extraction_results.csv: name 'is_image_processed' is not defined,"Traceback (most recent call last):
  File ""/var/folders/1j/2k5xpt896fdb5rnbdm6nktnr0000gn/T/ipykernel_14640/3110420929.py"", line 61, in <module>
    if is_image_processed(img_path):
       ^^^^^^^^^^^^^^^^^^
NameError: name 'is_image_processed' is not defined
",/Volumes/TVault2/datasets/sugvu24/extracted_frames/case_008/extraction_results.csv,32.0,
2025-04-05 15:55:04,ROW_PROCESSING_ERROR,Error processing row 33 in file /Volumes/TVault2/datasets/sugvu24/extracted_frames/case_008/extraction_results.csv: name 'is_image_processed' is not defined,"Traceback (most recent call last):
  File ""/var/folders/1j/2k5xpt896fdb5rnbdm6nktnr0000gn/T/ipykernel_14640/3110420929.py"", line 61, in <module>
    if is_image_processed(img_path):
       ^^^^^^^^^^^^^^^^^^
NameError: name 'is_image_processed' is not defined
",/Volumes/TVault2/datasets/sugvu24/extracted_frames/case_008/extraction_results.csv,33.0,
2025-04-05 15:55:04,ROW_PROCESSING_ERROR,Error processing row 34 in file /Volumes/TVault2/datasets/sugvu24/extracted_frames/case_008/extraction_results.csv: name 'is_image_processed' is not defined,"Traceback (most recent call last):
  File ""/var/folders/1j/2k5xpt896fdb5rnbdm6nktnr0000gn/T/ipykernel_14640/3110420929.py"", line 61, in <module>
    if is_image_processed(img_path):
       ^^^^^^^^^^^^^^^^^^
NameError: name 'is_image_processed' is not defined
",/Volumes/TVault2/datasets/sugvu24/extracted_frames/case_008/extraction_results.csv,34.0,
2025-04-05 15:55:04,ROW_PROCESSING_ERROR,Error processing row 35 in file /Volumes/TVault2/datasets/sugvu24/extracted_frames/case_008/extraction_results.csv: name 'is_image_processed' is not defined,"Traceback (most recent call last):
  File ""/var/folders/1j/2k5xpt896fdb5rnbdm6nktnr0000gn/T/ipykernel_14640/3110420929.py"", line 61, in <module>
    if is_image_processed(img_path):
       ^^^^^^^^^^^^^^^^^^
NameError: name 'is_image_processed' is not defined
",/Volumes/TVault2/datasets/sugvu24/extracted_frames/case_008/extraction_results.csv,35.0,
2025-04-05 15:55:04,ROW_PROCESSING_ERROR,Error processing row 36 in file /Volumes/TVault2/datasets/sugvu24/extracted_frames/case_008/extraction_results.csv: name 'is_image_processed' is not defined,"Traceback (most recent call last):
  File ""/var/folders/1j/2k5xpt896fdb5rnbdm6nktnr0000gn/T/ipykernel_14640/3110420929.py"", line 61, in <module>
    if is_image_processed(img_path):
       ^^^^^^^^^^^^^^^^^^
NameError: name 'is_image_processed' is not defined
",/Volumes/TVault2/datasets/sugvu24/extracted_frames/case_008/extraction_results.csv,36.0,
2025-04-05 15:55:04,ROW_PROCESSING_ERROR,Error processing row 37 in file /Volumes/TVault2/datasets/sugvu24/extracted_frames/case_008/extraction_results.csv: name 'is_image_processed' is not defined,"Traceback (most recent call last):
  File ""/var/folders/1j/2k5xpt896fdb5rnbdm6nktnr0000gn/T/ipykernel_14640/3110420929.py"", line 61, in <module>
    if is_image_processed(img_path):
       ^^^^^^^^^^^^^^^^^^
NameError: name 'is_image_processed' is not defined
",/Volumes/TVault2/datasets/sugvu24/extracted_frames/case_008/extraction_results.csv,37.0,
2025-04-05 15:55:04,ROW_PROCESSING_ERROR,Error processing row 38 in file /Volumes/TVault2/datasets/sugvu24/extracted_frames/case_008/extraction_results.csv: name 'is_image_processed' is not defined,"Traceback (most recent call last):
  File ""/var/folders/1j/2k5xpt896fdb5rnbdm6nktnr0000gn/T/ipykernel_14640/3110420929.py"", line 61, in <module>
    if is_image_processed(img_path):
       ^^^^^^^^^^^^^^^^^^
NameError: name 'is_image_processed' is not defined
",/Volumes/TVault2/datasets/sugvu24/extracted_frames/case_008/extraction_results.csv,38.0,
2025-04-05 15:55:04,ROW_PROCESSING_ERROR,Error processing row 39 in file /Volumes/TVault2/datasets/sugvu24/extracted_frames/case_008/extraction_results.csv: name 'is_image_processed' is not defined,"Traceback (most recent call last):
  File ""/var/folders/1j/2k5xpt896fdb5rnbdm6nktnr0000gn/T/ipykernel_14640/3110420929.py"", line 61, in <module>
    if is_image_processed(img_path):
       ^^^^^^^^^^^^^^^^^^
NameError: name 'is_image_processed' is not defined
",/Volumes/TVault2/datasets/sugvu24/extracted_frames/case_008/extraction_results.csv,39.0,
2025-04-05 15:55:04,ROW_PROCESSING_ERROR,Error processing row 40 in file /Volumes/TVault2/datasets/sugvu24/extracted_frames/case_008/extraction_results.csv: name 'is_image_processed' is not defined,"Traceback (most recent call last):
  File ""/var/folders/1j/2k5xpt896fdb5rnbdm6nktnr0000gn/T/ipykernel_14640/3110420929.py"", line 61, in <module>
    if is_image_processed(img_path):
       ^^^^^^^^^^^^^^^^^^
NameError: name 'is_image_processed' is not defined
",/Volumes/TVault2/datasets/sugvu24/extracted_frames/case_008/extraction_results.csv,40.0,
2025-04-05 15:55:04,ROW_PROCESSING_ERROR,Error processing row 41 in file /Volumes/TVault2/datasets/sugvu24/extracted_frames/case_008/extraction_results.csv: name 'is_image_processed' is not defined,"Traceback (most recent call last):
  File ""/var/folders/1j/2k5xpt896fdb5rnbdm6nktnr0000gn/T/ipykernel_14640/3110420929.py"", line 61, in <module>
    if is_image_processed(img_path):
       ^^^^^^^^^^^^^^^^^^
NameError: name 'is_image_processed' is not defined
",/Volumes/TVault2/datasets/sugvu24/extracted_frames/case_008/extraction_results.csv,41.0,
2025-04-05 15:55:04,ROW_PROCESSING_ERROR,Error processing row 42 in file /Volumes/TVault2/datasets/sugvu24/extracted_frames/case_008/extraction_results.csv: name 'is_image_processed' is not defined,"Traceback (most recent call last):
  File ""/var/folders/1j/2k5xpt896fdb5rnbdm6nktnr0000gn/T/ipykernel_14640/3110420929.py"", line 61, in <module>
    if is_image_processed(img_path):
       ^^^^^^^^^^^^^^^^^^
NameError: name 'is_image_processed' is not defined
",/Volumes/TVault2/datasets/sugvu24/extracted_frames/case_008/extraction_results.csv,42.0,
2025-04-05 15:55:04,ROW_PROCESSING_ERROR,Error processing row 43 in file /Volumes/TVault2/datasets/sugvu24/extracted_frames/case_008/extraction_results.csv: name 'is_image_processed' is not defined,"Traceback (most recent call last):
  File ""/var/folders/1j/2k5xpt896fdb5rnbdm6nktnr0000gn/T/ipykernel_14640/3110420929.py"", line 61, in <module>
    if is_image_processed(img_path):
       ^^^^^^^^^^^^^^^^^^
NameError: name 'is_image_processed' is not defined
",/Volumes/TVault2/datasets/sugvu24/extracted_frames/case_008/extraction_results.csv,43.0,
2025-04-05 15:55:04,ROW_PROCESSING_ERROR,Error processing row 44 in file /Volumes/TVault2/datasets/sugvu24/extracted_frames/case_008/extraction_results.csv: name 'is_image_processed' is not defined,"Traceback (most recent call last):
  File ""/var/folders/1j/2k5xpt896fdb5rnbdm6nktnr0000gn/T/ipykernel_14640/3110420929.py"", line 61, in <module>
    if is_image_processed(img_path):
       ^^^^^^^^^^^^^^^^^^
NameError: name 'is_image_processed' is not defined
",/Volumes/TVault2/datasets/sugvu24/extracted_frames/case_008/extraction_results.csv,44.0,
2025-04-05 15:55:04,ROW_PROCESSING_ERROR,Error processing row 45 in file /Volumes/TVault2/datasets/sugvu24/extracted_frames/case_008/extraction_results.csv: name 'is_image_processed' is not defined,"Traceback (most recent call last):
  File ""/var/folders/1j/2k5xpt896fdb5rnbdm6nktnr0000gn/T/ipykernel_14640/3110420929.py"", line 61, in <module>
    if is_image_processed(img_path):
       ^^^^^^^^^^^^^^^^^^
NameError: name 'is_image_processed' is not defined
",/Volumes/TVault2/datasets/sugvu24/extracted_frames/case_008/extraction_results.csv,45.0,
2025-04-05 15:55:04,ROW_PROCESSING_ERROR,Error processing row 46 in file /Volumes/TVault2/datasets/sugvu24/extracted_frames/case_008/extraction_results.csv: name 'is_image_processed' is not defined,"Traceback (most recent call last):
  File ""/var/folders/1j/2k5xpt896fdb5rnbdm6nktnr0000gn/T/ipykernel_14640/3110420929.py"", line 61, in <module>
    if is_image_processed(img_path):
       ^^^^^^^^^^^^^^^^^^
NameError: name 'is_image_processed' is not defined
",/Volumes/TVault2/datasets/sugvu24/extracted_frames/case_008/extraction_results.csv,46.0,
2025-04-05 15:55:04,ROW_PROCESSING_ERROR,Error processing row 47 in file /Volumes/TVault2/datasets/sugvu24/extracted_frames/case_008/extraction_results.csv: name 'is_image_processed' is not defined,"Traceback (most recent call last):
  File ""/var/folders/1j/2k5xpt896fdb5rnbdm6nktnr0000gn/T/ipykernel_14640/3110420929.py"", line 61, in <module>
    if is_image_processed(img_path):
       ^^^^^^^^^^^^^^^^^^
NameError: name 'is_image_processed' is not defined
",/Volumes/TVault2/datasets/sugvu24/extracted_frames/case_008/extraction_results.csv,47.0,
2025-04-05 15:55:04,ROW_PROCESSING_ERROR,Error processing row 48 in file /Volumes/TVault2/datasets/sugvu24/extracted_frames/case_008/extraction_results.csv: name 'is_image_processed' is not defined,"Traceback (most recent call last):
  File ""/var/folders/1j/2k5xpt896fdb5rnbdm6nktnr0000gn/T/ipykernel_14640/3110420929.py"", line 61, in <module>
    if is_image_processed(img_path):
       ^^^^^^^^^^^^^^^^^^
NameError: name 'is_image_processed' is not defined
",/Volumes/TVault2/datasets/sugvu24/extracted_frames/case_008/extraction_results.csv,48.0,
2025-04-05 15:55:04,ROW_PROCESSING_ERROR,Error processing row 49 in file /Volumes/TVault2/datasets/sugvu24/extracted_frames/case_008/extraction_results.csv: name 'is_image_processed' is not defined,"Traceback (most recent call last):
  File ""/var/folders/1j/2k5xpt896fdb5rnbdm6nktnr0000gn/T/ipykernel_14640/3110420929.py"", line 61, in <module>
    if is_image_processed(img_path):
       ^^^^^^^^^^^^^^^^^^
NameError: name 'is_image_processed' is not defined
",/Volumes/TVault2/datasets/sugvu24/extracted_frames/case_008/extraction_results.csv,49.0,
2025-04-05 15:55:04,ROW_PROCESSING_ERROR,Error processing row 50 in file /Volumes/TVault2/datasets/sugvu24/extracted_frames/case_008/extraction_results.csv: name 'is_image_processed' is not defined,"Traceback (most recent call last):
  File ""/var/folders/1j/2k5xpt896fdb5rnbdm6nktnr0000gn/T/ipykernel_14640/3110420929.py"", line 61, in <module>
    if is_image_processed(img_path):
       ^^^^^^^^^^^^^^^^^^
NameError: name 'is_image_processed' is not defined
",/Volumes/TVault2/datasets/sugvu24/extracted_frames/case_008/extraction_results.csv,50.0,
2025-04-05 15:55:04,ROW_PROCESSING_ERROR,Error processing row 51 in file /Volumes/TVault2/datasets/sugvu24/extracted_frames/case_008/extraction_results.csv: name 'is_image_processed' is not defined,"Traceback (most recent call last):
  File ""/var/folders/1j/2k5xpt896fdb5rnbdm6nktnr0000gn/T/ipykernel_14640/3110420929.py"", line 61, in <module>
    if is_image_processed(img_path):
       ^^^^^^^^^^^^^^^^^^
NameError: name 'is_image_processed' is not defined
",/Volumes/TVault2/datasets/sugvu24/extracted_frames/case_008/extraction_results.csv,51.0,
2025-04-05 15:55:04,ROW_PROCESSING_ERROR,Error processing row 52 in file /Volumes/TVault2/datasets/sugvu24/extracted_frames/case_008/extraction_results.csv: name 'is_image_processed' is not defined,"Traceback (most recent call last):
  File ""/var/folders/1j/2k5xpt896fdb5rnbdm6nktnr0000gn/T/ipykernel_14640/3110420929.py"", line 61, in <module>
    if is_image_processed(img_path):
       ^^^^^^^^^^^^^^^^^^
NameError: name 'is_image_processed' is not defined
",/Volumes/TVault2/datasets/sugvu24/extracted_frames/case_008/extraction_results.csv,52.0,
2025-04-05 15:55:04,ROW_PROCESSING_ERROR,Error processing row 53 in file /Volumes/TVault2/datasets/sugvu24/extracted_frames/case_008/extraction_results.csv: name 'is_image_processed' is not defined,"Traceback (most recent call last):
  File ""/var/folders/1j/2k5xpt896fdb5rnbdm6nktnr0000gn/T/ipykernel_14640/3110420929.py"", line 61, in <module>
    if is_image_processed(img_path):
       ^^^^^^^^^^^^^^^^^^
NameError: name 'is_image_processed' is not defined
",/Volumes/TVault2/datasets/sugvu24/extracted_frames/case_008/extraction_results.csv,53.0,
2025-04-05 15:55:04,ROW_PROCESSING_ERROR,Error processing row 54 in file /Volumes/TVault2/datasets/sugvu24/extracted_frames/case_008/extraction_results.csv: name 'is_image_processed' is not defined,"Traceback (most recent call last):
  File ""/var/folders/1j/2k5xpt896fdb5rnbdm6nktnr0000gn/T/ipykernel_14640/3110420929.py"", line 61, in <module>
    if is_image_processed(img_path):
       ^^^^^^^^^^^^^^^^^^
NameError: name 'is_image_processed' is not defined
",/Volumes/TVault2/datasets/sugvu24/extracted_frames/case_008/extraction_results.csv,54.0,
2025-04-05 15:55:04,ROW_PROCESSING_ERROR,Error processing row 55 in file /Volumes/TVault2/datasets/sugvu24/extracted_frames/case_008/extraction_results.csv: name 'is_image_processed' is not defined,"Traceback (most recent call last):
  File ""/var/folders/1j/2k5xpt896fdb5rnbdm6nktnr0000gn/T/ipykernel_14640/3110420929.py"", line 61, in <module>
    if is_image_processed(img_path):
       ^^^^^^^^^^^^^^^^^^
NameError: name 'is_image_processed' is not defined
",/Volumes/TVault2/datasets/sugvu24/extracted_frames/case_008/extraction_results.csv,55.0,
2025-04-05 15:55:04,ROW_PROCESSING_ERROR,Error processing row 56 in file /Volumes/TVault2/datasets/sugvu24/extracted_frames/case_008/extraction_results.csv: name 'is_image_processed' is not defined,"Traceback (most recent call last):
  File ""/var/folders/1j/2k5xpt896fdb5rnbdm6nktnr0000gn/T/ipykernel_14640/3110420929.py"", line 61, in <module>
    if is_image_processed(img_path):
       ^^^^^^^^^^^^^^^^^^
NameError: name 'is_image_processed' is not defined
",/Volumes/TVault2/datasets/sugvu24/extracted_frames/case_008/extraction_results.csv,56.0,
2025-04-05 15:55:04,ROW_PROCESSING_ERROR,Error processing row 57 in file /Volumes/TVault2/datasets/sugvu24/extracted_frames/case_008/extraction_results.csv: name 'is_image_processed' is not defined,"Traceback (most recent call last):
  File ""/var/folders/1j/2k5xpt896fdb5rnbdm6nktnr0000gn/T/ipykernel_14640/3110420929.py"", line 61, in <module>
    if is_image_processed(img_path):
       ^^^^^^^^^^^^^^^^^^
NameError: name 'is_image_processed' is not defined
",/Volumes/TVault2/datasets/sugvu24/extracted_frames/case_008/extraction_results.csv,57.0,
2025-04-05 15:55:04,ROW_PROCESSING_ERROR,Error processing row 58 in file /Volumes/TVault2/datasets/sugvu24/extracted_frames/case_008/extraction_results.csv: name 'is_image_processed' is not defined,"Traceback (most recent call last):
  File ""/var/folders/1j/2k5xpt896fdb5rnbdm6nktnr0000gn/T/ipykernel_14640/3110420929.py"", line 61, in <module>
    if is_image_processed(img_path):
       ^^^^^^^^^^^^^^^^^^
NameError: name 'is_image_processed' is not defined
",/Volumes/TVault2/datasets/sugvu24/extracted_frames/case_008/extraction_results.csv,58.0,
2025-04-05 15:55:04,ROW_PROCESSING_ERROR,Error processing row 59 in file /Volumes/TVault2/datasets/sugvu24/extracted_frames/case_008/extraction_results.csv: name 'is_image_processed' is not defined,"Traceback (most recent call last):
  File ""/var/folders/1j/2k5xpt896fdb5rnbdm6nktnr0000gn/T/ipykernel_14640/3110420929.py"", line 61, in <module>
    if is_image_processed(img_path):
       ^^^^^^^^^^^^^^^^^^
NameError: name 'is_image_processed' is not defined
",/Volumes/TVault2/datasets/sugvu24/extracted_frames/case_008/extraction_results.csv,59.0,
2025-04-05 15:55:04,ROW_PROCESSING_ERROR,Error processing row 60 in file /Volumes/TVault2/datasets/sugvu24/extracted_frames/case_008/extraction_results.csv: name 'is_image_processed' is not defined,"Traceback (most recent call last):
  File ""/var/folders/1j/2k5xpt896fdb5rnbdm6nktnr0000gn/T/ipykernel_14640/3110420929.py"", line 61, in <module>
    if is_image_processed(img_path):
       ^^^^^^^^^^^^^^^^^^
NameError: name 'is_image_processed' is not defined
",/Volumes/TVault2/datasets/sugvu24/extracted_frames/case_008/extraction_results.csv,60.0,
2025-04-05 15:55:04,ROW_PROCESSING_ERROR,Error processing row 61 in file /Volumes/TVault2/datasets/sugvu24/extracted_frames/case_008/extraction_results.csv: name 'is_image_processed' is not defined,"Traceback (most recent call last):
  File ""/var/folders/1j/2k5xpt896fdb5rnbdm6nktnr0000gn/T/ipykernel_14640/3110420929.py"", line 61, in <module>
    if is_image_processed(img_path):
       ^^^^^^^^^^^^^^^^^^
NameError: name 'is_image_processed' is not defined
",/Volumes/TVault2/datasets/sugvu24/extracted_frames/case_008/extraction_results.csv,61.0,
2025-04-05 15:55:04,ROW_PROCESSING_ERROR,Error processing row 62 in file /Volumes/TVault2/datasets/sugvu24/extracted_frames/case_008/extraction_results.csv: name 'is_image_processed' is not defined,"Traceback (most recent call last):
  File ""/var/folders/1j/2k5xpt896fdb5rnbdm6nktnr0000gn/T/ipykernel_14640/3110420929.py"", line 61, in <module>
    if is_image_processed(img_path):
       ^^^^^^^^^^^^^^^^^^
NameError: name 'is_image_processed' is not defined
",/Volumes/TVault2/datasets/sugvu24/extracted_frames/case_008/extraction_results.csv,62.0,
2025-04-05 15:55:04,ROW_PROCESSING_ERROR,Error processing row 63 in file /Volumes/TVault2/datasets/sugvu24/extracted_frames/case_008/extraction_results.csv: name 'is_image_processed' is not defined,"Traceback (most recent call last):
  File ""/var/folders/1j/2k5xpt896fdb5rnbdm6nktnr0000gn/T/ipykernel_14640/3110420929.py"", line 61, in <module>
    if is_image_processed(img_path):
       ^^^^^^^^^^^^^^^^^^
NameError: name 'is_image_processed' is not defined
",/Volumes/TVault2/datasets/sugvu24/extracted_frames/case_008/extraction_results.csv,63.0,
2025-04-05 15:55:04,ROW_PROCESSING_ERROR,"Error processing row 64 in file /Volumes/TVault2/datasets/sugvu24/extracted_frames/case_008/extraction_results.csv: join() argument must be str, bytes, or os.PathLike object, not 'float'","Traceback (most recent call last):
  File ""/var/folders/1j/2k5xpt896fdb5rnbdm6nktnr0000gn/T/ipykernel_14640/3110420929.py"", line 58, in <module>
    img_path = os.path.join(root, frame_file)
               ^^^^^^^^^^^^^^^^^^^^^^^^^^^^^^
  File ""<frozen posixpath>"", line 90, in join
  File ""<frozen genericpath>"", line 164, in _check_arg_types
TypeError: join() argument must be str, bytes, or os.PathLike object, not 'float'
",/Volumes/TVault2/datasets/sugvu24/extracted_frames/case_008/extraction_results.csv,64.0,
2025-04-05 15:55:04,ROW_PROCESSING_ERROR,"Error processing row 65 in file /Volumes/TVault2/datasets/sugvu24/extracted_frames/case_008/extraction_results.csv: join() argument must be str, bytes, or os.PathLike object, not 'float'","Traceback (most recent call last):
  File ""/var/folders/1j/2k5xpt896fdb5rnbdm6nktnr0000gn/T/ipykernel_14640/3110420929.py"", line 58, in <module>
    img_path = os.path.join(root, frame_file)
               ^^^^^^^^^^^^^^^^^^^^^^^^^^^^^^
  File ""<frozen posixpath>"", line 90, in join
  File ""<frozen genericpath>"", line 164, in _check_arg_types
TypeError: join() argument must be str, bytes, or os.PathLike object, not 'float'
",/Volumes/TVault2/datasets/sugvu24/extracted_frames/case_008/extraction_results.csv,65.0,
2025-04-05 15:55:04,ROW_PROCESSING_ERROR,"Error processing row 66 in file /Volumes/TVault2/datasets/sugvu24/extracted_frames/case_008/extraction_results.csv: join() argument must be str, bytes, or os.PathLike object, not 'float'","Traceback (most recent call last):
  File ""/var/folders/1j/2k5xpt896fdb5rnbdm6nktnr0000gn/T/ipykernel_14640/3110420929.py"", line 58, in <module>
    img_path = os.path.join(root, frame_file)
               ^^^^^^^^^^^^^^^^^^^^^^^^^^^^^^
  File ""<frozen posixpath>"", line 90, in join
  File ""<frozen genericpath>"", line 164, in _check_arg_types
TypeError: join() argument must be str, bytes, or os.PathLike object, not 'float'
",/Volumes/TVault2/datasets/sugvu24/extracted_frames/case_008/extraction_results.csv,66.0,
2025-04-05 15:55:04,ROW_PROCESSING_ERROR,"Error processing row 67 in file /Volumes/TVault2/datasets/sugvu24/extracted_frames/case_008/extraction_results.csv: join() argument must be str, bytes, or os.PathLike object, not 'float'","Traceback (most recent call last):
  File ""/var/folders/1j/2k5xpt896fdb5rnbdm6nktnr0000gn/T/ipykernel_14640/3110420929.py"", line 58, in <module>
    img_path = os.path.join(root, frame_file)
               ^^^^^^^^^^^^^^^^^^^^^^^^^^^^^^
  File ""<frozen posixpath>"", line 90, in join
  File ""<frozen genericpath>"", line 164, in _check_arg_types
TypeError: join() argument must be str, bytes, or os.PathLike object, not 'float'
",/Volumes/TVault2/datasets/sugvu24/extracted_frames/case_008/extraction_results.csv,67.0,
2025-04-05 15:55:04,ROW_PROCESSING_ERROR,"Error processing row 68 in file /Volumes/TVault2/datasets/sugvu24/extracted_frames/case_008/extraction_results.csv: join() argument must be str, bytes, or os.PathLike object, not 'float'","Traceback (most recent call last):
  File ""/var/folders/1j/2k5xpt896fdb5rnbdm6nktnr0000gn/T/ipykernel_14640/3110420929.py"", line 58, in <module>
    img_path = os.path.join(root, frame_file)
               ^^^^^^^^^^^^^^^^^^^^^^^^^^^^^^
  File ""<frozen posixpath>"", line 90, in join
  File ""<frozen genericpath>"", line 164, in _check_arg_types
TypeError: join() argument must be str, bytes, or os.PathLike object, not 'float'
",/Volumes/TVault2/datasets/sugvu24/extracted_frames/case_008/extraction_results.csv,68.0,
2025-04-05 15:55:04,ROW_PROCESSING_ERROR,Error processing row 69 in file /Volumes/TVault2/datasets/sugvu24/extracted_frames/case_008/extraction_results.csv: name 'is_image_processed' is not defined,"Traceback (most recent call last):
  File ""/var/folders/1j/2k5xpt896fdb5rnbdm6nktnr0000gn/T/ipykernel_14640/3110420929.py"", line 61, in <module>
    if is_image_processed(img_path):
       ^^^^^^^^^^^^^^^^^^
NameError: name 'is_image_processed' is not defined
",/Volumes/TVault2/datasets/sugvu24/extracted_frames/case_008/extraction_results.csv,69.0,
2025-04-05 15:55:04,ROW_PROCESSING_ERROR,Error processing row 70 in file /Volumes/TVault2/datasets/sugvu24/extracted_frames/case_008/extraction_results.csv: name 'is_image_processed' is not defined,"Traceback (most recent call last):
  File ""/var/folders/1j/2k5xpt896fdb5rnbdm6nktnr0000gn/T/ipykernel_14640/3110420929.py"", line 61, in <module>
    if is_image_processed(img_path):
       ^^^^^^^^^^^^^^^^^^
NameError: name 'is_image_processed' is not defined
",/Volumes/TVault2/datasets/sugvu24/extracted_frames/case_008/extraction_results.csv,70.0,
2025-04-05 15:55:04,ROW_PROCESSING_ERROR,Error processing row 71 in file /Volumes/TVault2/datasets/sugvu24/extracted_frames/case_008/extraction_results.csv: name 'is_image_processed' is not defined,"Traceback (most recent call last):
  File ""/var/folders/1j/2k5xpt896fdb5rnbdm6nktnr0000gn/T/ipykernel_14640/3110420929.py"", line 61, in <module>
    if is_image_processed(img_path):
       ^^^^^^^^^^^^^^^^^^
NameError: name 'is_image_processed' is not defined
",/Volumes/TVault2/datasets/sugvu24/extracted_frames/case_008/extraction_results.csv,71.0,
2025-04-05 15:55:04,ROW_PROCESSING_ERROR,Error processing row 72 in file /Volumes/TVault2/datasets/sugvu24/extracted_frames/case_008/extraction_results.csv: name 'is_image_processed' is not defined,"Traceback (most recent call last):
  File ""/var/folders/1j/2k5xpt896fdb5rnbdm6nktnr0000gn/T/ipykernel_14640/3110420929.py"", line 61, in <module>
    if is_image_processed(img_path):
       ^^^^^^^^^^^^^^^^^^
NameError: name 'is_image_processed' is not defined
",/Volumes/TVault2/datasets/sugvu24/extracted_frames/case_008/extraction_results.csv,72.0,
2025-04-05 15:55:04,ROW_PROCESSING_ERROR,Error processing row 73 in file /Volumes/TVault2/datasets/sugvu24/extracted_frames/case_008/extraction_results.csv: name 'is_image_processed' is not defined,"Traceback (most recent call last):
  File ""/var/folders/1j/2k5xpt896fdb5rnbdm6nktnr0000gn/T/ipykernel_14640/3110420929.py"", line 61, in <module>
    if is_image_processed(img_path):
       ^^^^^^^^^^^^^^^^^^
NameError: name 'is_image_processed' is not defined
",/Volumes/TVault2/datasets/sugvu24/extracted_frames/case_008/extraction_results.csv,73.0,
2025-04-05 15:55:04,ROW_PROCESSING_ERROR,"Error processing row 74 in file /Volumes/TVault2/datasets/sugvu24/extracted_frames/case_008/extraction_results.csv: join() argument must be str, bytes, or os.PathLike object, not 'float'","Traceback (most recent call last):
  File ""/var/folders/1j/2k5xpt896fdb5rnbdm6nktnr0000gn/T/ipykernel_14640/3110420929.py"", line 58, in <module>
    img_path = os.path.join(root, frame_file)
               ^^^^^^^^^^^^^^^^^^^^^^^^^^^^^^
  File ""<frozen posixpath>"", line 90, in join
  File ""<frozen genericpath>"", line 164, in _check_arg_types
TypeError: join() argument must be str, bytes, or os.PathLike object, not 'float'
",/Volumes/TVault2/datasets/sugvu24/extracted_frames/case_008/extraction_results.csv,74.0,
2025-04-05 15:55:04,ROW_PROCESSING_ERROR,"Error processing row 75 in file /Volumes/TVault2/datasets/sugvu24/extracted_frames/case_008/extraction_results.csv: join() argument must be str, bytes, or os.PathLike object, not 'float'","Traceback (most recent call last):
  File ""/var/folders/1j/2k5xpt896fdb5rnbdm6nktnr0000gn/T/ipykernel_14640/3110420929.py"", line 58, in <module>
    img_path = os.path.join(root, frame_file)
               ^^^^^^^^^^^^^^^^^^^^^^^^^^^^^^
  File ""<frozen posixpath>"", line 90, in join
  File ""<frozen genericpath>"", line 164, in _check_arg_types
TypeError: join() argument must be str, bytes, or os.PathLike object, not 'float'
",/Volumes/TVault2/datasets/sugvu24/extracted_frames/case_008/extraction_results.csv,75.0,
2025-04-05 15:55:04,ROW_PROCESSING_ERROR,"Error processing row 76 in file /Volumes/TVault2/datasets/sugvu24/extracted_frames/case_008/extraction_results.csv: join() argument must be str, bytes, or os.PathLike object, not 'float'","Traceback (most recent call last):
  File ""/var/folders/1j/2k5xpt896fdb5rnbdm6nktnr0000gn/T/ipykernel_14640/3110420929.py"", line 58, in <module>
    img_path = os.path.join(root, frame_file)
               ^^^^^^^^^^^^^^^^^^^^^^^^^^^^^^
  File ""<frozen posixpath>"", line 90, in join
  File ""<frozen genericpath>"", line 164, in _check_arg_types
TypeError: join() argument must be str, bytes, or os.PathLike object, not 'float'
",/Volumes/TVault2/datasets/sugvu24/extracted_frames/case_008/extraction_results.csv,76.0,
2025-04-05 15:55:04,ROW_PROCESSING_ERROR,"Error processing row 77 in file /Volumes/TVault2/datasets/sugvu24/extracted_frames/case_008/extraction_results.csv: join() argument must be str, bytes, or os.PathLike object, not 'float'","Traceback (most recent call last):
  File ""/var/folders/1j/2k5xpt896fdb5rnbdm6nktnr0000gn/T/ipykernel_14640/3110420929.py"", line 58, in <module>
    img_path = os.path.join(root, frame_file)
               ^^^^^^^^^^^^^^^^^^^^^^^^^^^^^^
  File ""<frozen posixpath>"", line 90, in join
  File ""<frozen genericpath>"", line 164, in _check_arg_types
TypeError: join() argument must be str, bytes, or os.PathLike object, not 'float'
",/Volumes/TVault2/datasets/sugvu24/extracted_frames/case_008/extraction_results.csv,77.0,
2025-04-05 15:55:04,ROW_PROCESSING_ERROR,"Error processing row 78 in file /Volumes/TVault2/datasets/sugvu24/extracted_frames/case_008/extraction_results.csv: join() argument must be str, bytes, or os.PathLike object, not 'float'","Traceback (most recent call last):
  File ""/var/folders/1j/2k5xpt896fdb5rnbdm6nktnr0000gn/T/ipykernel_14640/3110420929.py"", line 58, in <module>
    img_path = os.path.join(root, frame_file)
               ^^^^^^^^^^^^^^^^^^^^^^^^^^^^^^
  File ""<frozen posixpath>"", line 90, in join
  File ""<frozen genericpath>"", line 164, in _check_arg_types
TypeError: join() argument must be str, bytes, or os.PathLike object, not 'float'
",/Volumes/TVault2/datasets/sugvu24/extracted_frames/case_008/extraction_results.csv,78.0,
2025-04-05 15:55:04,ROW_PROCESSING_ERROR,"Error processing row 79 in file /Volumes/TVault2/datasets/sugvu24/extracted_frames/case_008/extraction_results.csv: join() argument must be str, bytes, or os.PathLike object, not 'float'","Traceback (most recent call last):
  File ""/var/folders/1j/2k5xpt896fdb5rnbdm6nktnr0000gn/T/ipykernel_14640/3110420929.py"", line 58, in <module>
    img_path = os.path.join(root, frame_file)
               ^^^^^^^^^^^^^^^^^^^^^^^^^^^^^^
  File ""<frozen posixpath>"", line 90, in join
  File ""<frozen genericpath>"", line 164, in _check_arg_types
TypeError: join() argument must be str, bytes, or os.PathLike object, not 'float'
",/Volumes/TVault2/datasets/sugvu24/extracted_frames/case_008/extraction_results.csv,79.0,
2025-04-05 15:55:04,ROW_PROCESSING_ERROR,Error processing row 80 in file /Volumes/TVault2/datasets/sugvu24/extracted_frames/case_008/extraction_results.csv: name 'is_image_processed' is not defined,"Traceback (most recent call last):
  File ""/var/folders/1j/2k5xpt896fdb5rnbdm6nktnr0000gn/T/ipykernel_14640/3110420929.py"", line 61, in <module>
    if is_image_processed(img_path):
       ^^^^^^^^^^^^^^^^^^
NameError: name 'is_image_processed' is not defined
",/Volumes/TVault2/datasets/sugvu24/extracted_frames/case_008/extraction_results.csv,80.0,
2025-04-05 15:55:04,ROW_PROCESSING_ERROR,Error processing row 81 in file /Volumes/TVault2/datasets/sugvu24/extracted_frames/case_008/extraction_results.csv: name 'is_image_processed' is not defined,"Traceback (most recent call last):
  File ""/var/folders/1j/2k5xpt896fdb5rnbdm6nktnr0000gn/T/ipykernel_14640/3110420929.py"", line 61, in <module>
    if is_image_processed(img_path):
       ^^^^^^^^^^^^^^^^^^
NameError: name 'is_image_processed' is not defined
",/Volumes/TVault2/datasets/sugvu24/extracted_frames/case_008/extraction_results.csv,81.0,
2025-04-05 15:55:04,ROW_PROCESSING_ERROR,Error processing row 82 in file /Volumes/TVault2/datasets/sugvu24/extracted_frames/case_008/extraction_results.csv: name 'is_image_processed' is not defined,"Traceback (most recent call last):
  File ""/var/folders/1j/2k5xpt896fdb5rnbdm6nktnr0000gn/T/ipykernel_14640/3110420929.py"", line 61, in <module>
    if is_image_processed(img_path):
       ^^^^^^^^^^^^^^^^^^
NameError: name 'is_image_processed' is not defined
",/Volumes/TVault2/datasets/sugvu24/extracted_frames/case_008/extraction_results.csv,82.0,
2025-04-05 15:55:04,ROW_PROCESSING_ERROR,Error processing row 83 in file /Volumes/TVault2/datasets/sugvu24/extracted_frames/case_008/extraction_results.csv: name 'is_image_processed' is not defined,"Traceback (most recent call last):
  File ""/var/folders/1j/2k5xpt896fdb5rnbdm6nktnr0000gn/T/ipykernel_14640/3110420929.py"", line 61, in <module>
    if is_image_processed(img_path):
       ^^^^^^^^^^^^^^^^^^
NameError: name 'is_image_processed' is not defined
",/Volumes/TVault2/datasets/sugvu24/extracted_frames/case_008/extraction_results.csv,83.0,
2025-04-05 15:55:04,ROW_PROCESSING_ERROR,Error processing row 84 in file /Volumes/TVault2/datasets/sugvu24/extracted_frames/case_008/extraction_results.csv: name 'is_image_processed' is not defined,"Traceback (most recent call last):
  File ""/var/folders/1j/2k5xpt896fdb5rnbdm6nktnr0000gn/T/ipykernel_14640/3110420929.py"", line 61, in <module>
    if is_image_processed(img_path):
       ^^^^^^^^^^^^^^^^^^
NameError: name 'is_image_processed' is not defined
",/Volumes/TVault2/datasets/sugvu24/extracted_frames/case_008/extraction_results.csv,84.0,
2025-04-05 15:55:04,ROW_PROCESSING_ERROR,Error processing row 85 in file /Volumes/TVault2/datasets/sugvu24/extracted_frames/case_008/extraction_results.csv: name 'is_image_processed' is not defined,"Traceback (most recent call last):
  File ""/var/folders/1j/2k5xpt896fdb5rnbdm6nktnr0000gn/T/ipykernel_14640/3110420929.py"", line 61, in <module>
    if is_image_processed(img_path):
       ^^^^^^^^^^^^^^^^^^
NameError: name 'is_image_processed' is not defined
",/Volumes/TVault2/datasets/sugvu24/extracted_frames/case_008/extraction_results.csv,85.0,
2025-04-05 15:55:04,ROW_PROCESSING_ERROR,Error processing row 86 in file /Volumes/TVault2/datasets/sugvu24/extracted_frames/case_008/extraction_results.csv: name 'is_image_processed' is not defined,"Traceback (most recent call last):
  File ""/var/folders/1j/2k5xpt896fdb5rnbdm6nktnr0000gn/T/ipykernel_14640/3110420929.py"", line 61, in <module>
    if is_image_processed(img_path):
       ^^^^^^^^^^^^^^^^^^
NameError: name 'is_image_processed' is not defined
",/Volumes/TVault2/datasets/sugvu24/extracted_frames/case_008/extraction_results.csv,86.0,
2025-04-05 15:55:04,ROW_PROCESSING_ERROR,Error processing row 87 in file /Volumes/TVault2/datasets/sugvu24/extracted_frames/case_008/extraction_results.csv: name 'is_image_processed' is not defined,"Traceback (most recent call last):
  File ""/var/folders/1j/2k5xpt896fdb5rnbdm6nktnr0000gn/T/ipykernel_14640/3110420929.py"", line 61, in <module>
    if is_image_processed(img_path):
       ^^^^^^^^^^^^^^^^^^
NameError: name 'is_image_processed' is not defined
",/Volumes/TVault2/datasets/sugvu24/extracted_frames/case_008/extraction_results.csv,87.0,
2025-04-05 15:55:04,ROW_PROCESSING_ERROR,Error processing row 88 in file /Volumes/TVault2/datasets/sugvu24/extracted_frames/case_008/extraction_results.csv: name 'is_image_processed' is not defined,"Traceback (most recent call last):
  File ""/var/folders/1j/2k5xpt896fdb5rnbdm6nktnr0000gn/T/ipykernel_14640/3110420929.py"", line 61, in <module>
    if is_image_processed(img_path):
       ^^^^^^^^^^^^^^^^^^
NameError: name 'is_image_processed' is not defined
",/Volumes/TVault2/datasets/sugvu24/extracted_frames/case_008/extraction_results.csv,88.0,
2025-04-05 15:55:04,ROW_PROCESSING_ERROR,Error processing row 89 in file /Volumes/TVault2/datasets/sugvu24/extracted_frames/case_008/extraction_results.csv: name 'is_image_processed' is not defined,"Traceback (most recent call last):
  File ""/var/folders/1j/2k5xpt896fdb5rnbdm6nktnr0000gn/T/ipykernel_14640/3110420929.py"", line 61, in <module>
    if is_image_processed(img_path):
       ^^^^^^^^^^^^^^^^^^
NameError: name 'is_image_processed' is not defined
",/Volumes/TVault2/datasets/sugvu24/extracted_frames/case_008/extraction_results.csv,89.0,
2025-04-05 15:55:04,ROW_PROCESSING_ERROR,Error processing row 90 in file /Volumes/TVault2/datasets/sugvu24/extracted_frames/case_008/extraction_results.csv: name 'is_image_processed' is not defined,"Traceback (most recent call last):
  File ""/var/folders/1j/2k5xpt896fdb5rnbdm6nktnr0000gn/T/ipykernel_14640/3110420929.py"", line 61, in <module>
    if is_image_processed(img_path):
       ^^^^^^^^^^^^^^^^^^
NameError: name 'is_image_processed' is not defined
",/Volumes/TVault2/datasets/sugvu24/extracted_frames/case_008/extraction_results.csv,90.0,
2025-04-05 15:55:04,ROW_PROCESSING_ERROR,Error processing row 91 in file /Volumes/TVault2/datasets/sugvu24/extracted_frames/case_008/extraction_results.csv: name 'is_image_processed' is not defined,"Traceback (most recent call last):
  File ""/var/folders/1j/2k5xpt896fdb5rnbdm6nktnr0000gn/T/ipykernel_14640/3110420929.py"", line 61, in <module>
    if is_image_processed(img_path):
       ^^^^^^^^^^^^^^^^^^
NameError: name 'is_image_processed' is not defined
",/Volumes/TVault2/datasets/sugvu24/extracted_frames/case_008/extraction_results.csv,91.0,
2025-04-05 15:55:04,ROW_PROCESSING_ERROR,Error processing row 92 in file /Volumes/TVault2/datasets/sugvu24/extracted_frames/case_008/extraction_results.csv: name 'is_image_processed' is not defined,"Traceback (most recent call last):
  File ""/var/folders/1j/2k5xpt896fdb5rnbdm6nktnr0000gn/T/ipykernel_14640/3110420929.py"", line 61, in <module>
    if is_image_processed(img_path):
       ^^^^^^^^^^^^^^^^^^
NameError: name 'is_image_processed' is not defined
",/Volumes/TVault2/datasets/sugvu24/extracted_frames/case_008/extraction_results.csv,92.0,
2025-04-05 15:55:04,ROW_PROCESSING_ERROR,Error processing row 93 in file /Volumes/TVault2/datasets/sugvu24/extracted_frames/case_008/extraction_results.csv: name 'is_image_processed' is not defined,"Traceback (most recent call last):
  File ""/var/folders/1j/2k5xpt896fdb5rnbdm6nktnr0000gn/T/ipykernel_14640/3110420929.py"", line 61, in <module>
    if is_image_processed(img_path):
       ^^^^^^^^^^^^^^^^^^
NameError: name 'is_image_processed' is not defined
",/Volumes/TVault2/datasets/sugvu24/extracted_frames/case_008/extraction_results.csv,93.0,
2025-04-05 15:55:04,ROW_PROCESSING_ERROR,Error processing row 94 in file /Volumes/TVault2/datasets/sugvu24/extracted_frames/case_008/extraction_results.csv: name 'is_image_processed' is not defined,"Traceback (most recent call last):
  File ""/var/folders/1j/2k5xpt896fdb5rnbdm6nktnr0000gn/T/ipykernel_14640/3110420929.py"", line 61, in <module>
    if is_image_processed(img_path):
       ^^^^^^^^^^^^^^^^^^
NameError: name 'is_image_processed' is not defined
",/Volumes/TVault2/datasets/sugvu24/extracted_frames/case_008/extraction_results.csv,94.0,
2025-04-05 15:55:04,ROW_PROCESSING_ERROR,Error processing row 95 in file /Volumes/TVault2/datasets/sugvu24/extracted_frames/case_008/extraction_results.csv: name 'is_image_processed' is not defined,"Traceback (most recent call last):
  File ""/var/folders/1j/2k5xpt896fdb5rnbdm6nktnr0000gn/T/ipykernel_14640/3110420929.py"", line 61, in <module>
    if is_image_processed(img_path):
       ^^^^^^^^^^^^^^^^^^
NameError: name 'is_image_processed' is not defined
",/Volumes/TVault2/datasets/sugvu24/extracted_frames/case_008/extraction_results.csv,95.0,
2025-04-05 15:55:04,ROW_PROCESSING_ERROR,Error processing row 96 in file /Volumes/TVault2/datasets/sugvu24/extracted_frames/case_008/extraction_results.csv: name 'is_image_processed' is not defined,"Traceback (most recent call last):
  File ""/var/folders/1j/2k5xpt896fdb5rnbdm6nktnr0000gn/T/ipykernel_14640/3110420929.py"", line 61, in <module>
    if is_image_processed(img_path):
       ^^^^^^^^^^^^^^^^^^
NameError: name 'is_image_processed' is not defined
",/Volumes/TVault2/datasets/sugvu24/extracted_frames/case_008/extraction_results.csv,96.0,
2025-04-05 15:55:04,ROW_PROCESSING_ERROR,Error processing row 97 in file /Volumes/TVault2/datasets/sugvu24/extracted_frames/case_008/extraction_results.csv: name 'is_image_processed' is not defined,"Traceback (most recent call last):
  File ""/var/folders/1j/2k5xpt896fdb5rnbdm6nktnr0000gn/T/ipykernel_14640/3110420929.py"", line 61, in <module>
    if is_image_processed(img_path):
       ^^^^^^^^^^^^^^^^^^
NameError: name 'is_image_processed' is not defined
",/Volumes/TVault2/datasets/sugvu24/extracted_frames/case_008/extraction_results.csv,97.0,
2025-04-05 15:55:04,ROW_PROCESSING_ERROR,Error processing row 98 in file /Volumes/TVault2/datasets/sugvu24/extracted_frames/case_008/extraction_results.csv: name 'is_image_processed' is not defined,"Traceback (most recent call last):
  File ""/var/folders/1j/2k5xpt896fdb5rnbdm6nktnr0000gn/T/ipykernel_14640/3110420929.py"", line 61, in <module>
    if is_image_processed(img_path):
       ^^^^^^^^^^^^^^^^^^
NameError: name 'is_image_processed' is not defined
",/Volumes/TVault2/datasets/sugvu24/extracted_frames/case_008/extraction_results.csv,98.0,
2025-04-05 15:55:04,ROW_PROCESSING_ERROR,Error processing row 99 in file /Volumes/TVault2/datasets/sugvu24/extracted_frames/case_008/extraction_results.csv: name 'is_image_processed' is not defined,"Traceback (most recent call last):
  File ""/var/folders/1j/2k5xpt896fdb5rnbdm6nktnr0000gn/T/ipykernel_14640/3110420929.py"", line 61, in <module>
    if is_image_processed(img_path):
       ^^^^^^^^^^^^^^^^^^
NameError: name 'is_image_processed' is not defined
",/Volumes/TVault2/datasets/sugvu24/extracted_frames/case_008/extraction_results.csv,99.0,
2025-04-05 15:55:04,ROW_PROCESSING_ERROR,Error processing row 100 in file /Volumes/TVault2/datasets/sugvu24/extracted_frames/case_008/extraction_results.csv: name 'is_image_processed' is not defined,"Traceback (most recent call last):
  File ""/var/folders/1j/2k5xpt896fdb5rnbdm6nktnr0000gn/T/ipykernel_14640/3110420929.py"", line 61, in <module>
    if is_image_processed(img_path):
       ^^^^^^^^^^^^^^^^^^
NameError: name 'is_image_processed' is not defined
",/Volumes/TVault2/datasets/sugvu24/extracted_frames/case_008/extraction_results.csv,100.0,
2025-04-05 15:55:04,ROW_PROCESSING_ERROR,Error processing row 101 in file /Volumes/TVault2/datasets/sugvu24/extracted_frames/case_008/extraction_results.csv: name 'is_image_processed' is not defined,"Traceback (most recent call last):
  File ""/var/folders/1j/2k5xpt896fdb5rnbdm6nktnr0000gn/T/ipykernel_14640/3110420929.py"", line 61, in <module>
    if is_image_processed(img_path):
       ^^^^^^^^^^^^^^^^^^
NameError: name 'is_image_processed' is not defined
",/Volumes/TVault2/datasets/sugvu24/extracted_frames/case_008/extraction_results.csv,101.0,
2025-04-05 15:55:04,ROW_PROCESSING_ERROR,Error processing row 102 in file /Volumes/TVault2/datasets/sugvu24/extracted_frames/case_008/extraction_results.csv: name 'is_image_processed' is not defined,"Traceback (most recent call last):
  File ""/var/folders/1j/2k5xpt896fdb5rnbdm6nktnr0000gn/T/ipykernel_14640/3110420929.py"", line 61, in <module>
    if is_image_processed(img_path):
       ^^^^^^^^^^^^^^^^^^
NameError: name 'is_image_processed' is not defined
",/Volumes/TVault2/datasets/sugvu24/extracted_frames/case_008/extraction_results.csv,102.0,
2025-04-05 15:55:04,ROW_PROCESSING_ERROR,Error processing row 103 in file /Volumes/TVault2/datasets/sugvu24/extracted_frames/case_008/extraction_results.csv: name 'is_image_processed' is not defined,"Traceback (most recent call last):
  File ""/var/folders/1j/2k5xpt896fdb5rnbdm6nktnr0000gn/T/ipykernel_14640/3110420929.py"", line 61, in <module>
    if is_image_processed(img_path):
       ^^^^^^^^^^^^^^^^^^
NameError: name 'is_image_processed' is not defined
",/Volumes/TVault2/datasets/sugvu24/extracted_frames/case_008/extraction_results.csv,103.0,
2025-04-05 15:55:04,ROW_PROCESSING_ERROR,Error processing row 0 in file /Volumes/TVault2/datasets/sugvu24/extracted_frames/case_000/extraction_results.csv: name 'is_image_processed' is not defined,"Traceback (most recent call last):
  File ""/var/folders/1j/2k5xpt896fdb5rnbdm6nktnr0000gn/T/ipykernel_14640/3110420929.py"", line 61, in <module>
    if is_image_processed(img_path):
       ^^^^^^^^^^^^^^^^^^
NameError: name 'is_image_processed' is not defined
",/Volumes/TVault2/datasets/sugvu24/extracted_frames/case_000/extraction_results.csv,0.0,
2025-04-05 15:55:04,ROW_PROCESSING_ERROR,Error processing row 1 in file /Volumes/TVault2/datasets/sugvu24/extracted_frames/case_000/extraction_results.csv: name 'is_image_processed' is not defined,"Traceback (most recent call last):
  File ""/var/folders/1j/2k5xpt896fdb5rnbdm6nktnr0000gn/T/ipykernel_14640/3110420929.py"", line 61, in <module>
    if is_image_processed(img_path):
       ^^^^^^^^^^^^^^^^^^
NameError: name 'is_image_processed' is not defined
",/Volumes/TVault2/datasets/sugvu24/extracted_frames/case_000/extraction_results.csv,1.0,
2025-04-05 15:55:04,ROW_PROCESSING_ERROR,Error processing row 2 in file /Volumes/TVault2/datasets/sugvu24/extracted_frames/case_000/extraction_results.csv: name 'is_image_processed' is not defined,"Traceback (most recent call last):
  File ""/var/folders/1j/2k5xpt896fdb5rnbdm6nktnr0000gn/T/ipykernel_14640/3110420929.py"", line 61, in <module>
    if is_image_processed(img_path):
       ^^^^^^^^^^^^^^^^^^
NameError: name 'is_image_processed' is not defined
",/Volumes/TVault2/datasets/sugvu24/extracted_frames/case_000/extraction_results.csv,2.0,
2025-04-05 15:55:04,ROW_PROCESSING_ERROR,Error processing row 3 in file /Volumes/TVault2/datasets/sugvu24/extracted_frames/case_000/extraction_results.csv: name 'is_image_processed' is not defined,"Traceback (most recent call last):
  File ""/var/folders/1j/2k5xpt896fdb5rnbdm6nktnr0000gn/T/ipykernel_14640/3110420929.py"", line 61, in <module>
    if is_image_processed(img_path):
       ^^^^^^^^^^^^^^^^^^
NameError: name 'is_image_processed' is not defined
",/Volumes/TVault2/datasets/sugvu24/extracted_frames/case_000/extraction_results.csv,3.0,
2025-04-05 15:55:04,ROW_PROCESSING_ERROR,"Error processing row 4 in file /Volumes/TVault2/datasets/sugvu24/extracted_frames/case_000/extraction_results.csv: join() argument must be str, bytes, or os.PathLike object, not 'float'","Traceback (most recent call last):
  File ""/var/folders/1j/2k5xpt896fdb5rnbdm6nktnr0000gn/T/ipykernel_14640/3110420929.py"", line 58, in <module>
    img_path = os.path.join(root, frame_file)
               ^^^^^^^^^^^^^^^^^^^^^^^^^^^^^^
  File ""<frozen posixpath>"", line 90, in join
  File ""<frozen genericpath>"", line 164, in _check_arg_types
TypeError: join() argument must be str, bytes, or os.PathLike object, not 'float'
",/Volumes/TVault2/datasets/sugvu24/extracted_frames/case_000/extraction_results.csv,4.0,
2025-04-05 15:55:04,ROW_PROCESSING_ERROR,"Error processing row 5 in file /Volumes/TVault2/datasets/sugvu24/extracted_frames/case_000/extraction_results.csv: join() argument must be str, bytes, or os.PathLike object, not 'float'","Traceback (most recent call last):
  File ""/var/folders/1j/2k5xpt896fdb5rnbdm6nktnr0000gn/T/ipykernel_14640/3110420929.py"", line 58, in <module>
    img_path = os.path.join(root, frame_file)
               ^^^^^^^^^^^^^^^^^^^^^^^^^^^^^^
  File ""<frozen posixpath>"", line 90, in join
  File ""<frozen genericpath>"", line 164, in _check_arg_types
TypeError: join() argument must be str, bytes, or os.PathLike object, not 'float'
",/Volumes/TVault2/datasets/sugvu24/extracted_frames/case_000/extraction_results.csv,5.0,
2025-04-05 15:55:04,ROW_PROCESSING_ERROR,"Error processing row 6 in file /Volumes/TVault2/datasets/sugvu24/extracted_frames/case_000/extraction_results.csv: join() argument must be str, bytes, or os.PathLike object, not 'float'","Traceback (most recent call last):
  File ""/var/folders/1j/2k5xpt896fdb5rnbdm6nktnr0000gn/T/ipykernel_14640/3110420929.py"", line 58, in <module>
    img_path = os.path.join(root, frame_file)
               ^^^^^^^^^^^^^^^^^^^^^^^^^^^^^^
  File ""<frozen posixpath>"", line 90, in join
  File ""<frozen genericpath>"", line 164, in _check_arg_types
TypeError: join() argument must be str, bytes, or os.PathLike object, not 'float'
",/Volumes/TVault2/datasets/sugvu24/extracted_frames/case_000/extraction_results.csv,6.0,
2025-04-05 15:55:04,ROW_PROCESSING_ERROR,"Error processing row 7 in file /Volumes/TVault2/datasets/sugvu24/extracted_frames/case_000/extraction_results.csv: join() argument must be str, bytes, or os.PathLike object, not 'float'","Traceback (most recent call last):
  File ""/var/folders/1j/2k5xpt896fdb5rnbdm6nktnr0000gn/T/ipykernel_14640/3110420929.py"", line 58, in <module>
    img_path = os.path.join(root, frame_file)
               ^^^^^^^^^^^^^^^^^^^^^^^^^^^^^^
  File ""<frozen posixpath>"", line 90, in join
  File ""<frozen genericpath>"", line 164, in _check_arg_types
TypeError: join() argument must be str, bytes, or os.PathLike object, not 'float'
",/Volumes/TVault2/datasets/sugvu24/extracted_frames/case_000/extraction_results.csv,7.0,
2025-04-05 15:55:04,ROW_PROCESSING_ERROR,"Error processing row 8 in file /Volumes/TVault2/datasets/sugvu24/extracted_frames/case_000/extraction_results.csv: join() argument must be str, bytes, or os.PathLike object, not 'float'","Traceback (most recent call last):
  File ""/var/folders/1j/2k5xpt896fdb5rnbdm6nktnr0000gn/T/ipykernel_14640/3110420929.py"", line 58, in <module>
    img_path = os.path.join(root, frame_file)
               ^^^^^^^^^^^^^^^^^^^^^^^^^^^^^^
  File ""<frozen posixpath>"", line 90, in join
  File ""<frozen genericpath>"", line 164, in _check_arg_types
TypeError: join() argument must be str, bytes, or os.PathLike object, not 'float'
",/Volumes/TVault2/datasets/sugvu24/extracted_frames/case_000/extraction_results.csv,8.0,
2025-04-05 15:55:04,ROW_PROCESSING_ERROR,"Error processing row 9 in file /Volumes/TVault2/datasets/sugvu24/extracted_frames/case_000/extraction_results.csv: join() argument must be str, bytes, or os.PathLike object, not 'float'","Traceback (most recent call last):
  File ""/var/folders/1j/2k5xpt896fdb5rnbdm6nktnr0000gn/T/ipykernel_14640/3110420929.py"", line 58, in <module>
    img_path = os.path.join(root, frame_file)
               ^^^^^^^^^^^^^^^^^^^^^^^^^^^^^^
  File ""<frozen posixpath>"", line 90, in join
  File ""<frozen genericpath>"", line 164, in _check_arg_types
TypeError: join() argument must be str, bytes, or os.PathLike object, not 'float'
",/Volumes/TVault2/datasets/sugvu24/extracted_frames/case_000/extraction_results.csv,9.0,
2025-04-05 15:55:04,ROW_PROCESSING_ERROR,"Error processing row 10 in file /Volumes/TVault2/datasets/sugvu24/extracted_frames/case_000/extraction_results.csv: join() argument must be str, bytes, or os.PathLike object, not 'float'","Traceback (most recent call last):
  File ""/var/folders/1j/2k5xpt896fdb5rnbdm6nktnr0000gn/T/ipykernel_14640/3110420929.py"", line 58, in <module>
    img_path = os.path.join(root, frame_file)
               ^^^^^^^^^^^^^^^^^^^^^^^^^^^^^^
  File ""<frozen posixpath>"", line 90, in join
  File ""<frozen genericpath>"", line 164, in _check_arg_types
TypeError: join() argument must be str, bytes, or os.PathLike object, not 'float'
",/Volumes/TVault2/datasets/sugvu24/extracted_frames/case_000/extraction_results.csv,10.0,
2025-04-05 15:55:04,ROW_PROCESSING_ERROR,"Error processing row 11 in file /Volumes/TVault2/datasets/sugvu24/extracted_frames/case_000/extraction_results.csv: join() argument must be str, bytes, or os.PathLike object, not 'float'","Traceback (most recent call last):
  File ""/var/folders/1j/2k5xpt896fdb5rnbdm6nktnr0000gn/T/ipykernel_14640/3110420929.py"", line 58, in <module>
    img_path = os.path.join(root, frame_file)
               ^^^^^^^^^^^^^^^^^^^^^^^^^^^^^^
  File ""<frozen posixpath>"", line 90, in join
  File ""<frozen genericpath>"", line 164, in _check_arg_types
TypeError: join() argument must be str, bytes, or os.PathLike object, not 'float'
",/Volumes/TVault2/datasets/sugvu24/extracted_frames/case_000/extraction_results.csv,11.0,
2025-04-05 15:55:04,ROW_PROCESSING_ERROR,"Error processing row 12 in file /Volumes/TVault2/datasets/sugvu24/extracted_frames/case_000/extraction_results.csv: join() argument must be str, bytes, or os.PathLike object, not 'float'","Traceback (most recent call last):
  File ""/var/folders/1j/2k5xpt896fdb5rnbdm6nktnr0000gn/T/ipykernel_14640/3110420929.py"", line 58, in <module>
    img_path = os.path.join(root, frame_file)
               ^^^^^^^^^^^^^^^^^^^^^^^^^^^^^^
  File ""<frozen posixpath>"", line 90, in join
  File ""<frozen genericpath>"", line 164, in _check_arg_types
TypeError: join() argument must be str, bytes, or os.PathLike object, not 'float'
",/Volumes/TVault2/datasets/sugvu24/extracted_frames/case_000/extraction_results.csv,12.0,
2025-04-05 15:55:04,ROW_PROCESSING_ERROR,"Error processing row 13 in file /Volumes/TVault2/datasets/sugvu24/extracted_frames/case_000/extraction_results.csv: join() argument must be str, bytes, or os.PathLike object, not 'float'","Traceback (most recent call last):
  File ""/var/folders/1j/2k5xpt896fdb5rnbdm6nktnr0000gn/T/ipykernel_14640/3110420929.py"", line 58, in <module>
    img_path = os.path.join(root, frame_file)
               ^^^^^^^^^^^^^^^^^^^^^^^^^^^^^^
  File ""<frozen posixpath>"", line 90, in join
  File ""<frozen genericpath>"", line 164, in _check_arg_types
TypeError: join() argument must be str, bytes, or os.PathLike object, not 'float'
",/Volumes/TVault2/datasets/sugvu24/extracted_frames/case_000/extraction_results.csv,13.0,
2025-04-05 15:55:04,ROW_PROCESSING_ERROR,Error processing row 14 in file /Volumes/TVault2/datasets/sugvu24/extracted_frames/case_000/extraction_results.csv: name 'is_image_processed' is not defined,"Traceback (most recent call last):
  File ""/var/folders/1j/2k5xpt896fdb5rnbdm6nktnr0000gn/T/ipykernel_14640/3110420929.py"", line 61, in <module>
    if is_image_processed(img_path):
       ^^^^^^^^^^^^^^^^^^
NameError: name 'is_image_processed' is not defined
",/Volumes/TVault2/datasets/sugvu24/extracted_frames/case_000/extraction_results.csv,14.0,
2025-04-05 15:55:04,ROW_PROCESSING_ERROR,Error processing row 15 in file /Volumes/TVault2/datasets/sugvu24/extracted_frames/case_000/extraction_results.csv: name 'is_image_processed' is not defined,"Traceback (most recent call last):
  File ""/var/folders/1j/2k5xpt896fdb5rnbdm6nktnr0000gn/T/ipykernel_14640/3110420929.py"", line 61, in <module>
    if is_image_processed(img_path):
       ^^^^^^^^^^^^^^^^^^
NameError: name 'is_image_processed' is not defined
",/Volumes/TVault2/datasets/sugvu24/extracted_frames/case_000/extraction_results.csv,15.0,
2025-04-05 15:55:04,ROW_PROCESSING_ERROR,Error processing row 16 in file /Volumes/TVault2/datasets/sugvu24/extracted_frames/case_000/extraction_results.csv: name 'is_image_processed' is not defined,"Traceback (most recent call last):
  File ""/var/folders/1j/2k5xpt896fdb5rnbdm6nktnr0000gn/T/ipykernel_14640/3110420929.py"", line 61, in <module>
    if is_image_processed(img_path):
       ^^^^^^^^^^^^^^^^^^
NameError: name 'is_image_processed' is not defined
",/Volumes/TVault2/datasets/sugvu24/extracted_frames/case_000/extraction_results.csv,16.0,
2025-04-05 15:55:04,ROW_PROCESSING_ERROR,Error processing row 17 in file /Volumes/TVault2/datasets/sugvu24/extracted_frames/case_000/extraction_results.csv: name 'is_image_processed' is not defined,"Traceback (most recent call last):
  File ""/var/folders/1j/2k5xpt896fdb5rnbdm6nktnr0000gn/T/ipykernel_14640/3110420929.py"", line 61, in <module>
    if is_image_processed(img_path):
       ^^^^^^^^^^^^^^^^^^
NameError: name 'is_image_processed' is not defined
",/Volumes/TVault2/datasets/sugvu24/extracted_frames/case_000/extraction_results.csv,17.0,
2025-04-05 15:55:04,ROW_PROCESSING_ERROR,Error processing row 18 in file /Volumes/TVault2/datasets/sugvu24/extracted_frames/case_000/extraction_results.csv: name 'is_image_processed' is not defined,"Traceback (most recent call last):
  File ""/var/folders/1j/2k5xpt896fdb5rnbdm6nktnr0000gn/T/ipykernel_14640/3110420929.py"", line 61, in <module>
    if is_image_processed(img_path):
       ^^^^^^^^^^^^^^^^^^
NameError: name 'is_image_processed' is not defined
",/Volumes/TVault2/datasets/sugvu24/extracted_frames/case_000/extraction_results.csv,18.0,
2025-04-05 15:55:04,ROW_PROCESSING_ERROR,Error processing row 19 in file /Volumes/TVault2/datasets/sugvu24/extracted_frames/case_000/extraction_results.csv: name 'is_image_processed' is not defined,"Traceback (most recent call last):
  File ""/var/folders/1j/2k5xpt896fdb5rnbdm6nktnr0000gn/T/ipykernel_14640/3110420929.py"", line 61, in <module>
    if is_image_processed(img_path):
       ^^^^^^^^^^^^^^^^^^
NameError: name 'is_image_processed' is not defined
",/Volumes/TVault2/datasets/sugvu24/extracted_frames/case_000/extraction_results.csv,19.0,
2025-04-05 15:55:04,ROW_PROCESSING_ERROR,"Error processing row 20 in file /Volumes/TVault2/datasets/sugvu24/extracted_frames/case_000/extraction_results.csv: join() argument must be str, bytes, or os.PathLike object, not 'float'","Traceback (most recent call last):
  File ""/var/folders/1j/2k5xpt896fdb5rnbdm6nktnr0000gn/T/ipykernel_14640/3110420929.py"", line 58, in <module>
    img_path = os.path.join(root, frame_file)
               ^^^^^^^^^^^^^^^^^^^^^^^^^^^^^^
  File ""<frozen posixpath>"", line 90, in join
  File ""<frozen genericpath>"", line 164, in _check_arg_types
TypeError: join() argument must be str, bytes, or os.PathLike object, not 'float'
",/Volumes/TVault2/datasets/sugvu24/extracted_frames/case_000/extraction_results.csv,20.0,
2025-04-05 15:55:04,ROW_PROCESSING_ERROR,Error processing row 21 in file /Volumes/TVault2/datasets/sugvu24/extracted_frames/case_000/extraction_results.csv: name 'is_image_processed' is not defined,"Traceback (most recent call last):
  File ""/var/folders/1j/2k5xpt896fdb5rnbdm6nktnr0000gn/T/ipykernel_14640/3110420929.py"", line 61, in <module>
    if is_image_processed(img_path):
       ^^^^^^^^^^^^^^^^^^
NameError: name 'is_image_processed' is not defined
",/Volumes/TVault2/datasets/sugvu24/extracted_frames/case_000/extraction_results.csv,21.0,
2025-04-05 15:55:04,ROW_PROCESSING_ERROR,Error processing row 0 in file /Volumes/TVault2/datasets/sugvu24/extracted_frames/case_009/extraction_results.csv: name 'is_image_processed' is not defined,"Traceback (most recent call last):
  File ""/var/folders/1j/2k5xpt896fdb5rnbdm6nktnr0000gn/T/ipykernel_14640/3110420929.py"", line 61, in <module>
    if is_image_processed(img_path):
       ^^^^^^^^^^^^^^^^^^
NameError: name 'is_image_processed' is not defined
",/Volumes/TVault2/datasets/sugvu24/extracted_frames/case_009/extraction_results.csv,0.0,
2025-04-05 15:55:04,ROW_PROCESSING_ERROR,Error processing row 1 in file /Volumes/TVault2/datasets/sugvu24/extracted_frames/case_009/extraction_results.csv: name 'is_image_processed' is not defined,"Traceback (most recent call last):
  File ""/var/folders/1j/2k5xpt896fdb5rnbdm6nktnr0000gn/T/ipykernel_14640/3110420929.py"", line 61, in <module>
    if is_image_processed(img_path):
       ^^^^^^^^^^^^^^^^^^
NameError: name 'is_image_processed' is not defined
",/Volumes/TVault2/datasets/sugvu24/extracted_frames/case_009/extraction_results.csv,1.0,
2025-04-05 15:55:04,ROW_PROCESSING_ERROR,Error processing row 2 in file /Volumes/TVault2/datasets/sugvu24/extracted_frames/case_009/extraction_results.csv: name 'is_image_processed' is not defined,"Traceback (most recent call last):
  File ""/var/folders/1j/2k5xpt896fdb5rnbdm6nktnr0000gn/T/ipykernel_14640/3110420929.py"", line 61, in <module>
    if is_image_processed(img_path):
       ^^^^^^^^^^^^^^^^^^
NameError: name 'is_image_processed' is not defined
",/Volumes/TVault2/datasets/sugvu24/extracted_frames/case_009/extraction_results.csv,2.0,
2025-04-05 15:55:04,ROW_PROCESSING_ERROR,"Error processing row 3 in file /Volumes/TVault2/datasets/sugvu24/extracted_frames/case_009/extraction_results.csv: join() argument must be str, bytes, or os.PathLike object, not 'float'","Traceback (most recent call last):
  File ""/var/folders/1j/2k5xpt896fdb5rnbdm6nktnr0000gn/T/ipykernel_14640/3110420929.py"", line 58, in <module>
    img_path = os.path.join(root, frame_file)
               ^^^^^^^^^^^^^^^^^^^^^^^^^^^^^^
  File ""<frozen posixpath>"", line 90, in join
  File ""<frozen genericpath>"", line 164, in _check_arg_types
TypeError: join() argument must be str, bytes, or os.PathLike object, not 'float'
",/Volumes/TVault2/datasets/sugvu24/extracted_frames/case_009/extraction_results.csv,3.0,
2025-04-05 15:55:04,ROW_PROCESSING_ERROR,Error processing row 4 in file /Volumes/TVault2/datasets/sugvu24/extracted_frames/case_009/extraction_results.csv: name 'is_image_processed' is not defined,"Traceback (most recent call last):
  File ""/var/folders/1j/2k5xpt896fdb5rnbdm6nktnr0000gn/T/ipykernel_14640/3110420929.py"", line 61, in <module>
    if is_image_processed(img_path):
       ^^^^^^^^^^^^^^^^^^
NameError: name 'is_image_processed' is not defined
",/Volumes/TVault2/datasets/sugvu24/extracted_frames/case_009/extraction_results.csv,4.0,
2025-04-05 15:55:05,ROW_PROCESSING_ERROR,Error processing row 5 in file /Volumes/TVault2/datasets/sugvu24/extracted_frames/case_009/extraction_results.csv: name 'is_image_processed' is not defined,"Traceback (most recent call last):
  File ""/var/folders/1j/2k5xpt896fdb5rnbdm6nktnr0000gn/T/ipykernel_14640/3110420929.py"", line 61, in <module>
    if is_image_processed(img_path):
       ^^^^^^^^^^^^^^^^^^
NameError: name 'is_image_processed' is not defined
",/Volumes/TVault2/datasets/sugvu24/extracted_frames/case_009/extraction_results.csv,5.0,
2025-04-05 15:55:05,ROW_PROCESSING_ERROR,Error processing row 6 in file /Volumes/TVault2/datasets/sugvu24/extracted_frames/case_009/extraction_results.csv: name 'is_image_processed' is not defined,"Traceback (most recent call last):
  File ""/var/folders/1j/2k5xpt896fdb5rnbdm6nktnr0000gn/T/ipykernel_14640/3110420929.py"", line 61, in <module>
    if is_image_processed(img_path):
       ^^^^^^^^^^^^^^^^^^
NameError: name 'is_image_processed' is not defined
",/Volumes/TVault2/datasets/sugvu24/extracted_frames/case_009/extraction_results.csv,6.0,
2025-04-05 15:55:05,ROW_PROCESSING_ERROR,Error processing row 7 in file /Volumes/TVault2/datasets/sugvu24/extracted_frames/case_009/extraction_results.csv: name 'is_image_processed' is not defined,"Traceback (most recent call last):
  File ""/var/folders/1j/2k5xpt896fdb5rnbdm6nktnr0000gn/T/ipykernel_14640/3110420929.py"", line 61, in <module>
    if is_image_processed(img_path):
       ^^^^^^^^^^^^^^^^^^
NameError: name 'is_image_processed' is not defined
",/Volumes/TVault2/datasets/sugvu24/extracted_frames/case_009/extraction_results.csv,7.0,
2025-04-05 15:55:05,ROW_PROCESSING_ERROR,Error processing row 8 in file /Volumes/TVault2/datasets/sugvu24/extracted_frames/case_009/extraction_results.csv: name 'is_image_processed' is not defined,"Traceback (most recent call last):
  File ""/var/folders/1j/2k5xpt896fdb5rnbdm6nktnr0000gn/T/ipykernel_14640/3110420929.py"", line 61, in <module>
    if is_image_processed(img_path):
       ^^^^^^^^^^^^^^^^^^
NameError: name 'is_image_processed' is not defined
",/Volumes/TVault2/datasets/sugvu24/extracted_frames/case_009/extraction_results.csv,8.0,
2025-04-05 15:55:05,ROW_PROCESSING_ERROR,Error processing row 9 in file /Volumes/TVault2/datasets/sugvu24/extracted_frames/case_009/extraction_results.csv: name 'is_image_processed' is not defined,"Traceback (most recent call last):
  File ""/var/folders/1j/2k5xpt896fdb5rnbdm6nktnr0000gn/T/ipykernel_14640/3110420929.py"", line 61, in <module>
    if is_image_processed(img_path):
       ^^^^^^^^^^^^^^^^^^
NameError: name 'is_image_processed' is not defined
",/Volumes/TVault2/datasets/sugvu24/extracted_frames/case_009/extraction_results.csv,9.0,
2025-04-05 15:55:05,ROW_PROCESSING_ERROR,Error processing row 10 in file /Volumes/TVault2/datasets/sugvu24/extracted_frames/case_009/extraction_results.csv: name 'is_image_processed' is not defined,"Traceback (most recent call last):
  File ""/var/folders/1j/2k5xpt896fdb5rnbdm6nktnr0000gn/T/ipykernel_14640/3110420929.py"", line 61, in <module>
    if is_image_processed(img_path):
       ^^^^^^^^^^^^^^^^^^
NameError: name 'is_image_processed' is not defined
",/Volumes/TVault2/datasets/sugvu24/extracted_frames/case_009/extraction_results.csv,10.0,
2025-04-05 15:55:05,ROW_PROCESSING_ERROR,Error processing row 11 in file /Volumes/TVault2/datasets/sugvu24/extracted_frames/case_009/extraction_results.csv: name 'is_image_processed' is not defined,"Traceback (most recent call last):
  File ""/var/folders/1j/2k5xpt896fdb5rnbdm6nktnr0000gn/T/ipykernel_14640/3110420929.py"", line 61, in <module>
    if is_image_processed(img_path):
       ^^^^^^^^^^^^^^^^^^
NameError: name 'is_image_processed' is not defined
",/Volumes/TVault2/datasets/sugvu24/extracted_frames/case_009/extraction_results.csv,11.0,
2025-04-05 15:55:05,ROW_PROCESSING_ERROR,Error processing row 12 in file /Volumes/TVault2/datasets/sugvu24/extracted_frames/case_009/extraction_results.csv: name 'is_image_processed' is not defined,"Traceback (most recent call last):
  File ""/var/folders/1j/2k5xpt896fdb5rnbdm6nktnr0000gn/T/ipykernel_14640/3110420929.py"", line 61, in <module>
    if is_image_processed(img_path):
       ^^^^^^^^^^^^^^^^^^
NameError: name 'is_image_processed' is not defined
",/Volumes/TVault2/datasets/sugvu24/extracted_frames/case_009/extraction_results.csv,12.0,
2025-04-05 15:55:05,ROW_PROCESSING_ERROR,Error processing row 13 in file /Volumes/TVault2/datasets/sugvu24/extracted_frames/case_009/extraction_results.csv: name 'is_image_processed' is not defined,"Traceback (most recent call last):
  File ""/var/folders/1j/2k5xpt896fdb5rnbdm6nktnr0000gn/T/ipykernel_14640/3110420929.py"", line 61, in <module>
    if is_image_processed(img_path):
       ^^^^^^^^^^^^^^^^^^
NameError: name 'is_image_processed' is not defined
",/Volumes/TVault2/datasets/sugvu24/extracted_frames/case_009/extraction_results.csv,13.0,
2025-04-05 15:55:05,ROW_PROCESSING_ERROR,Error processing row 14 in file /Volumes/TVault2/datasets/sugvu24/extracted_frames/case_009/extraction_results.csv: name 'is_image_processed' is not defined,"Traceback (most recent call last):
  File ""/var/folders/1j/2k5xpt896fdb5rnbdm6nktnr0000gn/T/ipykernel_14640/3110420929.py"", line 61, in <module>
    if is_image_processed(img_path):
       ^^^^^^^^^^^^^^^^^^
NameError: name 'is_image_processed' is not defined
",/Volumes/TVault2/datasets/sugvu24/extracted_frames/case_009/extraction_results.csv,14.0,
2025-04-05 15:55:05,ROW_PROCESSING_ERROR,Error processing row 15 in file /Volumes/TVault2/datasets/sugvu24/extracted_frames/case_009/extraction_results.csv: name 'is_image_processed' is not defined,"Traceback (most recent call last):
  File ""/var/folders/1j/2k5xpt896fdb5rnbdm6nktnr0000gn/T/ipykernel_14640/3110420929.py"", line 61, in <module>
    if is_image_processed(img_path):
       ^^^^^^^^^^^^^^^^^^
NameError: name 'is_image_processed' is not defined
",/Volumes/TVault2/datasets/sugvu24/extracted_frames/case_009/extraction_results.csv,15.0,
2025-04-05 15:55:05,ROW_PROCESSING_ERROR,Error processing row 16 in file /Volumes/TVault2/datasets/sugvu24/extracted_frames/case_009/extraction_results.csv: name 'is_image_processed' is not defined,"Traceback (most recent call last):
  File ""/var/folders/1j/2k5xpt896fdb5rnbdm6nktnr0000gn/T/ipykernel_14640/3110420929.py"", line 61, in <module>
    if is_image_processed(img_path):
       ^^^^^^^^^^^^^^^^^^
NameError: name 'is_image_processed' is not defined
",/Volumes/TVault2/datasets/sugvu24/extracted_frames/case_009/extraction_results.csv,16.0,
2025-04-05 15:55:05,ROW_PROCESSING_ERROR,Error processing row 17 in file /Volumes/TVault2/datasets/sugvu24/extracted_frames/case_009/extraction_results.csv: name 'is_image_processed' is not defined,"Traceback (most recent call last):
  File ""/var/folders/1j/2k5xpt896fdb5rnbdm6nktnr0000gn/T/ipykernel_14640/3110420929.py"", line 61, in <module>
    if is_image_processed(img_path):
       ^^^^^^^^^^^^^^^^^^
NameError: name 'is_image_processed' is not defined
",/Volumes/TVault2/datasets/sugvu24/extracted_frames/case_009/extraction_results.csv,17.0,
2025-04-05 15:55:05,ROW_PROCESSING_ERROR,Error processing row 18 in file /Volumes/TVault2/datasets/sugvu24/extracted_frames/case_009/extraction_results.csv: name 'is_image_processed' is not defined,"Traceback (most recent call last):
  File ""/var/folders/1j/2k5xpt896fdb5rnbdm6nktnr0000gn/T/ipykernel_14640/3110420929.py"", line 61, in <module>
    if is_image_processed(img_path):
       ^^^^^^^^^^^^^^^^^^
NameError: name 'is_image_processed' is not defined
",/Volumes/TVault2/datasets/sugvu24/extracted_frames/case_009/extraction_results.csv,18.0,
2025-04-05 15:55:05,ROW_PROCESSING_ERROR,Error processing row 19 in file /Volumes/TVault2/datasets/sugvu24/extracted_frames/case_009/extraction_results.csv: name 'is_image_processed' is not defined,"Traceback (most recent call last):
  File ""/var/folders/1j/2k5xpt896fdb5rnbdm6nktnr0000gn/T/ipykernel_14640/3110420929.py"", line 61, in <module>
    if is_image_processed(img_path):
       ^^^^^^^^^^^^^^^^^^
NameError: name 'is_image_processed' is not defined
",/Volumes/TVault2/datasets/sugvu24/extracted_frames/case_009/extraction_results.csv,19.0,
2025-04-05 15:55:05,ROW_PROCESSING_ERROR,Error processing row 20 in file /Volumes/TVault2/datasets/sugvu24/extracted_frames/case_009/extraction_results.csv: name 'is_image_processed' is not defined,"Traceback (most recent call last):
  File ""/var/folders/1j/2k5xpt896fdb5rnbdm6nktnr0000gn/T/ipykernel_14640/3110420929.py"", line 61, in <module>
    if is_image_processed(img_path):
       ^^^^^^^^^^^^^^^^^^
NameError: name 'is_image_processed' is not defined
",/Volumes/TVault2/datasets/sugvu24/extracted_frames/case_009/extraction_results.csv,20.0,
2025-04-05 15:55:05,ROW_PROCESSING_ERROR,Error processing row 21 in file /Volumes/TVault2/datasets/sugvu24/extracted_frames/case_009/extraction_results.csv: name 'is_image_processed' is not defined,"Traceback (most recent call last):
  File ""/var/folders/1j/2k5xpt896fdb5rnbdm6nktnr0000gn/T/ipykernel_14640/3110420929.py"", line 61, in <module>
    if is_image_processed(img_path):
       ^^^^^^^^^^^^^^^^^^
NameError: name 'is_image_processed' is not defined
",/Volumes/TVault2/datasets/sugvu24/extracted_frames/case_009/extraction_results.csv,21.0,
2025-04-05 15:55:05,ROW_PROCESSING_ERROR,Error processing row 22 in file /Volumes/TVault2/datasets/sugvu24/extracted_frames/case_009/extraction_results.csv: name 'is_image_processed' is not defined,"Traceback (most recent call last):
  File ""/var/folders/1j/2k5xpt896fdb5rnbdm6nktnr0000gn/T/ipykernel_14640/3110420929.py"", line 61, in <module>
    if is_image_processed(img_path):
       ^^^^^^^^^^^^^^^^^^
NameError: name 'is_image_processed' is not defined
",/Volumes/TVault2/datasets/sugvu24/extracted_frames/case_009/extraction_results.csv,22.0,
2025-04-05 15:55:05,ROW_PROCESSING_ERROR,Error processing row 23 in file /Volumes/TVault2/datasets/sugvu24/extracted_frames/case_009/extraction_results.csv: name 'is_image_processed' is not defined,"Traceback (most recent call last):
  File ""/var/folders/1j/2k5xpt896fdb5rnbdm6nktnr0000gn/T/ipykernel_14640/3110420929.py"", line 61, in <module>
    if is_image_processed(img_path):
       ^^^^^^^^^^^^^^^^^^
NameError: name 'is_image_processed' is not defined
",/Volumes/TVault2/datasets/sugvu24/extracted_frames/case_009/extraction_results.csv,23.0,
2025-04-05 15:55:05,ROW_PROCESSING_ERROR,Error processing row 24 in file /Volumes/TVault2/datasets/sugvu24/extracted_frames/case_009/extraction_results.csv: name 'is_image_processed' is not defined,"Traceback (most recent call last):
  File ""/var/folders/1j/2k5xpt896fdb5rnbdm6nktnr0000gn/T/ipykernel_14640/3110420929.py"", line 61, in <module>
    if is_image_processed(img_path):
       ^^^^^^^^^^^^^^^^^^
NameError: name 'is_image_processed' is not defined
",/Volumes/TVault2/datasets/sugvu24/extracted_frames/case_009/extraction_results.csv,24.0,
2025-04-05 15:55:05,ROW_PROCESSING_ERROR,Error processing row 25 in file /Volumes/TVault2/datasets/sugvu24/extracted_frames/case_009/extraction_results.csv: name 'is_image_processed' is not defined,"Traceback (most recent call last):
  File ""/var/folders/1j/2k5xpt896fdb5rnbdm6nktnr0000gn/T/ipykernel_14640/3110420929.py"", line 61, in <module>
    if is_image_processed(img_path):
       ^^^^^^^^^^^^^^^^^^
NameError: name 'is_image_processed' is not defined
",/Volumes/TVault2/datasets/sugvu24/extracted_frames/case_009/extraction_results.csv,25.0,
2025-04-05 15:55:05,ROW_PROCESSING_ERROR,Error processing row 26 in file /Volumes/TVault2/datasets/sugvu24/extracted_frames/case_009/extraction_results.csv: name 'is_image_processed' is not defined,"Traceback (most recent call last):
  File ""/var/folders/1j/2k5xpt896fdb5rnbdm6nktnr0000gn/T/ipykernel_14640/3110420929.py"", line 61, in <module>
    if is_image_processed(img_path):
       ^^^^^^^^^^^^^^^^^^
NameError: name 'is_image_processed' is not defined
",/Volumes/TVault2/datasets/sugvu24/extracted_frames/case_009/extraction_results.csv,26.0,
2025-04-05 15:55:05,ROW_PROCESSING_ERROR,Error processing row 27 in file /Volumes/TVault2/datasets/sugvu24/extracted_frames/case_009/extraction_results.csv: name 'is_image_processed' is not defined,"Traceback (most recent call last):
  File ""/var/folders/1j/2k5xpt896fdb5rnbdm6nktnr0000gn/T/ipykernel_14640/3110420929.py"", line 61, in <module>
    if is_image_processed(img_path):
       ^^^^^^^^^^^^^^^^^^
NameError: name 'is_image_processed' is not defined
",/Volumes/TVault2/datasets/sugvu24/extracted_frames/case_009/extraction_results.csv,27.0,
2025-04-05 15:55:05,ROW_PROCESSING_ERROR,Error processing row 28 in file /Volumes/TVault2/datasets/sugvu24/extracted_frames/case_009/extraction_results.csv: name 'is_image_processed' is not defined,"Traceback (most recent call last):
  File ""/var/folders/1j/2k5xpt896fdb5rnbdm6nktnr0000gn/T/ipykernel_14640/3110420929.py"", line 61, in <module>
    if is_image_processed(img_path):
       ^^^^^^^^^^^^^^^^^^
NameError: name 'is_image_processed' is not defined
",/Volumes/TVault2/datasets/sugvu24/extracted_frames/case_009/extraction_results.csv,28.0,
2025-04-05 15:55:05,ROW_PROCESSING_ERROR,Error processing row 29 in file /Volumes/TVault2/datasets/sugvu24/extracted_frames/case_009/extraction_results.csv: name 'is_image_processed' is not defined,"Traceback (most recent call last):
  File ""/var/folders/1j/2k5xpt896fdb5rnbdm6nktnr0000gn/T/ipykernel_14640/3110420929.py"", line 61, in <module>
    if is_image_processed(img_path):
       ^^^^^^^^^^^^^^^^^^
NameError: name 'is_image_processed' is not defined
",/Volumes/TVault2/datasets/sugvu24/extracted_frames/case_009/extraction_results.csv,29.0,
2025-04-05 15:55:05,ROW_PROCESSING_ERROR,Error processing row 30 in file /Volumes/TVault2/datasets/sugvu24/extracted_frames/case_009/extraction_results.csv: name 'is_image_processed' is not defined,"Traceback (most recent call last):
  File ""/var/folders/1j/2k5xpt896fdb5rnbdm6nktnr0000gn/T/ipykernel_14640/3110420929.py"", line 61, in <module>
    if is_image_processed(img_path):
       ^^^^^^^^^^^^^^^^^^
NameError: name 'is_image_processed' is not defined
",/Volumes/TVault2/datasets/sugvu24/extracted_frames/case_009/extraction_results.csv,30.0,
2025-04-05 15:55:05,ROW_PROCESSING_ERROR,Error processing row 31 in file /Volumes/TVault2/datasets/sugvu24/extracted_frames/case_009/extraction_results.csv: name 'is_image_processed' is not defined,"Traceback (most recent call last):
  File ""/var/folders/1j/2k5xpt896fdb5rnbdm6nktnr0000gn/T/ipykernel_14640/3110420929.py"", line 61, in <module>
    if is_image_processed(img_path):
       ^^^^^^^^^^^^^^^^^^
NameError: name 'is_image_processed' is not defined
",/Volumes/TVault2/datasets/sugvu24/extracted_frames/case_009/extraction_results.csv,31.0,
2025-04-05 15:55:05,ROW_PROCESSING_ERROR,Error processing row 32 in file /Volumes/TVault2/datasets/sugvu24/extracted_frames/case_009/extraction_results.csv: name 'is_image_processed' is not defined,"Traceback (most recent call last):
  File ""/var/folders/1j/2k5xpt896fdb5rnbdm6nktnr0000gn/T/ipykernel_14640/3110420929.py"", line 61, in <module>
    if is_image_processed(img_path):
       ^^^^^^^^^^^^^^^^^^
NameError: name 'is_image_processed' is not defined
",/Volumes/TVault2/datasets/sugvu24/extracted_frames/case_009/extraction_results.csv,32.0,
2025-04-05 15:55:05,ROW_PROCESSING_ERROR,Error processing row 33 in file /Volumes/TVault2/datasets/sugvu24/extracted_frames/case_009/extraction_results.csv: name 'is_image_processed' is not defined,"Traceback (most recent call last):
  File ""/var/folders/1j/2k5xpt896fdb5rnbdm6nktnr0000gn/T/ipykernel_14640/3110420929.py"", line 61, in <module>
    if is_image_processed(img_path):
       ^^^^^^^^^^^^^^^^^^
NameError: name 'is_image_processed' is not defined
",/Volumes/TVault2/datasets/sugvu24/extracted_frames/case_009/extraction_results.csv,33.0,
2025-04-05 15:55:05,ROW_PROCESSING_ERROR,Error processing row 34 in file /Volumes/TVault2/datasets/sugvu24/extracted_frames/case_009/extraction_results.csv: name 'is_image_processed' is not defined,"Traceback (most recent call last):
  File ""/var/folders/1j/2k5xpt896fdb5rnbdm6nktnr0000gn/T/ipykernel_14640/3110420929.py"", line 61, in <module>
    if is_image_processed(img_path):
       ^^^^^^^^^^^^^^^^^^
NameError: name 'is_image_processed' is not defined
",/Volumes/TVault2/datasets/sugvu24/extracted_frames/case_009/extraction_results.csv,34.0,
2025-04-05 15:55:05,ROW_PROCESSING_ERROR,"Error processing row 35 in file /Volumes/TVault2/datasets/sugvu24/extracted_frames/case_009/extraction_results.csv: join() argument must be str, bytes, or os.PathLike object, not 'float'","Traceback (most recent call last):
  File ""/var/folders/1j/2k5xpt896fdb5rnbdm6nktnr0000gn/T/ipykernel_14640/3110420929.py"", line 58, in <module>
    img_path = os.path.join(root, frame_file)
               ^^^^^^^^^^^^^^^^^^^^^^^^^^^^^^
  File ""<frozen posixpath>"", line 90, in join
  File ""<frozen genericpath>"", line 164, in _check_arg_types
TypeError: join() argument must be str, bytes, or os.PathLike object, not 'float'
",/Volumes/TVault2/datasets/sugvu24/extracted_frames/case_009/extraction_results.csv,35.0,
2025-04-05 15:55:05,ROW_PROCESSING_ERROR,Error processing row 36 in file /Volumes/TVault2/datasets/sugvu24/extracted_frames/case_009/extraction_results.csv: name 'is_image_processed' is not defined,"Traceback (most recent call last):
  File ""/var/folders/1j/2k5xpt896fdb5rnbdm6nktnr0000gn/T/ipykernel_14640/3110420929.py"", line 61, in <module>
    if is_image_processed(img_path):
       ^^^^^^^^^^^^^^^^^^
NameError: name 'is_image_processed' is not defined
",/Volumes/TVault2/datasets/sugvu24/extracted_frames/case_009/extraction_results.csv,36.0,
2025-04-05 15:55:05,ROW_PROCESSING_ERROR,Error processing row 37 in file /Volumes/TVault2/datasets/sugvu24/extracted_frames/case_009/extraction_results.csv: name 'is_image_processed' is not defined,"Traceback (most recent call last):
  File ""/var/folders/1j/2k5xpt896fdb5rnbdm6nktnr0000gn/T/ipykernel_14640/3110420929.py"", line 61, in <module>
    if is_image_processed(img_path):
       ^^^^^^^^^^^^^^^^^^
NameError: name 'is_image_processed' is not defined
",/Volumes/TVault2/datasets/sugvu24/extracted_frames/case_009/extraction_results.csv,37.0,
2025-04-05 15:55:05,ROW_PROCESSING_ERROR,Error processing row 38 in file /Volumes/TVault2/datasets/sugvu24/extracted_frames/case_009/extraction_results.csv: name 'is_image_processed' is not defined,"Traceback (most recent call last):
  File ""/var/folders/1j/2k5xpt896fdb5rnbdm6nktnr0000gn/T/ipykernel_14640/3110420929.py"", line 61, in <module>
    if is_image_processed(img_path):
       ^^^^^^^^^^^^^^^^^^
NameError: name 'is_image_processed' is not defined
",/Volumes/TVault2/datasets/sugvu24/extracted_frames/case_009/extraction_results.csv,38.0,
2025-04-05 15:55:05,ROW_PROCESSING_ERROR,Error processing row 39 in file /Volumes/TVault2/datasets/sugvu24/extracted_frames/case_009/extraction_results.csv: name 'is_image_processed' is not defined,"Traceback (most recent call last):
  File ""/var/folders/1j/2k5xpt896fdb5rnbdm6nktnr0000gn/T/ipykernel_14640/3110420929.py"", line 61, in <module>
    if is_image_processed(img_path):
       ^^^^^^^^^^^^^^^^^^
NameError: name 'is_image_processed' is not defined
",/Volumes/TVault2/datasets/sugvu24/extracted_frames/case_009/extraction_results.csv,39.0,
2025-04-05 15:55:05,ROW_PROCESSING_ERROR,Error processing row 40 in file /Volumes/TVault2/datasets/sugvu24/extracted_frames/case_009/extraction_results.csv: name 'is_image_processed' is not defined,"Traceback (most recent call last):
  File ""/var/folders/1j/2k5xpt896fdb5rnbdm6nktnr0000gn/T/ipykernel_14640/3110420929.py"", line 61, in <module>
    if is_image_processed(img_path):
       ^^^^^^^^^^^^^^^^^^
NameError: name 'is_image_processed' is not defined
",/Volumes/TVault2/datasets/sugvu24/extracted_frames/case_009/extraction_results.csv,40.0,
2025-04-05 15:55:05,ROW_PROCESSING_ERROR,Error processing row 41 in file /Volumes/TVault2/datasets/sugvu24/extracted_frames/case_009/extraction_results.csv: name 'is_image_processed' is not defined,"Traceback (most recent call last):
  File ""/var/folders/1j/2k5xpt896fdb5rnbdm6nktnr0000gn/T/ipykernel_14640/3110420929.py"", line 61, in <module>
    if is_image_processed(img_path):
       ^^^^^^^^^^^^^^^^^^
NameError: name 'is_image_processed' is not defined
",/Volumes/TVault2/datasets/sugvu24/extracted_frames/case_009/extraction_results.csv,41.0,
2025-04-05 15:55:05,ROW_PROCESSING_ERROR,Error processing row 42 in file /Volumes/TVault2/datasets/sugvu24/extracted_frames/case_009/extraction_results.csv: name 'is_image_processed' is not defined,"Traceback (most recent call last):
  File ""/var/folders/1j/2k5xpt896fdb5rnbdm6nktnr0000gn/T/ipykernel_14640/3110420929.py"", line 61, in <module>
    if is_image_processed(img_path):
       ^^^^^^^^^^^^^^^^^^
NameError: name 'is_image_processed' is not defined
",/Volumes/TVault2/datasets/sugvu24/extracted_frames/case_009/extraction_results.csv,42.0,
2025-04-05 15:55:05,ROW_PROCESSING_ERROR,Error processing row 43 in file /Volumes/TVault2/datasets/sugvu24/extracted_frames/case_009/extraction_results.csv: name 'is_image_processed' is not defined,"Traceback (most recent call last):
  File ""/var/folders/1j/2k5xpt896fdb5rnbdm6nktnr0000gn/T/ipykernel_14640/3110420929.py"", line 61, in <module>
    if is_image_processed(img_path):
       ^^^^^^^^^^^^^^^^^^
NameError: name 'is_image_processed' is not defined
",/Volumes/TVault2/datasets/sugvu24/extracted_frames/case_009/extraction_results.csv,43.0,
2025-04-05 15:55:05,ROW_PROCESSING_ERROR,Error processing row 44 in file /Volumes/TVault2/datasets/sugvu24/extracted_frames/case_009/extraction_results.csv: name 'is_image_processed' is not defined,"Traceback (most recent call last):
  File ""/var/folders/1j/2k5xpt896fdb5rnbdm6nktnr0000gn/T/ipykernel_14640/3110420929.py"", line 61, in <module>
    if is_image_processed(img_path):
       ^^^^^^^^^^^^^^^^^^
NameError: name 'is_image_processed' is not defined
",/Volumes/TVault2/datasets/sugvu24/extracted_frames/case_009/extraction_results.csv,44.0,
2025-04-05 15:55:05,ROW_PROCESSING_ERROR,Error processing row 45 in file /Volumes/TVault2/datasets/sugvu24/extracted_frames/case_009/extraction_results.csv: name 'is_image_processed' is not defined,"Traceback (most recent call last):
  File ""/var/folders/1j/2k5xpt896fdb5rnbdm6nktnr0000gn/T/ipykernel_14640/3110420929.py"", line 61, in <module>
    if is_image_processed(img_path):
       ^^^^^^^^^^^^^^^^^^
NameError: name 'is_image_processed' is not defined
",/Volumes/TVault2/datasets/sugvu24/extracted_frames/case_009/extraction_results.csv,45.0,
2025-04-05 15:55:05,ROW_PROCESSING_ERROR,Error processing row 46 in file /Volumes/TVault2/datasets/sugvu24/extracted_frames/case_009/extraction_results.csv: name 'is_image_processed' is not defined,"Traceback (most recent call last):
  File ""/var/folders/1j/2k5xpt896fdb5rnbdm6nktnr0000gn/T/ipykernel_14640/3110420929.py"", line 61, in <module>
    if is_image_processed(img_path):
       ^^^^^^^^^^^^^^^^^^
NameError: name 'is_image_processed' is not defined
",/Volumes/TVault2/datasets/sugvu24/extracted_frames/case_009/extraction_results.csv,46.0,
2025-04-05 15:55:05,ROW_PROCESSING_ERROR,"Error processing row 47 in file /Volumes/TVault2/datasets/sugvu24/extracted_frames/case_009/extraction_results.csv: join() argument must be str, bytes, or os.PathLike object, not 'float'","Traceback (most recent call last):
  File ""/var/folders/1j/2k5xpt896fdb5rnbdm6nktnr0000gn/T/ipykernel_14640/3110420929.py"", line 58, in <module>
    img_path = os.path.join(root, frame_file)
               ^^^^^^^^^^^^^^^^^^^^^^^^^^^^^^
  File ""<frozen posixpath>"", line 90, in join
  File ""<frozen genericpath>"", line 164, in _check_arg_types
TypeError: join() argument must be str, bytes, or os.PathLike object, not 'float'
",/Volumes/TVault2/datasets/sugvu24/extracted_frames/case_009/extraction_results.csv,47.0,
2025-04-05 15:55:05,ROW_PROCESSING_ERROR,"Error processing row 48 in file /Volumes/TVault2/datasets/sugvu24/extracted_frames/case_009/extraction_results.csv: join() argument must be str, bytes, or os.PathLike object, not 'float'","Traceback (most recent call last):
  File ""/var/folders/1j/2k5xpt896fdb5rnbdm6nktnr0000gn/T/ipykernel_14640/3110420929.py"", line 58, in <module>
    img_path = os.path.join(root, frame_file)
               ^^^^^^^^^^^^^^^^^^^^^^^^^^^^^^
  File ""<frozen posixpath>"", line 90, in join
  File ""<frozen genericpath>"", line 164, in _check_arg_types
TypeError: join() argument must be str, bytes, or os.PathLike object, not 'float'
",/Volumes/TVault2/datasets/sugvu24/extracted_frames/case_009/extraction_results.csv,48.0,
2025-04-05 15:55:05,ROW_PROCESSING_ERROR,"Error processing row 49 in file /Volumes/TVault2/datasets/sugvu24/extracted_frames/case_009/extraction_results.csv: join() argument must be str, bytes, or os.PathLike object, not 'float'","Traceback (most recent call last):
  File ""/var/folders/1j/2k5xpt896fdb5rnbdm6nktnr0000gn/T/ipykernel_14640/3110420929.py"", line 58, in <module>
    img_path = os.path.join(root, frame_file)
               ^^^^^^^^^^^^^^^^^^^^^^^^^^^^^^
  File ""<frozen posixpath>"", line 90, in join
  File ""<frozen genericpath>"", line 164, in _check_arg_types
TypeError: join() argument must be str, bytes, or os.PathLike object, not 'float'
",/Volumes/TVault2/datasets/sugvu24/extracted_frames/case_009/extraction_results.csv,49.0,
2025-04-05 15:55:05,ROW_PROCESSING_ERROR,"Error processing row 50 in file /Volumes/TVault2/datasets/sugvu24/extracted_frames/case_009/extraction_results.csv: join() argument must be str, bytes, or os.PathLike object, not 'float'","Traceback (most recent call last):
  File ""/var/folders/1j/2k5xpt896fdb5rnbdm6nktnr0000gn/T/ipykernel_14640/3110420929.py"", line 58, in <module>
    img_path = os.path.join(root, frame_file)
               ^^^^^^^^^^^^^^^^^^^^^^^^^^^^^^
  File ""<frozen posixpath>"", line 90, in join
  File ""<frozen genericpath>"", line 164, in _check_arg_types
TypeError: join() argument must be str, bytes, or os.PathLike object, not 'float'
",/Volumes/TVault2/datasets/sugvu24/extracted_frames/case_009/extraction_results.csv,50.0,
2025-04-05 15:55:05,ROW_PROCESSING_ERROR,"Error processing row 51 in file /Volumes/TVault2/datasets/sugvu24/extracted_frames/case_009/extraction_results.csv: join() argument must be str, bytes, or os.PathLike object, not 'float'","Traceback (most recent call last):
  File ""/var/folders/1j/2k5xpt896fdb5rnbdm6nktnr0000gn/T/ipykernel_14640/3110420929.py"", line 58, in <module>
    img_path = os.path.join(root, frame_file)
               ^^^^^^^^^^^^^^^^^^^^^^^^^^^^^^
  File ""<frozen posixpath>"", line 90, in join
  File ""<frozen genericpath>"", line 164, in _check_arg_types
TypeError: join() argument must be str, bytes, or os.PathLike object, not 'float'
",/Volumes/TVault2/datasets/sugvu24/extracted_frames/case_009/extraction_results.csv,51.0,
2025-04-05 15:55:05,ROW_PROCESSING_ERROR,"Error processing row 52 in file /Volumes/TVault2/datasets/sugvu24/extracted_frames/case_009/extraction_results.csv: join() argument must be str, bytes, or os.PathLike object, not 'float'","Traceback (most recent call last):
  File ""/var/folders/1j/2k5xpt896fdb5rnbdm6nktnr0000gn/T/ipykernel_14640/3110420929.py"", line 58, in <module>
    img_path = os.path.join(root, frame_file)
               ^^^^^^^^^^^^^^^^^^^^^^^^^^^^^^
  File ""<frozen posixpath>"", line 90, in join
  File ""<frozen genericpath>"", line 164, in _check_arg_types
TypeError: join() argument must be str, bytes, or os.PathLike object, not 'float'
",/Volumes/TVault2/datasets/sugvu24/extracted_frames/case_009/extraction_results.csv,52.0,
2025-04-05 15:55:05,ROW_PROCESSING_ERROR,"Error processing row 53 in file /Volumes/TVault2/datasets/sugvu24/extracted_frames/case_009/extraction_results.csv: join() argument must be str, bytes, or os.PathLike object, not 'float'","Traceback (most recent call last):
  File ""/var/folders/1j/2k5xpt896fdb5rnbdm6nktnr0000gn/T/ipykernel_14640/3110420929.py"", line 58, in <module>
    img_path = os.path.join(root, frame_file)
               ^^^^^^^^^^^^^^^^^^^^^^^^^^^^^^
  File ""<frozen posixpath>"", line 90, in join
  File ""<frozen genericpath>"", line 164, in _check_arg_types
TypeError: join() argument must be str, bytes, or os.PathLike object, not 'float'
",/Volumes/TVault2/datasets/sugvu24/extracted_frames/case_009/extraction_results.csv,53.0,
2025-04-05 15:55:05,ROW_PROCESSING_ERROR,"Error processing row 54 in file /Volumes/TVault2/datasets/sugvu24/extracted_frames/case_009/extraction_results.csv: join() argument must be str, bytes, or os.PathLike object, not 'float'","Traceback (most recent call last):
  File ""/var/folders/1j/2k5xpt896fdb5rnbdm6nktnr0000gn/T/ipykernel_14640/3110420929.py"", line 58, in <module>
    img_path = os.path.join(root, frame_file)
               ^^^^^^^^^^^^^^^^^^^^^^^^^^^^^^
  File ""<frozen posixpath>"", line 90, in join
  File ""<frozen genericpath>"", line 164, in _check_arg_types
TypeError: join() argument must be str, bytes, or os.PathLike object, not 'float'
",/Volumes/TVault2/datasets/sugvu24/extracted_frames/case_009/extraction_results.csv,54.0,
2025-04-05 15:55:05,ROW_PROCESSING_ERROR,"Error processing row 55 in file /Volumes/TVault2/datasets/sugvu24/extracted_frames/case_009/extraction_results.csv: join() argument must be str, bytes, or os.PathLike object, not 'float'","Traceback (most recent call last):
  File ""/var/folders/1j/2k5xpt896fdb5rnbdm6nktnr0000gn/T/ipykernel_14640/3110420929.py"", line 58, in <module>
    img_path = os.path.join(root, frame_file)
               ^^^^^^^^^^^^^^^^^^^^^^^^^^^^^^
  File ""<frozen posixpath>"", line 90, in join
  File ""<frozen genericpath>"", line 164, in _check_arg_types
TypeError: join() argument must be str, bytes, or os.PathLike object, not 'float'
",/Volumes/TVault2/datasets/sugvu24/extracted_frames/case_009/extraction_results.csv,55.0,
2025-04-05 15:55:05,ROW_PROCESSING_ERROR,"Error processing row 56 in file /Volumes/TVault2/datasets/sugvu24/extracted_frames/case_009/extraction_results.csv: join() argument must be str, bytes, or os.PathLike object, not 'float'","Traceback (most recent call last):
  File ""/var/folders/1j/2k5xpt896fdb5rnbdm6nktnr0000gn/T/ipykernel_14640/3110420929.py"", line 58, in <module>
    img_path = os.path.join(root, frame_file)
               ^^^^^^^^^^^^^^^^^^^^^^^^^^^^^^
  File ""<frozen posixpath>"", line 90, in join
  File ""<frozen genericpath>"", line 164, in _check_arg_types
TypeError: join() argument must be str, bytes, or os.PathLike object, not 'float'
",/Volumes/TVault2/datasets/sugvu24/extracted_frames/case_009/extraction_results.csv,56.0,
2025-04-05 15:55:05,ROW_PROCESSING_ERROR,"Error processing row 57 in file /Volumes/TVault2/datasets/sugvu24/extracted_frames/case_009/extraction_results.csv: join() argument must be str, bytes, or os.PathLike object, not 'float'","Traceback (most recent call last):
  File ""/var/folders/1j/2k5xpt896fdb5rnbdm6nktnr0000gn/T/ipykernel_14640/3110420929.py"", line 58, in <module>
    img_path = os.path.join(root, frame_file)
               ^^^^^^^^^^^^^^^^^^^^^^^^^^^^^^
  File ""<frozen posixpath>"", line 90, in join
  File ""<frozen genericpath>"", line 164, in _check_arg_types
TypeError: join() argument must be str, bytes, or os.PathLike object, not 'float'
",/Volumes/TVault2/datasets/sugvu24/extracted_frames/case_009/extraction_results.csv,57.0,
2025-04-05 15:55:05,ROW_PROCESSING_ERROR,"Error processing row 58 in file /Volumes/TVault2/datasets/sugvu24/extracted_frames/case_009/extraction_results.csv: join() argument must be str, bytes, or os.PathLike object, not 'float'","Traceback (most recent call last):
  File ""/var/folders/1j/2k5xpt896fdb5rnbdm6nktnr0000gn/T/ipykernel_14640/3110420929.py"", line 58, in <module>
    img_path = os.path.join(root, frame_file)
               ^^^^^^^^^^^^^^^^^^^^^^^^^^^^^^
  File ""<frozen posixpath>"", line 90, in join
  File ""<frozen genericpath>"", line 164, in _check_arg_types
TypeError: join() argument must be str, bytes, or os.PathLike object, not 'float'
",/Volumes/TVault2/datasets/sugvu24/extracted_frames/case_009/extraction_results.csv,58.0,
2025-04-05 15:55:05,ROW_PROCESSING_ERROR,"Error processing row 59 in file /Volumes/TVault2/datasets/sugvu24/extracted_frames/case_009/extraction_results.csv: join() argument must be str, bytes, or os.PathLike object, not 'float'","Traceback (most recent call last):
  File ""/var/folders/1j/2k5xpt896fdb5rnbdm6nktnr0000gn/T/ipykernel_14640/3110420929.py"", line 58, in <module>
    img_path = os.path.join(root, frame_file)
               ^^^^^^^^^^^^^^^^^^^^^^^^^^^^^^
  File ""<frozen posixpath>"", line 90, in join
  File ""<frozen genericpath>"", line 164, in _check_arg_types
TypeError: join() argument must be str, bytes, or os.PathLike object, not 'float'
",/Volumes/TVault2/datasets/sugvu24/extracted_frames/case_009/extraction_results.csv,59.0,
2025-04-05 15:55:05,ROW_PROCESSING_ERROR,"Error processing row 60 in file /Volumes/TVault2/datasets/sugvu24/extracted_frames/case_009/extraction_results.csv: join() argument must be str, bytes, or os.PathLike object, not 'float'","Traceback (most recent call last):
  File ""/var/folders/1j/2k5xpt896fdb5rnbdm6nktnr0000gn/T/ipykernel_14640/3110420929.py"", line 58, in <module>
    img_path = os.path.join(root, frame_file)
               ^^^^^^^^^^^^^^^^^^^^^^^^^^^^^^
  File ""<frozen posixpath>"", line 90, in join
  File ""<frozen genericpath>"", line 164, in _check_arg_types
TypeError: join() argument must be str, bytes, or os.PathLike object, not 'float'
",/Volumes/TVault2/datasets/sugvu24/extracted_frames/case_009/extraction_results.csv,60.0,
2025-04-05 15:55:05,ROW_PROCESSING_ERROR,"Error processing row 61 in file /Volumes/TVault2/datasets/sugvu24/extracted_frames/case_009/extraction_results.csv: join() argument must be str, bytes, or os.PathLike object, not 'float'","Traceback (most recent call last):
  File ""/var/folders/1j/2k5xpt896fdb5rnbdm6nktnr0000gn/T/ipykernel_14640/3110420929.py"", line 58, in <module>
    img_path = os.path.join(root, frame_file)
               ^^^^^^^^^^^^^^^^^^^^^^^^^^^^^^
  File ""<frozen posixpath>"", line 90, in join
  File ""<frozen genericpath>"", line 164, in _check_arg_types
TypeError: join() argument must be str, bytes, or os.PathLike object, not 'float'
",/Volumes/TVault2/datasets/sugvu24/extracted_frames/case_009/extraction_results.csv,61.0,
2025-04-05 15:55:05,ROW_PROCESSING_ERROR,"Error processing row 62 in file /Volumes/TVault2/datasets/sugvu24/extracted_frames/case_009/extraction_results.csv: join() argument must be str, bytes, or os.PathLike object, not 'float'","Traceback (most recent call last):
  File ""/var/folders/1j/2k5xpt896fdb5rnbdm6nktnr0000gn/T/ipykernel_14640/3110420929.py"", line 58, in <module>
    img_path = os.path.join(root, frame_file)
               ^^^^^^^^^^^^^^^^^^^^^^^^^^^^^^
  File ""<frozen posixpath>"", line 90, in join
  File ""<frozen genericpath>"", line 164, in _check_arg_types
TypeError: join() argument must be str, bytes, or os.PathLike object, not 'float'
",/Volumes/TVault2/datasets/sugvu24/extracted_frames/case_009/extraction_results.csv,62.0,
2025-04-05 15:55:05,ROW_PROCESSING_ERROR,"Error processing row 63 in file /Volumes/TVault2/datasets/sugvu24/extracted_frames/case_009/extraction_results.csv: join() argument must be str, bytes, or os.PathLike object, not 'float'","Traceback (most recent call last):
  File ""/var/folders/1j/2k5xpt896fdb5rnbdm6nktnr0000gn/T/ipykernel_14640/3110420929.py"", line 58, in <module>
    img_path = os.path.join(root, frame_file)
               ^^^^^^^^^^^^^^^^^^^^^^^^^^^^^^
  File ""<frozen posixpath>"", line 90, in join
  File ""<frozen genericpath>"", line 164, in _check_arg_types
TypeError: join() argument must be str, bytes, or os.PathLike object, not 'float'
",/Volumes/TVault2/datasets/sugvu24/extracted_frames/case_009/extraction_results.csv,63.0,
2025-04-05 15:55:05,ROW_PROCESSING_ERROR,"Error processing row 64 in file /Volumes/TVault2/datasets/sugvu24/extracted_frames/case_009/extraction_results.csv: join() argument must be str, bytes, or os.PathLike object, not 'float'","Traceback (most recent call last):
  File ""/var/folders/1j/2k5xpt896fdb5rnbdm6nktnr0000gn/T/ipykernel_14640/3110420929.py"", line 58, in <module>
    img_path = os.path.join(root, frame_file)
               ^^^^^^^^^^^^^^^^^^^^^^^^^^^^^^
  File ""<frozen posixpath>"", line 90, in join
  File ""<frozen genericpath>"", line 164, in _check_arg_types
TypeError: join() argument must be str, bytes, or os.PathLike object, not 'float'
",/Volumes/TVault2/datasets/sugvu24/extracted_frames/case_009/extraction_results.csv,64.0,
2025-04-05 15:55:05,ROW_PROCESSING_ERROR,"Error processing row 65 in file /Volumes/TVault2/datasets/sugvu24/extracted_frames/case_009/extraction_results.csv: join() argument must be str, bytes, or os.PathLike object, not 'float'","Traceback (most recent call last):
  File ""/var/folders/1j/2k5xpt896fdb5rnbdm6nktnr0000gn/T/ipykernel_14640/3110420929.py"", line 58, in <module>
    img_path = os.path.join(root, frame_file)
               ^^^^^^^^^^^^^^^^^^^^^^^^^^^^^^
  File ""<frozen posixpath>"", line 90, in join
  File ""<frozen genericpath>"", line 164, in _check_arg_types
TypeError: join() argument must be str, bytes, or os.PathLike object, not 'float'
",/Volumes/TVault2/datasets/sugvu24/extracted_frames/case_009/extraction_results.csv,65.0,
2025-04-05 15:55:05,ROW_PROCESSING_ERROR,Error processing row 66 in file /Volumes/TVault2/datasets/sugvu24/extracted_frames/case_009/extraction_results.csv: name 'is_image_processed' is not defined,"Traceback (most recent call last):
  File ""/var/folders/1j/2k5xpt896fdb5rnbdm6nktnr0000gn/T/ipykernel_14640/3110420929.py"", line 61, in <module>
    if is_image_processed(img_path):
       ^^^^^^^^^^^^^^^^^^
NameError: name 'is_image_processed' is not defined
",/Volumes/TVault2/datasets/sugvu24/extracted_frames/case_009/extraction_results.csv,66.0,
2025-04-05 15:55:05,ROW_PROCESSING_ERROR,Error processing row 67 in file /Volumes/TVault2/datasets/sugvu24/extracted_frames/case_009/extraction_results.csv: name 'is_image_processed' is not defined,"Traceback (most recent call last):
  File ""/var/folders/1j/2k5xpt896fdb5rnbdm6nktnr0000gn/T/ipykernel_14640/3110420929.py"", line 61, in <module>
    if is_image_processed(img_path):
       ^^^^^^^^^^^^^^^^^^
NameError: name 'is_image_processed' is not defined
",/Volumes/TVault2/datasets/sugvu24/extracted_frames/case_009/extraction_results.csv,67.0,
2025-04-05 15:55:05,ROW_PROCESSING_ERROR,Error processing row 68 in file /Volumes/TVault2/datasets/sugvu24/extracted_frames/case_009/extraction_results.csv: name 'is_image_processed' is not defined,"Traceback (most recent call last):
  File ""/var/folders/1j/2k5xpt896fdb5rnbdm6nktnr0000gn/T/ipykernel_14640/3110420929.py"", line 61, in <module>
    if is_image_processed(img_path):
       ^^^^^^^^^^^^^^^^^^
NameError: name 'is_image_processed' is not defined
",/Volumes/TVault2/datasets/sugvu24/extracted_frames/case_009/extraction_results.csv,68.0,
2025-04-05 15:55:05,ROW_PROCESSING_ERROR,Error processing row 69 in file /Volumes/TVault2/datasets/sugvu24/extracted_frames/case_009/extraction_results.csv: name 'is_image_processed' is not defined,"Traceback (most recent call last):
  File ""/var/folders/1j/2k5xpt896fdb5rnbdm6nktnr0000gn/T/ipykernel_14640/3110420929.py"", line 61, in <module>
    if is_image_processed(img_path):
       ^^^^^^^^^^^^^^^^^^
NameError: name 'is_image_processed' is not defined
",/Volumes/TVault2/datasets/sugvu24/extracted_frames/case_009/extraction_results.csv,69.0,
2025-04-05 15:55:05,ROW_PROCESSING_ERROR,Error processing row 70 in file /Volumes/TVault2/datasets/sugvu24/extracted_frames/case_009/extraction_results.csv: name 'is_image_processed' is not defined,"Traceback (most recent call last):
  File ""/var/folders/1j/2k5xpt896fdb5rnbdm6nktnr0000gn/T/ipykernel_14640/3110420929.py"", line 61, in <module>
    if is_image_processed(img_path):
       ^^^^^^^^^^^^^^^^^^
NameError: name 'is_image_processed' is not defined
",/Volumes/TVault2/datasets/sugvu24/extracted_frames/case_009/extraction_results.csv,70.0,
2025-04-05 15:55:05,ROW_PROCESSING_ERROR,Error processing row 71 in file /Volumes/TVault2/datasets/sugvu24/extracted_frames/case_009/extraction_results.csv: name 'is_image_processed' is not defined,"Traceback (most recent call last):
  File ""/var/folders/1j/2k5xpt896fdb5rnbdm6nktnr0000gn/T/ipykernel_14640/3110420929.py"", line 61, in <module>
    if is_image_processed(img_path):
       ^^^^^^^^^^^^^^^^^^
NameError: name 'is_image_processed' is not defined
",/Volumes/TVault2/datasets/sugvu24/extracted_frames/case_009/extraction_results.csv,71.0,
2025-04-05 15:55:05,ROW_PROCESSING_ERROR,Error processing row 72 in file /Volumes/TVault2/datasets/sugvu24/extracted_frames/case_009/extraction_results.csv: name 'is_image_processed' is not defined,"Traceback (most recent call last):
  File ""/var/folders/1j/2k5xpt896fdb5rnbdm6nktnr0000gn/T/ipykernel_14640/3110420929.py"", line 61, in <module>
    if is_image_processed(img_path):
       ^^^^^^^^^^^^^^^^^^
NameError: name 'is_image_processed' is not defined
",/Volumes/TVault2/datasets/sugvu24/extracted_frames/case_009/extraction_results.csv,72.0,
2025-04-05 15:55:05,ROW_PROCESSING_ERROR,Error processing row 73 in file /Volumes/TVault2/datasets/sugvu24/extracted_frames/case_009/extraction_results.csv: name 'is_image_processed' is not defined,"Traceback (most recent call last):
  File ""/var/folders/1j/2k5xpt896fdb5rnbdm6nktnr0000gn/T/ipykernel_14640/3110420929.py"", line 61, in <module>
    if is_image_processed(img_path):
       ^^^^^^^^^^^^^^^^^^
NameError: name 'is_image_processed' is not defined
",/Volumes/TVault2/datasets/sugvu24/extracted_frames/case_009/extraction_results.csv,73.0,
2025-04-05 15:55:05,ROW_PROCESSING_ERROR,Error processing row 74 in file /Volumes/TVault2/datasets/sugvu24/extracted_frames/case_009/extraction_results.csv: name 'is_image_processed' is not defined,"Traceback (most recent call last):
  File ""/var/folders/1j/2k5xpt896fdb5rnbdm6nktnr0000gn/T/ipykernel_14640/3110420929.py"", line 61, in <module>
    if is_image_processed(img_path):
       ^^^^^^^^^^^^^^^^^^
NameError: name 'is_image_processed' is not defined
",/Volumes/TVault2/datasets/sugvu24/extracted_frames/case_009/extraction_results.csv,74.0,
2025-04-05 15:55:05,ROW_PROCESSING_ERROR,Error processing row 75 in file /Volumes/TVault2/datasets/sugvu24/extracted_frames/case_009/extraction_results.csv: name 'is_image_processed' is not defined,"Traceback (most recent call last):
  File ""/var/folders/1j/2k5xpt896fdb5rnbdm6nktnr0000gn/T/ipykernel_14640/3110420929.py"", line 61, in <module>
    if is_image_processed(img_path):
       ^^^^^^^^^^^^^^^^^^
NameError: name 'is_image_processed' is not defined
",/Volumes/TVault2/datasets/sugvu24/extracted_frames/case_009/extraction_results.csv,75.0,
2025-04-05 15:55:05,ROW_PROCESSING_ERROR,Error processing row 76 in file /Volumes/TVault2/datasets/sugvu24/extracted_frames/case_009/extraction_results.csv: name 'is_image_processed' is not defined,"Traceback (most recent call last):
  File ""/var/folders/1j/2k5xpt896fdb5rnbdm6nktnr0000gn/T/ipykernel_14640/3110420929.py"", line 61, in <module>
    if is_image_processed(img_path):
       ^^^^^^^^^^^^^^^^^^
NameError: name 'is_image_processed' is not defined
",/Volumes/TVault2/datasets/sugvu24/extracted_frames/case_009/extraction_results.csv,76.0,
2025-04-05 15:55:05,ROW_PROCESSING_ERROR,Error processing row 77 in file /Volumes/TVault2/datasets/sugvu24/extracted_frames/case_009/extraction_results.csv: name 'is_image_processed' is not defined,"Traceback (most recent call last):
  File ""/var/folders/1j/2k5xpt896fdb5rnbdm6nktnr0000gn/T/ipykernel_14640/3110420929.py"", line 61, in <module>
    if is_image_processed(img_path):
       ^^^^^^^^^^^^^^^^^^
NameError: name 'is_image_processed' is not defined
",/Volumes/TVault2/datasets/sugvu24/extracted_frames/case_009/extraction_results.csv,77.0,
2025-04-05 15:55:05,ROW_PROCESSING_ERROR,Error processing row 78 in file /Volumes/TVault2/datasets/sugvu24/extracted_frames/case_009/extraction_results.csv: name 'is_image_processed' is not defined,"Traceback (most recent call last):
  File ""/var/folders/1j/2k5xpt896fdb5rnbdm6nktnr0000gn/T/ipykernel_14640/3110420929.py"", line 61, in <module>
    if is_image_processed(img_path):
       ^^^^^^^^^^^^^^^^^^
NameError: name 'is_image_processed' is not defined
",/Volumes/TVault2/datasets/sugvu24/extracted_frames/case_009/extraction_results.csv,78.0,
2025-04-05 15:55:05,ROW_PROCESSING_ERROR,Error processing row 79 in file /Volumes/TVault2/datasets/sugvu24/extracted_frames/case_009/extraction_results.csv: name 'is_image_processed' is not defined,"Traceback (most recent call last):
  File ""/var/folders/1j/2k5xpt896fdb5rnbdm6nktnr0000gn/T/ipykernel_14640/3110420929.py"", line 61, in <module>
    if is_image_processed(img_path):
       ^^^^^^^^^^^^^^^^^^
NameError: name 'is_image_processed' is not defined
",/Volumes/TVault2/datasets/sugvu24/extracted_frames/case_009/extraction_results.csv,79.0,
2025-04-05 15:55:05,ROW_PROCESSING_ERROR,Error processing row 80 in file /Volumes/TVault2/datasets/sugvu24/extracted_frames/case_009/extraction_results.csv: name 'is_image_processed' is not defined,"Traceback (most recent call last):
  File ""/var/folders/1j/2k5xpt896fdb5rnbdm6nktnr0000gn/T/ipykernel_14640/3110420929.py"", line 61, in <module>
    if is_image_processed(img_path):
       ^^^^^^^^^^^^^^^^^^
NameError: name 'is_image_processed' is not defined
",/Volumes/TVault2/datasets/sugvu24/extracted_frames/case_009/extraction_results.csv,80.0,
2025-04-05 15:55:05,ROW_PROCESSING_ERROR,Error processing row 81 in file /Volumes/TVault2/datasets/sugvu24/extracted_frames/case_009/extraction_results.csv: name 'is_image_processed' is not defined,"Traceback (most recent call last):
  File ""/var/folders/1j/2k5xpt896fdb5rnbdm6nktnr0000gn/T/ipykernel_14640/3110420929.py"", line 61, in <module>
    if is_image_processed(img_path):
       ^^^^^^^^^^^^^^^^^^
NameError: name 'is_image_processed' is not defined
",/Volumes/TVault2/datasets/sugvu24/extracted_frames/case_009/extraction_results.csv,81.0,
2025-04-05 15:55:05,ROW_PROCESSING_ERROR,Error processing row 82 in file /Volumes/TVault2/datasets/sugvu24/extracted_frames/case_009/extraction_results.csv: name 'is_image_processed' is not defined,"Traceback (most recent call last):
  File ""/var/folders/1j/2k5xpt896fdb5rnbdm6nktnr0000gn/T/ipykernel_14640/3110420929.py"", line 61, in <module>
    if is_image_processed(img_path):
       ^^^^^^^^^^^^^^^^^^
NameError: name 'is_image_processed' is not defined
",/Volumes/TVault2/datasets/sugvu24/extracted_frames/case_009/extraction_results.csv,82.0,
2025-04-05 15:55:05,ROW_PROCESSING_ERROR,Error processing row 83 in file /Volumes/TVault2/datasets/sugvu24/extracted_frames/case_009/extraction_results.csv: name 'is_image_processed' is not defined,"Traceback (most recent call last):
  File ""/var/folders/1j/2k5xpt896fdb5rnbdm6nktnr0000gn/T/ipykernel_14640/3110420929.py"", line 61, in <module>
    if is_image_processed(img_path):
       ^^^^^^^^^^^^^^^^^^
NameError: name 'is_image_processed' is not defined
",/Volumes/TVault2/datasets/sugvu24/extracted_frames/case_009/extraction_results.csv,83.0,
2025-04-05 15:55:05,ROW_PROCESSING_ERROR,Error processing row 84 in file /Volumes/TVault2/datasets/sugvu24/extracted_frames/case_009/extraction_results.csv: name 'is_image_processed' is not defined,"Traceback (most recent call last):
  File ""/var/folders/1j/2k5xpt896fdb5rnbdm6nktnr0000gn/T/ipykernel_14640/3110420929.py"", line 61, in <module>
    if is_image_processed(img_path):
       ^^^^^^^^^^^^^^^^^^
NameError: name 'is_image_processed' is not defined
",/Volumes/TVault2/datasets/sugvu24/extracted_frames/case_009/extraction_results.csv,84.0,
2025-04-05 15:55:05,ROW_PROCESSING_ERROR,"Error processing row 0 in file /Volumes/TVault2/datasets/sugvu24/extracted_frames/case_010/extraction_results.csv: join() argument must be str, bytes, or os.PathLike object, not 'float'","Traceback (most recent call last):
  File ""/var/folders/1j/2k5xpt896fdb5rnbdm6nktnr0000gn/T/ipykernel_14640/3110420929.py"", line 58, in <module>
    img_path = os.path.join(root, frame_file)
               ^^^^^^^^^^^^^^^^^^^^^^^^^^^^^^
  File ""<frozen posixpath>"", line 90, in join
  File ""<frozen genericpath>"", line 164, in _check_arg_types
TypeError: join() argument must be str, bytes, or os.PathLike object, not 'float'
",/Volumes/TVault2/datasets/sugvu24/extracted_frames/case_010/extraction_results.csv,0.0,
2025-04-05 15:55:05,ROW_PROCESSING_ERROR,Error processing row 1 in file /Volumes/TVault2/datasets/sugvu24/extracted_frames/case_010/extraction_results.csv: name 'is_image_processed' is not defined,"Traceback (most recent call last):
  File ""/var/folders/1j/2k5xpt896fdb5rnbdm6nktnr0000gn/T/ipykernel_14640/3110420929.py"", line 61, in <module>
    if is_image_processed(img_path):
       ^^^^^^^^^^^^^^^^^^
NameError: name 'is_image_processed' is not defined
",/Volumes/TVault2/datasets/sugvu24/extracted_frames/case_010/extraction_results.csv,1.0,
2025-04-05 15:55:05,ROW_PROCESSING_ERROR,Error processing row 2 in file /Volumes/TVault2/datasets/sugvu24/extracted_frames/case_010/extraction_results.csv: name 'is_image_processed' is not defined,"Traceback (most recent call last):
  File ""/var/folders/1j/2k5xpt896fdb5rnbdm6nktnr0000gn/T/ipykernel_14640/3110420929.py"", line 61, in <module>
    if is_image_processed(img_path):
       ^^^^^^^^^^^^^^^^^^
NameError: name 'is_image_processed' is not defined
",/Volumes/TVault2/datasets/sugvu24/extracted_frames/case_010/extraction_results.csv,2.0,
2025-04-05 15:55:05,ROW_PROCESSING_ERROR,Error processing row 3 in file /Volumes/TVault2/datasets/sugvu24/extracted_frames/case_010/extraction_results.csv: name 'is_image_processed' is not defined,"Traceback (most recent call last):
  File ""/var/folders/1j/2k5xpt896fdb5rnbdm6nktnr0000gn/T/ipykernel_14640/3110420929.py"", line 61, in <module>
    if is_image_processed(img_path):
       ^^^^^^^^^^^^^^^^^^
NameError: name 'is_image_processed' is not defined
",/Volumes/TVault2/datasets/sugvu24/extracted_frames/case_010/extraction_results.csv,3.0,
2025-04-05 15:55:05,ROW_PROCESSING_ERROR,Error processing row 4 in file /Volumes/TVault2/datasets/sugvu24/extracted_frames/case_010/extraction_results.csv: name 'is_image_processed' is not defined,"Traceback (most recent call last):
  File ""/var/folders/1j/2k5xpt896fdb5rnbdm6nktnr0000gn/T/ipykernel_14640/3110420929.py"", line 61, in <module>
    if is_image_processed(img_path):
       ^^^^^^^^^^^^^^^^^^
NameError: name 'is_image_processed' is not defined
",/Volumes/TVault2/datasets/sugvu24/extracted_frames/case_010/extraction_results.csv,4.0,
2025-04-05 15:55:05,ROW_PROCESSING_ERROR,Error processing row 5 in file /Volumes/TVault2/datasets/sugvu24/extracted_frames/case_010/extraction_results.csv: name 'is_image_processed' is not defined,"Traceback (most recent call last):
  File ""/var/folders/1j/2k5xpt896fdb5rnbdm6nktnr0000gn/T/ipykernel_14640/3110420929.py"", line 61, in <module>
    if is_image_processed(img_path):
       ^^^^^^^^^^^^^^^^^^
NameError: name 'is_image_processed' is not defined
",/Volumes/TVault2/datasets/sugvu24/extracted_frames/case_010/extraction_results.csv,5.0,
2025-04-05 15:55:05,ROW_PROCESSING_ERROR,Error processing row 6 in file /Volumes/TVault2/datasets/sugvu24/extracted_frames/case_010/extraction_results.csv: name 'is_image_processed' is not defined,"Traceback (most recent call last):
  File ""/var/folders/1j/2k5xpt896fdb5rnbdm6nktnr0000gn/T/ipykernel_14640/3110420929.py"", line 61, in <module>
    if is_image_processed(img_path):
       ^^^^^^^^^^^^^^^^^^
NameError: name 'is_image_processed' is not defined
",/Volumes/TVault2/datasets/sugvu24/extracted_frames/case_010/extraction_results.csv,6.0,
2025-04-05 15:55:05,ROW_PROCESSING_ERROR,Error processing row 7 in file /Volumes/TVault2/datasets/sugvu24/extracted_frames/case_010/extraction_results.csv: name 'is_image_processed' is not defined,"Traceback (most recent call last):
  File ""/var/folders/1j/2k5xpt896fdb5rnbdm6nktnr0000gn/T/ipykernel_14640/3110420929.py"", line 61, in <module>
    if is_image_processed(img_path):
       ^^^^^^^^^^^^^^^^^^
NameError: name 'is_image_processed' is not defined
",/Volumes/TVault2/datasets/sugvu24/extracted_frames/case_010/extraction_results.csv,7.0,
2025-04-05 15:55:05,ROW_PROCESSING_ERROR,Error processing row 8 in file /Volumes/TVault2/datasets/sugvu24/extracted_frames/case_010/extraction_results.csv: name 'is_image_processed' is not defined,"Traceback (most recent call last):
  File ""/var/folders/1j/2k5xpt896fdb5rnbdm6nktnr0000gn/T/ipykernel_14640/3110420929.py"", line 61, in <module>
    if is_image_processed(img_path):
       ^^^^^^^^^^^^^^^^^^
NameError: name 'is_image_processed' is not defined
",/Volumes/TVault2/datasets/sugvu24/extracted_frames/case_010/extraction_results.csv,8.0,
2025-04-05 15:55:05,ROW_PROCESSING_ERROR,Error processing row 9 in file /Volumes/TVault2/datasets/sugvu24/extracted_frames/case_010/extraction_results.csv: name 'is_image_processed' is not defined,"Traceback (most recent call last):
  File ""/var/folders/1j/2k5xpt896fdb5rnbdm6nktnr0000gn/T/ipykernel_14640/3110420929.py"", line 61, in <module>
    if is_image_processed(img_path):
       ^^^^^^^^^^^^^^^^^^
NameError: name 'is_image_processed' is not defined
",/Volumes/TVault2/datasets/sugvu24/extracted_frames/case_010/extraction_results.csv,9.0,
2025-04-05 15:55:05,ROW_PROCESSING_ERROR,Error processing row 10 in file /Volumes/TVault2/datasets/sugvu24/extracted_frames/case_010/extraction_results.csv: name 'is_image_processed' is not defined,"Traceback (most recent call last):
  File ""/var/folders/1j/2k5xpt896fdb5rnbdm6nktnr0000gn/T/ipykernel_14640/3110420929.py"", line 61, in <module>
    if is_image_processed(img_path):
       ^^^^^^^^^^^^^^^^^^
NameError: name 'is_image_processed' is not defined
",/Volumes/TVault2/datasets/sugvu24/extracted_frames/case_010/extraction_results.csv,10.0,
2025-04-05 15:55:05,ROW_PROCESSING_ERROR,Error processing row 11 in file /Volumes/TVault2/datasets/sugvu24/extracted_frames/case_010/extraction_results.csv: name 'is_image_processed' is not defined,"Traceback (most recent call last):
  File ""/var/folders/1j/2k5xpt896fdb5rnbdm6nktnr0000gn/T/ipykernel_14640/3110420929.py"", line 61, in <module>
    if is_image_processed(img_path):
       ^^^^^^^^^^^^^^^^^^
NameError: name 'is_image_processed' is not defined
",/Volumes/TVault2/datasets/sugvu24/extracted_frames/case_010/extraction_results.csv,11.0,
2025-04-05 15:55:05,ROW_PROCESSING_ERROR,Error processing row 12 in file /Volumes/TVault2/datasets/sugvu24/extracted_frames/case_010/extraction_results.csv: name 'is_image_processed' is not defined,"Traceback (most recent call last):
  File ""/var/folders/1j/2k5xpt896fdb5rnbdm6nktnr0000gn/T/ipykernel_14640/3110420929.py"", line 61, in <module>
    if is_image_processed(img_path):
       ^^^^^^^^^^^^^^^^^^
NameError: name 'is_image_processed' is not defined
",/Volumes/TVault2/datasets/sugvu24/extracted_frames/case_010/extraction_results.csv,12.0,
2025-04-05 15:55:05,ROW_PROCESSING_ERROR,Error processing row 13 in file /Volumes/TVault2/datasets/sugvu24/extracted_frames/case_010/extraction_results.csv: name 'is_image_processed' is not defined,"Traceback (most recent call last):
  File ""/var/folders/1j/2k5xpt896fdb5rnbdm6nktnr0000gn/T/ipykernel_14640/3110420929.py"", line 61, in <module>
    if is_image_processed(img_path):
       ^^^^^^^^^^^^^^^^^^
NameError: name 'is_image_processed' is not defined
",/Volumes/TVault2/datasets/sugvu24/extracted_frames/case_010/extraction_results.csv,13.0,
2025-04-05 15:55:05,ROW_PROCESSING_ERROR,Error processing row 14 in file /Volumes/TVault2/datasets/sugvu24/extracted_frames/case_010/extraction_results.csv: name 'is_image_processed' is not defined,"Traceback (most recent call last):
  File ""/var/folders/1j/2k5xpt896fdb5rnbdm6nktnr0000gn/T/ipykernel_14640/3110420929.py"", line 61, in <module>
    if is_image_processed(img_path):
       ^^^^^^^^^^^^^^^^^^
NameError: name 'is_image_processed' is not defined
",/Volumes/TVault2/datasets/sugvu24/extracted_frames/case_010/extraction_results.csv,14.0,
2025-04-05 15:55:05,ROW_PROCESSING_ERROR,Error processing row 15 in file /Volumes/TVault2/datasets/sugvu24/extracted_frames/case_010/extraction_results.csv: name 'is_image_processed' is not defined,"Traceback (most recent call last):
  File ""/var/folders/1j/2k5xpt896fdb5rnbdm6nktnr0000gn/T/ipykernel_14640/3110420929.py"", line 61, in <module>
    if is_image_processed(img_path):
       ^^^^^^^^^^^^^^^^^^
NameError: name 'is_image_processed' is not defined
",/Volumes/TVault2/datasets/sugvu24/extracted_frames/case_010/extraction_results.csv,15.0,
2025-04-05 15:55:05,ROW_PROCESSING_ERROR,"Error processing row 16 in file /Volumes/TVault2/datasets/sugvu24/extracted_frames/case_010/extraction_results.csv: join() argument must be str, bytes, or os.PathLike object, not 'float'","Traceback (most recent call last):
  File ""/var/folders/1j/2k5xpt896fdb5rnbdm6nktnr0000gn/T/ipykernel_14640/3110420929.py"", line 58, in <module>
    img_path = os.path.join(root, frame_file)
               ^^^^^^^^^^^^^^^^^^^^^^^^^^^^^^
  File ""<frozen posixpath>"", line 90, in join
  File ""<frozen genericpath>"", line 164, in _check_arg_types
TypeError: join() argument must be str, bytes, or os.PathLike object, not 'float'
",/Volumes/TVault2/datasets/sugvu24/extracted_frames/case_010/extraction_results.csv,16.0,
2025-04-05 15:55:05,ROW_PROCESSING_ERROR,Error processing row 17 in file /Volumes/TVault2/datasets/sugvu24/extracted_frames/case_010/extraction_results.csv: name 'is_image_processed' is not defined,"Traceback (most recent call last):
  File ""/var/folders/1j/2k5xpt896fdb5rnbdm6nktnr0000gn/T/ipykernel_14640/3110420929.py"", line 61, in <module>
    if is_image_processed(img_path):
       ^^^^^^^^^^^^^^^^^^
NameError: name 'is_image_processed' is not defined
",/Volumes/TVault2/datasets/sugvu24/extracted_frames/case_010/extraction_results.csv,17.0,
2025-04-05 15:55:05,ROW_PROCESSING_ERROR,Error processing row 18 in file /Volumes/TVault2/datasets/sugvu24/extracted_frames/case_010/extraction_results.csv: name 'is_image_processed' is not defined,"Traceback (most recent call last):
  File ""/var/folders/1j/2k5xpt896fdb5rnbdm6nktnr0000gn/T/ipykernel_14640/3110420929.py"", line 61, in <module>
    if is_image_processed(img_path):
       ^^^^^^^^^^^^^^^^^^
NameError: name 'is_image_processed' is not defined
",/Volumes/TVault2/datasets/sugvu24/extracted_frames/case_010/extraction_results.csv,18.0,
2025-04-05 15:55:05,ROW_PROCESSING_ERROR,Error processing row 19 in file /Volumes/TVault2/datasets/sugvu24/extracted_frames/case_010/extraction_results.csv: name 'is_image_processed' is not defined,"Traceback (most recent call last):
  File ""/var/folders/1j/2k5xpt896fdb5rnbdm6nktnr0000gn/T/ipykernel_14640/3110420929.py"", line 61, in <module>
    if is_image_processed(img_path):
       ^^^^^^^^^^^^^^^^^^
NameError: name 'is_image_processed' is not defined
",/Volumes/TVault2/datasets/sugvu24/extracted_frames/case_010/extraction_results.csv,19.0,
2025-04-05 15:55:05,ROW_PROCESSING_ERROR,Error processing row 20 in file /Volumes/TVault2/datasets/sugvu24/extracted_frames/case_010/extraction_results.csv: name 'is_image_processed' is not defined,"Traceback (most recent call last):
  File ""/var/folders/1j/2k5xpt896fdb5rnbdm6nktnr0000gn/T/ipykernel_14640/3110420929.py"", line 61, in <module>
    if is_image_processed(img_path):
       ^^^^^^^^^^^^^^^^^^
NameError: name 'is_image_processed' is not defined
",/Volumes/TVault2/datasets/sugvu24/extracted_frames/case_010/extraction_results.csv,20.0,
2025-04-05 15:55:05,ROW_PROCESSING_ERROR,Error processing row 21 in file /Volumes/TVault2/datasets/sugvu24/extracted_frames/case_010/extraction_results.csv: name 'is_image_processed' is not defined,"Traceback (most recent call last):
  File ""/var/folders/1j/2k5xpt896fdb5rnbdm6nktnr0000gn/T/ipykernel_14640/3110420929.py"", line 61, in <module>
    if is_image_processed(img_path):
       ^^^^^^^^^^^^^^^^^^
NameError: name 'is_image_processed' is not defined
",/Volumes/TVault2/datasets/sugvu24/extracted_frames/case_010/extraction_results.csv,21.0,
2025-04-05 15:55:05,ROW_PROCESSING_ERROR,Error processing row 22 in file /Volumes/TVault2/datasets/sugvu24/extracted_frames/case_010/extraction_results.csv: name 'is_image_processed' is not defined,"Traceback (most recent call last):
  File ""/var/folders/1j/2k5xpt896fdb5rnbdm6nktnr0000gn/T/ipykernel_14640/3110420929.py"", line 61, in <module>
    if is_image_processed(img_path):
       ^^^^^^^^^^^^^^^^^^
NameError: name 'is_image_processed' is not defined
",/Volumes/TVault2/datasets/sugvu24/extracted_frames/case_010/extraction_results.csv,22.0,
2025-04-05 15:55:05,ROW_PROCESSING_ERROR,Error processing row 23 in file /Volumes/TVault2/datasets/sugvu24/extracted_frames/case_010/extraction_results.csv: name 'is_image_processed' is not defined,"Traceback (most recent call last):
  File ""/var/folders/1j/2k5xpt896fdb5rnbdm6nktnr0000gn/T/ipykernel_14640/3110420929.py"", line 61, in <module>
    if is_image_processed(img_path):
       ^^^^^^^^^^^^^^^^^^
NameError: name 'is_image_processed' is not defined
",/Volumes/TVault2/datasets/sugvu24/extracted_frames/case_010/extraction_results.csv,23.0,
2025-04-05 15:55:05,ROW_PROCESSING_ERROR,Error processing row 24 in file /Volumes/TVault2/datasets/sugvu24/extracted_frames/case_010/extraction_results.csv: name 'is_image_processed' is not defined,"Traceback (most recent call last):
  File ""/var/folders/1j/2k5xpt896fdb5rnbdm6nktnr0000gn/T/ipykernel_14640/3110420929.py"", line 61, in <module>
    if is_image_processed(img_path):
       ^^^^^^^^^^^^^^^^^^
NameError: name 'is_image_processed' is not defined
",/Volumes/TVault2/datasets/sugvu24/extracted_frames/case_010/extraction_results.csv,24.0,
2025-04-05 15:55:05,ROW_PROCESSING_ERROR,Error processing row 25 in file /Volumes/TVault2/datasets/sugvu24/extracted_frames/case_010/extraction_results.csv: name 'is_image_processed' is not defined,"Traceback (most recent call last):
  File ""/var/folders/1j/2k5xpt896fdb5rnbdm6nktnr0000gn/T/ipykernel_14640/3110420929.py"", line 61, in <module>
    if is_image_processed(img_path):
       ^^^^^^^^^^^^^^^^^^
NameError: name 'is_image_processed' is not defined
",/Volumes/TVault2/datasets/sugvu24/extracted_frames/case_010/extraction_results.csv,25.0,
2025-04-05 15:55:05,ROW_PROCESSING_ERROR,Error processing row 26 in file /Volumes/TVault2/datasets/sugvu24/extracted_frames/case_010/extraction_results.csv: name 'is_image_processed' is not defined,"Traceback (most recent call last):
  File ""/var/folders/1j/2k5xpt896fdb5rnbdm6nktnr0000gn/T/ipykernel_14640/3110420929.py"", line 61, in <module>
    if is_image_processed(img_path):
       ^^^^^^^^^^^^^^^^^^
NameError: name 'is_image_processed' is not defined
",/Volumes/TVault2/datasets/sugvu24/extracted_frames/case_010/extraction_results.csv,26.0,
2025-04-05 15:55:05,ROW_PROCESSING_ERROR,Error processing row 27 in file /Volumes/TVault2/datasets/sugvu24/extracted_frames/case_010/extraction_results.csv: name 'is_image_processed' is not defined,"Traceback (most recent call last):
  File ""/var/folders/1j/2k5xpt896fdb5rnbdm6nktnr0000gn/T/ipykernel_14640/3110420929.py"", line 61, in <module>
    if is_image_processed(img_path):
       ^^^^^^^^^^^^^^^^^^
NameError: name 'is_image_processed' is not defined
",/Volumes/TVault2/datasets/sugvu24/extracted_frames/case_010/extraction_results.csv,27.0,
2025-04-05 15:55:05,ROW_PROCESSING_ERROR,Error processing row 28 in file /Volumes/TVault2/datasets/sugvu24/extracted_frames/case_010/extraction_results.csv: name 'is_image_processed' is not defined,"Traceback (most recent call last):
  File ""/var/folders/1j/2k5xpt896fdb5rnbdm6nktnr0000gn/T/ipykernel_14640/3110420929.py"", line 61, in <module>
    if is_image_processed(img_path):
       ^^^^^^^^^^^^^^^^^^
NameError: name 'is_image_processed' is not defined
",/Volumes/TVault2/datasets/sugvu24/extracted_frames/case_010/extraction_results.csv,28.0,
2025-04-05 15:55:05,ROW_PROCESSING_ERROR,Error processing row 29 in file /Volumes/TVault2/datasets/sugvu24/extracted_frames/case_010/extraction_results.csv: name 'is_image_processed' is not defined,"Traceback (most recent call last):
  File ""/var/folders/1j/2k5xpt896fdb5rnbdm6nktnr0000gn/T/ipykernel_14640/3110420929.py"", line 61, in <module>
    if is_image_processed(img_path):
       ^^^^^^^^^^^^^^^^^^
NameError: name 'is_image_processed' is not defined
",/Volumes/TVault2/datasets/sugvu24/extracted_frames/case_010/extraction_results.csv,29.0,
2025-04-05 15:55:05,ROW_PROCESSING_ERROR,Error processing row 30 in file /Volumes/TVault2/datasets/sugvu24/extracted_frames/case_010/extraction_results.csv: name 'is_image_processed' is not defined,"Traceback (most recent call last):
  File ""/var/folders/1j/2k5xpt896fdb5rnbdm6nktnr0000gn/T/ipykernel_14640/3110420929.py"", line 61, in <module>
    if is_image_processed(img_path):
       ^^^^^^^^^^^^^^^^^^
NameError: name 'is_image_processed' is not defined
",/Volumes/TVault2/datasets/sugvu24/extracted_frames/case_010/extraction_results.csv,30.0,
2025-04-05 15:55:05,ROW_PROCESSING_ERROR,Error processing row 31 in file /Volumes/TVault2/datasets/sugvu24/extracted_frames/case_010/extraction_results.csv: name 'is_image_processed' is not defined,"Traceback (most recent call last):
  File ""/var/folders/1j/2k5xpt896fdb5rnbdm6nktnr0000gn/T/ipykernel_14640/3110420929.py"", line 61, in <module>
    if is_image_processed(img_path):
       ^^^^^^^^^^^^^^^^^^
NameError: name 'is_image_processed' is not defined
",/Volumes/TVault2/datasets/sugvu24/extracted_frames/case_010/extraction_results.csv,31.0,
2025-04-05 15:55:05,ROW_PROCESSING_ERROR,Error processing row 32 in file /Volumes/TVault2/datasets/sugvu24/extracted_frames/case_010/extraction_results.csv: name 'is_image_processed' is not defined,"Traceback (most recent call last):
  File ""/var/folders/1j/2k5xpt896fdb5rnbdm6nktnr0000gn/T/ipykernel_14640/3110420929.py"", line 61, in <module>
    if is_image_processed(img_path):
       ^^^^^^^^^^^^^^^^^^
NameError: name 'is_image_processed' is not defined
",/Volumes/TVault2/datasets/sugvu24/extracted_frames/case_010/extraction_results.csv,32.0,
2025-04-05 15:55:05,ROW_PROCESSING_ERROR,Error processing row 33 in file /Volumes/TVault2/datasets/sugvu24/extracted_frames/case_010/extraction_results.csv: name 'is_image_processed' is not defined,"Traceback (most recent call last):
  File ""/var/folders/1j/2k5xpt896fdb5rnbdm6nktnr0000gn/T/ipykernel_14640/3110420929.py"", line 61, in <module>
    if is_image_processed(img_path):
       ^^^^^^^^^^^^^^^^^^
NameError: name 'is_image_processed' is not defined
",/Volumes/TVault2/datasets/sugvu24/extracted_frames/case_010/extraction_results.csv,33.0,
2025-04-05 15:55:06,ROW_PROCESSING_ERROR,Error processing row 34 in file /Volumes/TVault2/datasets/sugvu24/extracted_frames/case_010/extraction_results.csv: name 'is_image_processed' is not defined,"Traceback (most recent call last):
  File ""/var/folders/1j/2k5xpt896fdb5rnbdm6nktnr0000gn/T/ipykernel_14640/3110420929.py"", line 61, in <module>
    if is_image_processed(img_path):
       ^^^^^^^^^^^^^^^^^^
NameError: name 'is_image_processed' is not defined
",/Volumes/TVault2/datasets/sugvu24/extracted_frames/case_010/extraction_results.csv,34.0,
2025-04-05 15:55:06,ROW_PROCESSING_ERROR,Error processing row 35 in file /Volumes/TVault2/datasets/sugvu24/extracted_frames/case_010/extraction_results.csv: name 'is_image_processed' is not defined,"Traceback (most recent call last):
  File ""/var/folders/1j/2k5xpt896fdb5rnbdm6nktnr0000gn/T/ipykernel_14640/3110420929.py"", line 61, in <module>
    if is_image_processed(img_path):
       ^^^^^^^^^^^^^^^^^^
NameError: name 'is_image_processed' is not defined
",/Volumes/TVault2/datasets/sugvu24/extracted_frames/case_010/extraction_results.csv,35.0,
2025-04-05 15:55:06,ROW_PROCESSING_ERROR,Error processing row 36 in file /Volumes/TVault2/datasets/sugvu24/extracted_frames/case_010/extraction_results.csv: name 'is_image_processed' is not defined,"Traceback (most recent call last):
  File ""/var/folders/1j/2k5xpt896fdb5rnbdm6nktnr0000gn/T/ipykernel_14640/3110420929.py"", line 61, in <module>
    if is_image_processed(img_path):
       ^^^^^^^^^^^^^^^^^^
NameError: name 'is_image_processed' is not defined
",/Volumes/TVault2/datasets/sugvu24/extracted_frames/case_010/extraction_results.csv,36.0,
2025-04-05 15:55:06,ROW_PROCESSING_ERROR,Error processing row 37 in file /Volumes/TVault2/datasets/sugvu24/extracted_frames/case_010/extraction_results.csv: name 'is_image_processed' is not defined,"Traceback (most recent call last):
  File ""/var/folders/1j/2k5xpt896fdb5rnbdm6nktnr0000gn/T/ipykernel_14640/3110420929.py"", line 61, in <module>
    if is_image_processed(img_path):
       ^^^^^^^^^^^^^^^^^^
NameError: name 'is_image_processed' is not defined
",/Volumes/TVault2/datasets/sugvu24/extracted_frames/case_010/extraction_results.csv,37.0,
2025-04-05 15:55:06,ROW_PROCESSING_ERROR,Error processing row 38 in file /Volumes/TVault2/datasets/sugvu24/extracted_frames/case_010/extraction_results.csv: name 'is_image_processed' is not defined,"Traceback (most recent call last):
  File ""/var/folders/1j/2k5xpt896fdb5rnbdm6nktnr0000gn/T/ipykernel_14640/3110420929.py"", line 61, in <module>
    if is_image_processed(img_path):
       ^^^^^^^^^^^^^^^^^^
NameError: name 'is_image_processed' is not defined
",/Volumes/TVault2/datasets/sugvu24/extracted_frames/case_010/extraction_results.csv,38.0,
2025-04-05 15:55:06,ROW_PROCESSING_ERROR,Error processing row 39 in file /Volumes/TVault2/datasets/sugvu24/extracted_frames/case_010/extraction_results.csv: name 'is_image_processed' is not defined,"Traceback (most recent call last):
  File ""/var/folders/1j/2k5xpt896fdb5rnbdm6nktnr0000gn/T/ipykernel_14640/3110420929.py"", line 61, in <module>
    if is_image_processed(img_path):
       ^^^^^^^^^^^^^^^^^^
NameError: name 'is_image_processed' is not defined
",/Volumes/TVault2/datasets/sugvu24/extracted_frames/case_010/extraction_results.csv,39.0,
2025-04-05 15:55:06,ROW_PROCESSING_ERROR,Error processing row 40 in file /Volumes/TVault2/datasets/sugvu24/extracted_frames/case_010/extraction_results.csv: name 'is_image_processed' is not defined,"Traceback (most recent call last):
  File ""/var/folders/1j/2k5xpt896fdb5rnbdm6nktnr0000gn/T/ipykernel_14640/3110420929.py"", line 61, in <module>
    if is_image_processed(img_path):
       ^^^^^^^^^^^^^^^^^^
NameError: name 'is_image_processed' is not defined
",/Volumes/TVault2/datasets/sugvu24/extracted_frames/case_010/extraction_results.csv,40.0,
2025-04-05 15:55:06,ROW_PROCESSING_ERROR,Error processing row 41 in file /Volumes/TVault2/datasets/sugvu24/extracted_frames/case_010/extraction_results.csv: name 'is_image_processed' is not defined,"Traceback (most recent call last):
  File ""/var/folders/1j/2k5xpt896fdb5rnbdm6nktnr0000gn/T/ipykernel_14640/3110420929.py"", line 61, in <module>
    if is_image_processed(img_path):
       ^^^^^^^^^^^^^^^^^^
NameError: name 'is_image_processed' is not defined
",/Volumes/TVault2/datasets/sugvu24/extracted_frames/case_010/extraction_results.csv,41.0,
2025-04-05 15:55:06,ROW_PROCESSING_ERROR,Error processing row 42 in file /Volumes/TVault2/datasets/sugvu24/extracted_frames/case_010/extraction_results.csv: name 'is_image_processed' is not defined,"Traceback (most recent call last):
  File ""/var/folders/1j/2k5xpt896fdb5rnbdm6nktnr0000gn/T/ipykernel_14640/3110420929.py"", line 61, in <module>
    if is_image_processed(img_path):
       ^^^^^^^^^^^^^^^^^^
NameError: name 'is_image_processed' is not defined
",/Volumes/TVault2/datasets/sugvu24/extracted_frames/case_010/extraction_results.csv,42.0,
2025-04-05 15:55:06,ROW_PROCESSING_ERROR,Error processing row 43 in file /Volumes/TVault2/datasets/sugvu24/extracted_frames/case_010/extraction_results.csv: name 'is_image_processed' is not defined,"Traceback (most recent call last):
  File ""/var/folders/1j/2k5xpt896fdb5rnbdm6nktnr0000gn/T/ipykernel_14640/3110420929.py"", line 61, in <module>
    if is_image_processed(img_path):
       ^^^^^^^^^^^^^^^^^^
NameError: name 'is_image_processed' is not defined
",/Volumes/TVault2/datasets/sugvu24/extracted_frames/case_010/extraction_results.csv,43.0,
2025-04-05 15:55:06,ROW_PROCESSING_ERROR,Error processing row 44 in file /Volumes/TVault2/datasets/sugvu24/extracted_frames/case_010/extraction_results.csv: name 'is_image_processed' is not defined,"Traceback (most recent call last):
  File ""/var/folders/1j/2k5xpt896fdb5rnbdm6nktnr0000gn/T/ipykernel_14640/3110420929.py"", line 61, in <module>
    if is_image_processed(img_path):
       ^^^^^^^^^^^^^^^^^^
NameError: name 'is_image_processed' is not defined
",/Volumes/TVault2/datasets/sugvu24/extracted_frames/case_010/extraction_results.csv,44.0,
2025-04-05 15:55:06,ROW_PROCESSING_ERROR,"Error processing row 45 in file /Volumes/TVault2/datasets/sugvu24/extracted_frames/case_010/extraction_results.csv: join() argument must be str, bytes, or os.PathLike object, not 'float'","Traceback (most recent call last):
  File ""/var/folders/1j/2k5xpt896fdb5rnbdm6nktnr0000gn/T/ipykernel_14640/3110420929.py"", line 58, in <module>
    img_path = os.path.join(root, frame_file)
               ^^^^^^^^^^^^^^^^^^^^^^^^^^^^^^
  File ""<frozen posixpath>"", line 90, in join
  File ""<frozen genericpath>"", line 164, in _check_arg_types
TypeError: join() argument must be str, bytes, or os.PathLike object, not 'float'
",/Volumes/TVault2/datasets/sugvu24/extracted_frames/case_010/extraction_results.csv,45.0,
2025-04-05 15:55:06,ROW_PROCESSING_ERROR,"Error processing row 46 in file /Volumes/TVault2/datasets/sugvu24/extracted_frames/case_010/extraction_results.csv: join() argument must be str, bytes, or os.PathLike object, not 'float'","Traceback (most recent call last):
  File ""/var/folders/1j/2k5xpt896fdb5rnbdm6nktnr0000gn/T/ipykernel_14640/3110420929.py"", line 58, in <module>
    img_path = os.path.join(root, frame_file)
               ^^^^^^^^^^^^^^^^^^^^^^^^^^^^^^
  File ""<frozen posixpath>"", line 90, in join
  File ""<frozen genericpath>"", line 164, in _check_arg_types
TypeError: join() argument must be str, bytes, or os.PathLike object, not 'float'
",/Volumes/TVault2/datasets/sugvu24/extracted_frames/case_010/extraction_results.csv,46.0,
2025-04-05 15:55:06,ROW_PROCESSING_ERROR,"Error processing row 47 in file /Volumes/TVault2/datasets/sugvu24/extracted_frames/case_010/extraction_results.csv: join() argument must be str, bytes, or os.PathLike object, not 'float'","Traceback (most recent call last):
  File ""/var/folders/1j/2k5xpt896fdb5rnbdm6nktnr0000gn/T/ipykernel_14640/3110420929.py"", line 58, in <module>
    img_path = os.path.join(root, frame_file)
               ^^^^^^^^^^^^^^^^^^^^^^^^^^^^^^
  File ""<frozen posixpath>"", line 90, in join
  File ""<frozen genericpath>"", line 164, in _check_arg_types
TypeError: join() argument must be str, bytes, or os.PathLike object, not 'float'
",/Volumes/TVault2/datasets/sugvu24/extracted_frames/case_010/extraction_results.csv,47.0,
2025-04-05 15:55:06,ROW_PROCESSING_ERROR,"Error processing row 48 in file /Volumes/TVault2/datasets/sugvu24/extracted_frames/case_010/extraction_results.csv: join() argument must be str, bytes, or os.PathLike object, not 'float'","Traceback (most recent call last):
  File ""/var/folders/1j/2k5xpt896fdb5rnbdm6nktnr0000gn/T/ipykernel_14640/3110420929.py"", line 58, in <module>
    img_path = os.path.join(root, frame_file)
               ^^^^^^^^^^^^^^^^^^^^^^^^^^^^^^
  File ""<frozen posixpath>"", line 90, in join
  File ""<frozen genericpath>"", line 164, in _check_arg_types
TypeError: join() argument must be str, bytes, or os.PathLike object, not 'float'
",/Volumes/TVault2/datasets/sugvu24/extracted_frames/case_010/extraction_results.csv,48.0,
2025-04-05 15:55:06,ROW_PROCESSING_ERROR,"Error processing row 49 in file /Volumes/TVault2/datasets/sugvu24/extracted_frames/case_010/extraction_results.csv: join() argument must be str, bytes, or os.PathLike object, not 'float'","Traceback (most recent call last):
  File ""/var/folders/1j/2k5xpt896fdb5rnbdm6nktnr0000gn/T/ipykernel_14640/3110420929.py"", line 58, in <module>
    img_path = os.path.join(root, frame_file)
               ^^^^^^^^^^^^^^^^^^^^^^^^^^^^^^
  File ""<frozen posixpath>"", line 90, in join
  File ""<frozen genericpath>"", line 164, in _check_arg_types
TypeError: join() argument must be str, bytes, or os.PathLike object, not 'float'
",/Volumes/TVault2/datasets/sugvu24/extracted_frames/case_010/extraction_results.csv,49.0,
2025-04-05 15:55:06,ROW_PROCESSING_ERROR,"Error processing row 50 in file /Volumes/TVault2/datasets/sugvu24/extracted_frames/case_010/extraction_results.csv: join() argument must be str, bytes, or os.PathLike object, not 'float'","Traceback (most recent call last):
  File ""/var/folders/1j/2k5xpt896fdb5rnbdm6nktnr0000gn/T/ipykernel_14640/3110420929.py"", line 58, in <module>
    img_path = os.path.join(root, frame_file)
               ^^^^^^^^^^^^^^^^^^^^^^^^^^^^^^
  File ""<frozen posixpath>"", line 90, in join
  File ""<frozen genericpath>"", line 164, in _check_arg_types
TypeError: join() argument must be str, bytes, or os.PathLike object, not 'float'
",/Volumes/TVault2/datasets/sugvu24/extracted_frames/case_010/extraction_results.csv,50.0,
2025-04-05 15:55:06,ROW_PROCESSING_ERROR,"Error processing row 51 in file /Volumes/TVault2/datasets/sugvu24/extracted_frames/case_010/extraction_results.csv: join() argument must be str, bytes, or os.PathLike object, not 'float'","Traceback (most recent call last):
  File ""/var/folders/1j/2k5xpt896fdb5rnbdm6nktnr0000gn/T/ipykernel_14640/3110420929.py"", line 58, in <module>
    img_path = os.path.join(root, frame_file)
               ^^^^^^^^^^^^^^^^^^^^^^^^^^^^^^
  File ""<frozen posixpath>"", line 90, in join
  File ""<frozen genericpath>"", line 164, in _check_arg_types
TypeError: join() argument must be str, bytes, or os.PathLike object, not 'float'
",/Volumes/TVault2/datasets/sugvu24/extracted_frames/case_010/extraction_results.csv,51.0,
2025-04-05 15:55:06,ROW_PROCESSING_ERROR,"Error processing row 52 in file /Volumes/TVault2/datasets/sugvu24/extracted_frames/case_010/extraction_results.csv: join() argument must be str, bytes, or os.PathLike object, not 'float'","Traceback (most recent call last):
  File ""/var/folders/1j/2k5xpt896fdb5rnbdm6nktnr0000gn/T/ipykernel_14640/3110420929.py"", line 58, in <module>
    img_path = os.path.join(root, frame_file)
               ^^^^^^^^^^^^^^^^^^^^^^^^^^^^^^
  File ""<frozen posixpath>"", line 90, in join
  File ""<frozen genericpath>"", line 164, in _check_arg_types
TypeError: join() argument must be str, bytes, or os.PathLike object, not 'float'
",/Volumes/TVault2/datasets/sugvu24/extracted_frames/case_010/extraction_results.csv,52.0,
2025-04-05 15:55:06,ROW_PROCESSING_ERROR,Error processing row 53 in file /Volumes/TVault2/datasets/sugvu24/extracted_frames/case_010/extraction_results.csv: name 'is_image_processed' is not defined,"Traceback (most recent call last):
  File ""/var/folders/1j/2k5xpt896fdb5rnbdm6nktnr0000gn/T/ipykernel_14640/3110420929.py"", line 61, in <module>
    if is_image_processed(img_path):
       ^^^^^^^^^^^^^^^^^^
NameError: name 'is_image_processed' is not defined
",/Volumes/TVault2/datasets/sugvu24/extracted_frames/case_010/extraction_results.csv,53.0,
2025-04-05 15:55:06,ROW_PROCESSING_ERROR,Error processing row 54 in file /Volumes/TVault2/datasets/sugvu24/extracted_frames/case_010/extraction_results.csv: name 'is_image_processed' is not defined,"Traceback (most recent call last):
  File ""/var/folders/1j/2k5xpt896fdb5rnbdm6nktnr0000gn/T/ipykernel_14640/3110420929.py"", line 61, in <module>
    if is_image_processed(img_path):
       ^^^^^^^^^^^^^^^^^^
NameError: name 'is_image_processed' is not defined
",/Volumes/TVault2/datasets/sugvu24/extracted_frames/case_010/extraction_results.csv,54.0,
2025-04-05 15:55:06,ROW_PROCESSING_ERROR,Error processing row 55 in file /Volumes/TVault2/datasets/sugvu24/extracted_frames/case_010/extraction_results.csv: name 'is_image_processed' is not defined,"Traceback (most recent call last):
  File ""/var/folders/1j/2k5xpt896fdb5rnbdm6nktnr0000gn/T/ipykernel_14640/3110420929.py"", line 61, in <module>
    if is_image_processed(img_path):
       ^^^^^^^^^^^^^^^^^^
NameError: name 'is_image_processed' is not defined
",/Volumes/TVault2/datasets/sugvu24/extracted_frames/case_010/extraction_results.csv,55.0,
2025-04-05 15:55:06,ROW_PROCESSING_ERROR,Error processing row 56 in file /Volumes/TVault2/datasets/sugvu24/extracted_frames/case_010/extraction_results.csv: name 'is_image_processed' is not defined,"Traceback (most recent call last):
  File ""/var/folders/1j/2k5xpt896fdb5rnbdm6nktnr0000gn/T/ipykernel_14640/3110420929.py"", line 61, in <module>
    if is_image_processed(img_path):
       ^^^^^^^^^^^^^^^^^^
NameError: name 'is_image_processed' is not defined
",/Volumes/TVault2/datasets/sugvu24/extracted_frames/case_010/extraction_results.csv,56.0,
2025-04-05 15:55:06,ROW_PROCESSING_ERROR,Error processing row 57 in file /Volumes/TVault2/datasets/sugvu24/extracted_frames/case_010/extraction_results.csv: name 'is_image_processed' is not defined,"Traceback (most recent call last):
  File ""/var/folders/1j/2k5xpt896fdb5rnbdm6nktnr0000gn/T/ipykernel_14640/3110420929.py"", line 61, in <module>
    if is_image_processed(img_path):
       ^^^^^^^^^^^^^^^^^^
NameError: name 'is_image_processed' is not defined
",/Volumes/TVault2/datasets/sugvu24/extracted_frames/case_010/extraction_results.csv,57.0,
2025-04-05 15:55:06,ROW_PROCESSING_ERROR,Error processing row 58 in file /Volumes/TVault2/datasets/sugvu24/extracted_frames/case_010/extraction_results.csv: name 'is_image_processed' is not defined,"Traceback (most recent call last):
  File ""/var/folders/1j/2k5xpt896fdb5rnbdm6nktnr0000gn/T/ipykernel_14640/3110420929.py"", line 61, in <module>
    if is_image_processed(img_path):
       ^^^^^^^^^^^^^^^^^^
NameError: name 'is_image_processed' is not defined
",/Volumes/TVault2/datasets/sugvu24/extracted_frames/case_010/extraction_results.csv,58.0,
2025-04-05 15:55:06,ROW_PROCESSING_ERROR,Error processing row 59 in file /Volumes/TVault2/datasets/sugvu24/extracted_frames/case_010/extraction_results.csv: name 'is_image_processed' is not defined,"Traceback (most recent call last):
  File ""/var/folders/1j/2k5xpt896fdb5rnbdm6nktnr0000gn/T/ipykernel_14640/3110420929.py"", line 61, in <module>
    if is_image_processed(img_path):
       ^^^^^^^^^^^^^^^^^^
NameError: name 'is_image_processed' is not defined
",/Volumes/TVault2/datasets/sugvu24/extracted_frames/case_010/extraction_results.csv,59.0,
2025-04-05 15:55:06,ROW_PROCESSING_ERROR,Error processing row 60 in file /Volumes/TVault2/datasets/sugvu24/extracted_frames/case_010/extraction_results.csv: name 'is_image_processed' is not defined,"Traceback (most recent call last):
  File ""/var/folders/1j/2k5xpt896fdb5rnbdm6nktnr0000gn/T/ipykernel_14640/3110420929.py"", line 61, in <module>
    if is_image_processed(img_path):
       ^^^^^^^^^^^^^^^^^^
NameError: name 'is_image_processed' is not defined
",/Volumes/TVault2/datasets/sugvu24/extracted_frames/case_010/extraction_results.csv,60.0,
2025-04-05 15:55:06,ROW_PROCESSING_ERROR,Error processing row 61 in file /Volumes/TVault2/datasets/sugvu24/extracted_frames/case_010/extraction_results.csv: name 'is_image_processed' is not defined,"Traceback (most recent call last):
  File ""/var/folders/1j/2k5xpt896fdb5rnbdm6nktnr0000gn/T/ipykernel_14640/3110420929.py"", line 61, in <module>
    if is_image_processed(img_path):
       ^^^^^^^^^^^^^^^^^^
NameError: name 'is_image_processed' is not defined
",/Volumes/TVault2/datasets/sugvu24/extracted_frames/case_010/extraction_results.csv,61.0,
2025-04-05 15:55:06,ROW_PROCESSING_ERROR,Error processing row 62 in file /Volumes/TVault2/datasets/sugvu24/extracted_frames/case_010/extraction_results.csv: name 'is_image_processed' is not defined,"Traceback (most recent call last):
  File ""/var/folders/1j/2k5xpt896fdb5rnbdm6nktnr0000gn/T/ipykernel_14640/3110420929.py"", line 61, in <module>
    if is_image_processed(img_path):
       ^^^^^^^^^^^^^^^^^^
NameError: name 'is_image_processed' is not defined
",/Volumes/TVault2/datasets/sugvu24/extracted_frames/case_010/extraction_results.csv,62.0,
2025-04-05 15:55:06,ROW_PROCESSING_ERROR,Error processing row 63 in file /Volumes/TVault2/datasets/sugvu24/extracted_frames/case_010/extraction_results.csv: name 'is_image_processed' is not defined,"Traceback (most recent call last):
  File ""/var/folders/1j/2k5xpt896fdb5rnbdm6nktnr0000gn/T/ipykernel_14640/3110420929.py"", line 61, in <module>
    if is_image_processed(img_path):
       ^^^^^^^^^^^^^^^^^^
NameError: name 'is_image_processed' is not defined
",/Volumes/TVault2/datasets/sugvu24/extracted_frames/case_010/extraction_results.csv,63.0,
2025-04-05 15:55:06,ROW_PROCESSING_ERROR,Error processing row 64 in file /Volumes/TVault2/datasets/sugvu24/extracted_frames/case_010/extraction_results.csv: name 'is_image_processed' is not defined,"Traceback (most recent call last):
  File ""/var/folders/1j/2k5xpt896fdb5rnbdm6nktnr0000gn/T/ipykernel_14640/3110420929.py"", line 61, in <module>
    if is_image_processed(img_path):
       ^^^^^^^^^^^^^^^^^^
NameError: name 'is_image_processed' is not defined
",/Volumes/TVault2/datasets/sugvu24/extracted_frames/case_010/extraction_results.csv,64.0,
2025-04-05 15:55:06,ROW_PROCESSING_ERROR,Error processing row 65 in file /Volumes/TVault2/datasets/sugvu24/extracted_frames/case_010/extraction_results.csv: name 'is_image_processed' is not defined,"Traceback (most recent call last):
  File ""/var/folders/1j/2k5xpt896fdb5rnbdm6nktnr0000gn/T/ipykernel_14640/3110420929.py"", line 61, in <module>
    if is_image_processed(img_path):
       ^^^^^^^^^^^^^^^^^^
NameError: name 'is_image_processed' is not defined
",/Volumes/TVault2/datasets/sugvu24/extracted_frames/case_010/extraction_results.csv,65.0,
2025-04-05 15:55:06,ROW_PROCESSING_ERROR,Error processing row 66 in file /Volumes/TVault2/datasets/sugvu24/extracted_frames/case_010/extraction_results.csv: name 'is_image_processed' is not defined,"Traceback (most recent call last):
  File ""/var/folders/1j/2k5xpt896fdb5rnbdm6nktnr0000gn/T/ipykernel_14640/3110420929.py"", line 61, in <module>
    if is_image_processed(img_path):
       ^^^^^^^^^^^^^^^^^^
NameError: name 'is_image_processed' is not defined
",/Volumes/TVault2/datasets/sugvu24/extracted_frames/case_010/extraction_results.csv,66.0,
2025-04-05 15:55:06,ROW_PROCESSING_ERROR,Error processing row 67 in file /Volumes/TVault2/datasets/sugvu24/extracted_frames/case_010/extraction_results.csv: name 'is_image_processed' is not defined,"Traceback (most recent call last):
  File ""/var/folders/1j/2k5xpt896fdb5rnbdm6nktnr0000gn/T/ipykernel_14640/3110420929.py"", line 61, in <module>
    if is_image_processed(img_path):
       ^^^^^^^^^^^^^^^^^^
NameError: name 'is_image_processed' is not defined
",/Volumes/TVault2/datasets/sugvu24/extracted_frames/case_010/extraction_results.csv,67.0,
2025-04-05 15:55:06,ROW_PROCESSING_ERROR,Error processing row 68 in file /Volumes/TVault2/datasets/sugvu24/extracted_frames/case_010/extraction_results.csv: name 'is_image_processed' is not defined,"Traceback (most recent call last):
  File ""/var/folders/1j/2k5xpt896fdb5rnbdm6nktnr0000gn/T/ipykernel_14640/3110420929.py"", line 61, in <module>
    if is_image_processed(img_path):
       ^^^^^^^^^^^^^^^^^^
NameError: name 'is_image_processed' is not defined
",/Volumes/TVault2/datasets/sugvu24/extracted_frames/case_010/extraction_results.csv,68.0,
2025-04-05 15:55:06,ROW_PROCESSING_ERROR,Error processing row 69 in file /Volumes/TVault2/datasets/sugvu24/extracted_frames/case_010/extraction_results.csv: name 'is_image_processed' is not defined,"Traceback (most recent call last):
  File ""/var/folders/1j/2k5xpt896fdb5rnbdm6nktnr0000gn/T/ipykernel_14640/3110420929.py"", line 61, in <module>
    if is_image_processed(img_path):
       ^^^^^^^^^^^^^^^^^^
NameError: name 'is_image_processed' is not defined
",/Volumes/TVault2/datasets/sugvu24/extracted_frames/case_010/extraction_results.csv,69.0,
2025-04-05 15:55:06,ROW_PROCESSING_ERROR,Error processing row 70 in file /Volumes/TVault2/datasets/sugvu24/extracted_frames/case_010/extraction_results.csv: name 'is_image_processed' is not defined,"Traceback (most recent call last):
  File ""/var/folders/1j/2k5xpt896fdb5rnbdm6nktnr0000gn/T/ipykernel_14640/3110420929.py"", line 61, in <module>
    if is_image_processed(img_path):
       ^^^^^^^^^^^^^^^^^^
NameError: name 'is_image_processed' is not defined
",/Volumes/TVault2/datasets/sugvu24/extracted_frames/case_010/extraction_results.csv,70.0,
2025-04-05 15:55:06,ROW_PROCESSING_ERROR,Error processing row 0 in file /Volumes/TVault2/datasets/sugvu24/extracted_frames/case_011/extraction_results.csv: name 'is_image_processed' is not defined,"Traceback (most recent call last):
  File ""/var/folders/1j/2k5xpt896fdb5rnbdm6nktnr0000gn/T/ipykernel_14640/3110420929.py"", line 61, in <module>
    if is_image_processed(img_path):
       ^^^^^^^^^^^^^^^^^^
NameError: name 'is_image_processed' is not defined
",/Volumes/TVault2/datasets/sugvu24/extracted_frames/case_011/extraction_results.csv,0.0,
2025-04-05 15:55:06,ROW_PROCESSING_ERROR,Error processing row 1 in file /Volumes/TVault2/datasets/sugvu24/extracted_frames/case_011/extraction_results.csv: name 'is_image_processed' is not defined,"Traceback (most recent call last):
  File ""/var/folders/1j/2k5xpt896fdb5rnbdm6nktnr0000gn/T/ipykernel_14640/3110420929.py"", line 61, in <module>
    if is_image_processed(img_path):
       ^^^^^^^^^^^^^^^^^^
NameError: name 'is_image_processed' is not defined
",/Volumes/TVault2/datasets/sugvu24/extracted_frames/case_011/extraction_results.csv,1.0,
2025-04-05 15:55:06,ROW_PROCESSING_ERROR,"Error processing row 2 in file /Volumes/TVault2/datasets/sugvu24/extracted_frames/case_011/extraction_results.csv: join() argument must be str, bytes, or os.PathLike object, not 'float'","Traceback (most recent call last):
  File ""/var/folders/1j/2k5xpt896fdb5rnbdm6nktnr0000gn/T/ipykernel_14640/3110420929.py"", line 58, in <module>
    img_path = os.path.join(root, frame_file)
               ^^^^^^^^^^^^^^^^^^^^^^^^^^^^^^
  File ""<frozen posixpath>"", line 90, in join
  File ""<frozen genericpath>"", line 164, in _check_arg_types
TypeError: join() argument must be str, bytes, or os.PathLike object, not 'float'
",/Volumes/TVault2/datasets/sugvu24/extracted_frames/case_011/extraction_results.csv,2.0,
2025-04-05 15:55:06,ROW_PROCESSING_ERROR,Error processing row 3 in file /Volumes/TVault2/datasets/sugvu24/extracted_frames/case_011/extraction_results.csv: name 'is_image_processed' is not defined,"Traceback (most recent call last):
  File ""/var/folders/1j/2k5xpt896fdb5rnbdm6nktnr0000gn/T/ipykernel_14640/3110420929.py"", line 61, in <module>
    if is_image_processed(img_path):
       ^^^^^^^^^^^^^^^^^^
NameError: name 'is_image_processed' is not defined
",/Volumes/TVault2/datasets/sugvu24/extracted_frames/case_011/extraction_results.csv,3.0,
2025-04-05 15:55:06,ROW_PROCESSING_ERROR,Error processing row 4 in file /Volumes/TVault2/datasets/sugvu24/extracted_frames/case_011/extraction_results.csv: name 'is_image_processed' is not defined,"Traceback (most recent call last):
  File ""/var/folders/1j/2k5xpt896fdb5rnbdm6nktnr0000gn/T/ipykernel_14640/3110420929.py"", line 61, in <module>
    if is_image_processed(img_path):
       ^^^^^^^^^^^^^^^^^^
NameError: name 'is_image_processed' is not defined
",/Volumes/TVault2/datasets/sugvu24/extracted_frames/case_011/extraction_results.csv,4.0,
2025-04-05 15:55:06,ROW_PROCESSING_ERROR,Error processing row 5 in file /Volumes/TVault2/datasets/sugvu24/extracted_frames/case_011/extraction_results.csv: name 'is_image_processed' is not defined,"Traceback (most recent call last):
  File ""/var/folders/1j/2k5xpt896fdb5rnbdm6nktnr0000gn/T/ipykernel_14640/3110420929.py"", line 61, in <module>
    if is_image_processed(img_path):
       ^^^^^^^^^^^^^^^^^^
NameError: name 'is_image_processed' is not defined
",/Volumes/TVault2/datasets/sugvu24/extracted_frames/case_011/extraction_results.csv,5.0,
2025-04-05 15:55:06,ROW_PROCESSING_ERROR,Error processing row 6 in file /Volumes/TVault2/datasets/sugvu24/extracted_frames/case_011/extraction_results.csv: name 'is_image_processed' is not defined,"Traceback (most recent call last):
  File ""/var/folders/1j/2k5xpt896fdb5rnbdm6nktnr0000gn/T/ipykernel_14640/3110420929.py"", line 61, in <module>
    if is_image_processed(img_path):
       ^^^^^^^^^^^^^^^^^^
NameError: name 'is_image_processed' is not defined
",/Volumes/TVault2/datasets/sugvu24/extracted_frames/case_011/extraction_results.csv,6.0,
2025-04-05 15:55:06,ROW_PROCESSING_ERROR,Error processing row 7 in file /Volumes/TVault2/datasets/sugvu24/extracted_frames/case_011/extraction_results.csv: name 'is_image_processed' is not defined,"Traceback (most recent call last):
  File ""/var/folders/1j/2k5xpt896fdb5rnbdm6nktnr0000gn/T/ipykernel_14640/3110420929.py"", line 61, in <module>
    if is_image_processed(img_path):
       ^^^^^^^^^^^^^^^^^^
NameError: name 'is_image_processed' is not defined
",/Volumes/TVault2/datasets/sugvu24/extracted_frames/case_011/extraction_results.csv,7.0,
2025-04-05 15:55:06,ROW_PROCESSING_ERROR,Error processing row 8 in file /Volumes/TVault2/datasets/sugvu24/extracted_frames/case_011/extraction_results.csv: name 'is_image_processed' is not defined,"Traceback (most recent call last):
  File ""/var/folders/1j/2k5xpt896fdb5rnbdm6nktnr0000gn/T/ipykernel_14640/3110420929.py"", line 61, in <module>
    if is_image_processed(img_path):
       ^^^^^^^^^^^^^^^^^^
NameError: name 'is_image_processed' is not defined
",/Volumes/TVault2/datasets/sugvu24/extracted_frames/case_011/extraction_results.csv,8.0,
2025-04-05 15:55:06,ROW_PROCESSING_ERROR,Error processing row 9 in file /Volumes/TVault2/datasets/sugvu24/extracted_frames/case_011/extraction_results.csv: name 'is_image_processed' is not defined,"Traceback (most recent call last):
  File ""/var/folders/1j/2k5xpt896fdb5rnbdm6nktnr0000gn/T/ipykernel_14640/3110420929.py"", line 61, in <module>
    if is_image_processed(img_path):
       ^^^^^^^^^^^^^^^^^^
NameError: name 'is_image_processed' is not defined
",/Volumes/TVault2/datasets/sugvu24/extracted_frames/case_011/extraction_results.csv,9.0,
2025-04-05 15:55:06,ROW_PROCESSING_ERROR,Error processing row 10 in file /Volumes/TVault2/datasets/sugvu24/extracted_frames/case_011/extraction_results.csv: name 'is_image_processed' is not defined,"Traceback (most recent call last):
  File ""/var/folders/1j/2k5xpt896fdb5rnbdm6nktnr0000gn/T/ipykernel_14640/3110420929.py"", line 61, in <module>
    if is_image_processed(img_path):
       ^^^^^^^^^^^^^^^^^^
NameError: name 'is_image_processed' is not defined
",/Volumes/TVault2/datasets/sugvu24/extracted_frames/case_011/extraction_results.csv,10.0,
2025-04-05 15:55:06,ROW_PROCESSING_ERROR,Error processing row 11 in file /Volumes/TVault2/datasets/sugvu24/extracted_frames/case_011/extraction_results.csv: name 'is_image_processed' is not defined,"Traceback (most recent call last):
  File ""/var/folders/1j/2k5xpt896fdb5rnbdm6nktnr0000gn/T/ipykernel_14640/3110420929.py"", line 61, in <module>
    if is_image_processed(img_path):
       ^^^^^^^^^^^^^^^^^^
NameError: name 'is_image_processed' is not defined
",/Volumes/TVault2/datasets/sugvu24/extracted_frames/case_011/extraction_results.csv,11.0,
2025-04-05 15:55:06,ROW_PROCESSING_ERROR,Error processing row 12 in file /Volumes/TVault2/datasets/sugvu24/extracted_frames/case_011/extraction_results.csv: name 'is_image_processed' is not defined,"Traceback (most recent call last):
  File ""/var/folders/1j/2k5xpt896fdb5rnbdm6nktnr0000gn/T/ipykernel_14640/3110420929.py"", line 61, in <module>
    if is_image_processed(img_path):
       ^^^^^^^^^^^^^^^^^^
NameError: name 'is_image_processed' is not defined
",/Volumes/TVault2/datasets/sugvu24/extracted_frames/case_011/extraction_results.csv,12.0,
2025-04-05 15:55:06,ROW_PROCESSING_ERROR,Error processing row 13 in file /Volumes/TVault2/datasets/sugvu24/extracted_frames/case_011/extraction_results.csv: name 'is_image_processed' is not defined,"Traceback (most recent call last):
  File ""/var/folders/1j/2k5xpt896fdb5rnbdm6nktnr0000gn/T/ipykernel_14640/3110420929.py"", line 61, in <module>
    if is_image_processed(img_path):
       ^^^^^^^^^^^^^^^^^^
NameError: name 'is_image_processed' is not defined
",/Volumes/TVault2/datasets/sugvu24/extracted_frames/case_011/extraction_results.csv,13.0,
2025-04-05 15:55:06,ROW_PROCESSING_ERROR,Error processing row 14 in file /Volumes/TVault2/datasets/sugvu24/extracted_frames/case_011/extraction_results.csv: name 'is_image_processed' is not defined,"Traceback (most recent call last):
  File ""/var/folders/1j/2k5xpt896fdb5rnbdm6nktnr0000gn/T/ipykernel_14640/3110420929.py"", line 61, in <module>
    if is_image_processed(img_path):
       ^^^^^^^^^^^^^^^^^^
NameError: name 'is_image_processed' is not defined
",/Volumes/TVault2/datasets/sugvu24/extracted_frames/case_011/extraction_results.csv,14.0,
2025-04-05 15:55:06,ROW_PROCESSING_ERROR,Error processing row 15 in file /Volumes/TVault2/datasets/sugvu24/extracted_frames/case_011/extraction_results.csv: name 'is_image_processed' is not defined,"Traceback (most recent call last):
  File ""/var/folders/1j/2k5xpt896fdb5rnbdm6nktnr0000gn/T/ipykernel_14640/3110420929.py"", line 61, in <module>
    if is_image_processed(img_path):
       ^^^^^^^^^^^^^^^^^^
NameError: name 'is_image_processed' is not defined
",/Volumes/TVault2/datasets/sugvu24/extracted_frames/case_011/extraction_results.csv,15.0,
2025-04-05 15:55:06,ROW_PROCESSING_ERROR,Error processing row 16 in file /Volumes/TVault2/datasets/sugvu24/extracted_frames/case_011/extraction_results.csv: name 'is_image_processed' is not defined,"Traceback (most recent call last):
  File ""/var/folders/1j/2k5xpt896fdb5rnbdm6nktnr0000gn/T/ipykernel_14640/3110420929.py"", line 61, in <module>
    if is_image_processed(img_path):
       ^^^^^^^^^^^^^^^^^^
NameError: name 'is_image_processed' is not defined
",/Volumes/TVault2/datasets/sugvu24/extracted_frames/case_011/extraction_results.csv,16.0,
2025-04-05 15:55:06,ROW_PROCESSING_ERROR,Error processing row 17 in file /Volumes/TVault2/datasets/sugvu24/extracted_frames/case_011/extraction_results.csv: name 'is_image_processed' is not defined,"Traceback (most recent call last):
  File ""/var/folders/1j/2k5xpt896fdb5rnbdm6nktnr0000gn/T/ipykernel_14640/3110420929.py"", line 61, in <module>
    if is_image_processed(img_path):
       ^^^^^^^^^^^^^^^^^^
NameError: name 'is_image_processed' is not defined
",/Volumes/TVault2/datasets/sugvu24/extracted_frames/case_011/extraction_results.csv,17.0,
2025-04-05 15:55:06,ROW_PROCESSING_ERROR,Error processing row 18 in file /Volumes/TVault2/datasets/sugvu24/extracted_frames/case_011/extraction_results.csv: name 'is_image_processed' is not defined,"Traceback (most recent call last):
  File ""/var/folders/1j/2k5xpt896fdb5rnbdm6nktnr0000gn/T/ipykernel_14640/3110420929.py"", line 61, in <module>
    if is_image_processed(img_path):
       ^^^^^^^^^^^^^^^^^^
NameError: name 'is_image_processed' is not defined
",/Volumes/TVault2/datasets/sugvu24/extracted_frames/case_011/extraction_results.csv,18.0,
2025-04-05 15:55:06,ROW_PROCESSING_ERROR,Error processing row 19 in file /Volumes/TVault2/datasets/sugvu24/extracted_frames/case_011/extraction_results.csv: name 'is_image_processed' is not defined,"Traceback (most recent call last):
  File ""/var/folders/1j/2k5xpt896fdb5rnbdm6nktnr0000gn/T/ipykernel_14640/3110420929.py"", line 61, in <module>
    if is_image_processed(img_path):
       ^^^^^^^^^^^^^^^^^^
NameError: name 'is_image_processed' is not defined
",/Volumes/TVault2/datasets/sugvu24/extracted_frames/case_011/extraction_results.csv,19.0,
2025-04-05 15:55:06,ROW_PROCESSING_ERROR,Error processing row 20 in file /Volumes/TVault2/datasets/sugvu24/extracted_frames/case_011/extraction_results.csv: name 'is_image_processed' is not defined,"Traceback (most recent call last):
  File ""/var/folders/1j/2k5xpt896fdb5rnbdm6nktnr0000gn/T/ipykernel_14640/3110420929.py"", line 61, in <module>
    if is_image_processed(img_path):
       ^^^^^^^^^^^^^^^^^^
NameError: name 'is_image_processed' is not defined
",/Volumes/TVault2/datasets/sugvu24/extracted_frames/case_011/extraction_results.csv,20.0,
2025-04-05 15:55:06,ROW_PROCESSING_ERROR,Error processing row 21 in file /Volumes/TVault2/datasets/sugvu24/extracted_frames/case_011/extraction_results.csv: name 'is_image_processed' is not defined,"Traceback (most recent call last):
  File ""/var/folders/1j/2k5xpt896fdb5rnbdm6nktnr0000gn/T/ipykernel_14640/3110420929.py"", line 61, in <module>
    if is_image_processed(img_path):
       ^^^^^^^^^^^^^^^^^^
NameError: name 'is_image_processed' is not defined
",/Volumes/TVault2/datasets/sugvu24/extracted_frames/case_011/extraction_results.csv,21.0,
2025-04-05 15:55:06,ROW_PROCESSING_ERROR,"Error processing row 22 in file /Volumes/TVault2/datasets/sugvu24/extracted_frames/case_011/extraction_results.csv: join() argument must be str, bytes, or os.PathLike object, not 'float'","Traceback (most recent call last):
  File ""/var/folders/1j/2k5xpt896fdb5rnbdm6nktnr0000gn/T/ipykernel_14640/3110420929.py"", line 58, in <module>
    img_path = os.path.join(root, frame_file)
               ^^^^^^^^^^^^^^^^^^^^^^^^^^^^^^
  File ""<frozen posixpath>"", line 90, in join
  File ""<frozen genericpath>"", line 164, in _check_arg_types
TypeError: join() argument must be str, bytes, or os.PathLike object, not 'float'
",/Volumes/TVault2/datasets/sugvu24/extracted_frames/case_011/extraction_results.csv,22.0,
2025-04-05 15:55:06,ROW_PROCESSING_ERROR,Error processing row 23 in file /Volumes/TVault2/datasets/sugvu24/extracted_frames/case_011/extraction_results.csv: name 'is_image_processed' is not defined,"Traceback (most recent call last):
  File ""/var/folders/1j/2k5xpt896fdb5rnbdm6nktnr0000gn/T/ipykernel_14640/3110420929.py"", line 61, in <module>
    if is_image_processed(img_path):
       ^^^^^^^^^^^^^^^^^^
NameError: name 'is_image_processed' is not defined
",/Volumes/TVault2/datasets/sugvu24/extracted_frames/case_011/extraction_results.csv,23.0,
2025-04-05 15:55:06,ROW_PROCESSING_ERROR,Error processing row 24 in file /Volumes/TVault2/datasets/sugvu24/extracted_frames/case_011/extraction_results.csv: name 'is_image_processed' is not defined,"Traceback (most recent call last):
  File ""/var/folders/1j/2k5xpt896fdb5rnbdm6nktnr0000gn/T/ipykernel_14640/3110420929.py"", line 61, in <module>
    if is_image_processed(img_path):
       ^^^^^^^^^^^^^^^^^^
NameError: name 'is_image_processed' is not defined
",/Volumes/TVault2/datasets/sugvu24/extracted_frames/case_011/extraction_results.csv,24.0,
2025-04-05 15:55:06,ROW_PROCESSING_ERROR,Error processing row 25 in file /Volumes/TVault2/datasets/sugvu24/extracted_frames/case_011/extraction_results.csv: name 'is_image_processed' is not defined,"Traceback (most recent call last):
  File ""/var/folders/1j/2k5xpt896fdb5rnbdm6nktnr0000gn/T/ipykernel_14640/3110420929.py"", line 61, in <module>
    if is_image_processed(img_path):
       ^^^^^^^^^^^^^^^^^^
NameError: name 'is_image_processed' is not defined
",/Volumes/TVault2/datasets/sugvu24/extracted_frames/case_011/extraction_results.csv,25.0,
2025-04-05 15:55:06,ROW_PROCESSING_ERROR,Error processing row 26 in file /Volumes/TVault2/datasets/sugvu24/extracted_frames/case_011/extraction_results.csv: name 'is_image_processed' is not defined,"Traceback (most recent call last):
  File ""/var/folders/1j/2k5xpt896fdb5rnbdm6nktnr0000gn/T/ipykernel_14640/3110420929.py"", line 61, in <module>
    if is_image_processed(img_path):
       ^^^^^^^^^^^^^^^^^^
NameError: name 'is_image_processed' is not defined
",/Volumes/TVault2/datasets/sugvu24/extracted_frames/case_011/extraction_results.csv,26.0,
2025-04-05 15:55:06,ROW_PROCESSING_ERROR,Error processing row 27 in file /Volumes/TVault2/datasets/sugvu24/extracted_frames/case_011/extraction_results.csv: name 'is_image_processed' is not defined,"Traceback (most recent call last):
  File ""/var/folders/1j/2k5xpt896fdb5rnbdm6nktnr0000gn/T/ipykernel_14640/3110420929.py"", line 61, in <module>
    if is_image_processed(img_path):
       ^^^^^^^^^^^^^^^^^^
NameError: name 'is_image_processed' is not defined
",/Volumes/TVault2/datasets/sugvu24/extracted_frames/case_011/extraction_results.csv,27.0,
2025-04-05 15:55:06,ROW_PROCESSING_ERROR,Error processing row 28 in file /Volumes/TVault2/datasets/sugvu24/extracted_frames/case_011/extraction_results.csv: name 'is_image_processed' is not defined,"Traceback (most recent call last):
  File ""/var/folders/1j/2k5xpt896fdb5rnbdm6nktnr0000gn/T/ipykernel_14640/3110420929.py"", line 61, in <module>
    if is_image_processed(img_path):
       ^^^^^^^^^^^^^^^^^^
NameError: name 'is_image_processed' is not defined
",/Volumes/TVault2/datasets/sugvu24/extracted_frames/case_011/extraction_results.csv,28.0,
2025-04-05 15:55:06,ROW_PROCESSING_ERROR,Error processing row 29 in file /Volumes/TVault2/datasets/sugvu24/extracted_frames/case_011/extraction_results.csv: name 'is_image_processed' is not defined,"Traceback (most recent call last):
  File ""/var/folders/1j/2k5xpt896fdb5rnbdm6nktnr0000gn/T/ipykernel_14640/3110420929.py"", line 61, in <module>
    if is_image_processed(img_path):
       ^^^^^^^^^^^^^^^^^^
NameError: name 'is_image_processed' is not defined
",/Volumes/TVault2/datasets/sugvu24/extracted_frames/case_011/extraction_results.csv,29.0,
2025-04-05 15:55:06,ROW_PROCESSING_ERROR,Error processing row 30 in file /Volumes/TVault2/datasets/sugvu24/extracted_frames/case_011/extraction_results.csv: name 'is_image_processed' is not defined,"Traceback (most recent call last):
  File ""/var/folders/1j/2k5xpt896fdb5rnbdm6nktnr0000gn/T/ipykernel_14640/3110420929.py"", line 61, in <module>
    if is_image_processed(img_path):
       ^^^^^^^^^^^^^^^^^^
NameError: name 'is_image_processed' is not defined
",/Volumes/TVault2/datasets/sugvu24/extracted_frames/case_011/extraction_results.csv,30.0,
2025-04-05 15:55:06,ROW_PROCESSING_ERROR,Error processing row 31 in file /Volumes/TVault2/datasets/sugvu24/extracted_frames/case_011/extraction_results.csv: name 'is_image_processed' is not defined,"Traceback (most recent call last):
  File ""/var/folders/1j/2k5xpt896fdb5rnbdm6nktnr0000gn/T/ipykernel_14640/3110420929.py"", line 61, in <module>
    if is_image_processed(img_path):
       ^^^^^^^^^^^^^^^^^^
NameError: name 'is_image_processed' is not defined
",/Volumes/TVault2/datasets/sugvu24/extracted_frames/case_011/extraction_results.csv,31.0,
2025-04-05 15:55:06,ROW_PROCESSING_ERROR,Error processing row 32 in file /Volumes/TVault2/datasets/sugvu24/extracted_frames/case_011/extraction_results.csv: name 'is_image_processed' is not defined,"Traceback (most recent call last):
  File ""/var/folders/1j/2k5xpt896fdb5rnbdm6nktnr0000gn/T/ipykernel_14640/3110420929.py"", line 61, in <module>
    if is_image_processed(img_path):
       ^^^^^^^^^^^^^^^^^^
NameError: name 'is_image_processed' is not defined
",/Volumes/TVault2/datasets/sugvu24/extracted_frames/case_011/extraction_results.csv,32.0,
2025-04-05 15:55:06,ROW_PROCESSING_ERROR,Error processing row 33 in file /Volumes/TVault2/datasets/sugvu24/extracted_frames/case_011/extraction_results.csv: name 'is_image_processed' is not defined,"Traceback (most recent call last):
  File ""/var/folders/1j/2k5xpt896fdb5rnbdm6nktnr0000gn/T/ipykernel_14640/3110420929.py"", line 61, in <module>
    if is_image_processed(img_path):
       ^^^^^^^^^^^^^^^^^^
NameError: name 'is_image_processed' is not defined
",/Volumes/TVault2/datasets/sugvu24/extracted_frames/case_011/extraction_results.csv,33.0,
2025-04-05 15:55:06,ROW_PROCESSING_ERROR,Error processing row 34 in file /Volumes/TVault2/datasets/sugvu24/extracted_frames/case_011/extraction_results.csv: name 'is_image_processed' is not defined,"Traceback (most recent call last):
  File ""/var/folders/1j/2k5xpt896fdb5rnbdm6nktnr0000gn/T/ipykernel_14640/3110420929.py"", line 61, in <module>
    if is_image_processed(img_path):
       ^^^^^^^^^^^^^^^^^^
NameError: name 'is_image_processed' is not defined
",/Volumes/TVault2/datasets/sugvu24/extracted_frames/case_011/extraction_results.csv,34.0,
2025-04-05 15:55:06,ROW_PROCESSING_ERROR,Error processing row 35 in file /Volumes/TVault2/datasets/sugvu24/extracted_frames/case_011/extraction_results.csv: name 'is_image_processed' is not defined,"Traceback (most recent call last):
  File ""/var/folders/1j/2k5xpt896fdb5rnbdm6nktnr0000gn/T/ipykernel_14640/3110420929.py"", line 61, in <module>
    if is_image_processed(img_path):
       ^^^^^^^^^^^^^^^^^^
NameError: name 'is_image_processed' is not defined
",/Volumes/TVault2/datasets/sugvu24/extracted_frames/case_011/extraction_results.csv,35.0,
2025-04-05 15:55:06,ROW_PROCESSING_ERROR,Error processing row 36 in file /Volumes/TVault2/datasets/sugvu24/extracted_frames/case_011/extraction_results.csv: name 'is_image_processed' is not defined,"Traceback (most recent call last):
  File ""/var/folders/1j/2k5xpt896fdb5rnbdm6nktnr0000gn/T/ipykernel_14640/3110420929.py"", line 61, in <module>
    if is_image_processed(img_path):
       ^^^^^^^^^^^^^^^^^^
NameError: name 'is_image_processed' is not defined
",/Volumes/TVault2/datasets/sugvu24/extracted_frames/case_011/extraction_results.csv,36.0,
2025-04-05 15:55:06,ROW_PROCESSING_ERROR,Error processing row 37 in file /Volumes/TVault2/datasets/sugvu24/extracted_frames/case_011/extraction_results.csv: name 'is_image_processed' is not defined,"Traceback (most recent call last):
  File ""/var/folders/1j/2k5xpt896fdb5rnbdm6nktnr0000gn/T/ipykernel_14640/3110420929.py"", line 61, in <module>
    if is_image_processed(img_path):
       ^^^^^^^^^^^^^^^^^^
NameError: name 'is_image_processed' is not defined
",/Volumes/TVault2/datasets/sugvu24/extracted_frames/case_011/extraction_results.csv,37.0,
2025-04-05 15:55:06,ROW_PROCESSING_ERROR,Error processing row 38 in file /Volumes/TVault2/datasets/sugvu24/extracted_frames/case_011/extraction_results.csv: name 'is_image_processed' is not defined,"Traceback (most recent call last):
  File ""/var/folders/1j/2k5xpt896fdb5rnbdm6nktnr0000gn/T/ipykernel_14640/3110420929.py"", line 61, in <module>
    if is_image_processed(img_path):
       ^^^^^^^^^^^^^^^^^^
NameError: name 'is_image_processed' is not defined
",/Volumes/TVault2/datasets/sugvu24/extracted_frames/case_011/extraction_results.csv,38.0,
2025-04-05 15:55:06,ROW_PROCESSING_ERROR,Error processing row 39 in file /Volumes/TVault2/datasets/sugvu24/extracted_frames/case_011/extraction_results.csv: name 'is_image_processed' is not defined,"Traceback (most recent call last):
  File ""/var/folders/1j/2k5xpt896fdb5rnbdm6nktnr0000gn/T/ipykernel_14640/3110420929.py"", line 61, in <module>
    if is_image_processed(img_path):
       ^^^^^^^^^^^^^^^^^^
NameError: name 'is_image_processed' is not defined
",/Volumes/TVault2/datasets/sugvu24/extracted_frames/case_011/extraction_results.csv,39.0,
2025-04-05 15:55:06,ROW_PROCESSING_ERROR,"Error processing row 40 in file /Volumes/TVault2/datasets/sugvu24/extracted_frames/case_011/extraction_results.csv: join() argument must be str, bytes, or os.PathLike object, not 'float'","Traceback (most recent call last):
  File ""/var/folders/1j/2k5xpt896fdb5rnbdm6nktnr0000gn/T/ipykernel_14640/3110420929.py"", line 58, in <module>
    img_path = os.path.join(root, frame_file)
               ^^^^^^^^^^^^^^^^^^^^^^^^^^^^^^
  File ""<frozen posixpath>"", line 90, in join
  File ""<frozen genericpath>"", line 164, in _check_arg_types
TypeError: join() argument must be str, bytes, or os.PathLike object, not 'float'
",/Volumes/TVault2/datasets/sugvu24/extracted_frames/case_011/extraction_results.csv,40.0,
2025-04-05 15:55:06,ROW_PROCESSING_ERROR,"Error processing row 41 in file /Volumes/TVault2/datasets/sugvu24/extracted_frames/case_011/extraction_results.csv: join() argument must be str, bytes, or os.PathLike object, not 'float'","Traceback (most recent call last):
  File ""/var/folders/1j/2k5xpt896fdb5rnbdm6nktnr0000gn/T/ipykernel_14640/3110420929.py"", line 58, in <module>
    img_path = os.path.join(root, frame_file)
               ^^^^^^^^^^^^^^^^^^^^^^^^^^^^^^
  File ""<frozen posixpath>"", line 90, in join
  File ""<frozen genericpath>"", line 164, in _check_arg_types
TypeError: join() argument must be str, bytes, or os.PathLike object, not 'float'
",/Volumes/TVault2/datasets/sugvu24/extracted_frames/case_011/extraction_results.csv,41.0,
2025-04-05 15:55:06,ROW_PROCESSING_ERROR,"Error processing row 42 in file /Volumes/TVault2/datasets/sugvu24/extracted_frames/case_011/extraction_results.csv: join() argument must be str, bytes, or os.PathLike object, not 'float'","Traceback (most recent call last):
  File ""/var/folders/1j/2k5xpt896fdb5rnbdm6nktnr0000gn/T/ipykernel_14640/3110420929.py"", line 58, in <module>
    img_path = os.path.join(root, frame_file)
               ^^^^^^^^^^^^^^^^^^^^^^^^^^^^^^
  File ""<frozen posixpath>"", line 90, in join
  File ""<frozen genericpath>"", line 164, in _check_arg_types
TypeError: join() argument must be str, bytes, or os.PathLike object, not 'float'
",/Volumes/TVault2/datasets/sugvu24/extracted_frames/case_011/extraction_results.csv,42.0,
2025-04-05 15:55:06,ROW_PROCESSING_ERROR,"Error processing row 43 in file /Volumes/TVault2/datasets/sugvu24/extracted_frames/case_011/extraction_results.csv: join() argument must be str, bytes, or os.PathLike object, not 'float'","Traceback (most recent call last):
  File ""/var/folders/1j/2k5xpt896fdb5rnbdm6nktnr0000gn/T/ipykernel_14640/3110420929.py"", line 58, in <module>
    img_path = os.path.join(root, frame_file)
               ^^^^^^^^^^^^^^^^^^^^^^^^^^^^^^
  File ""<frozen posixpath>"", line 90, in join
  File ""<frozen genericpath>"", line 164, in _check_arg_types
TypeError: join() argument must be str, bytes, or os.PathLike object, not 'float'
",/Volumes/TVault2/datasets/sugvu24/extracted_frames/case_011/extraction_results.csv,43.0,
2025-04-05 15:55:06,ROW_PROCESSING_ERROR,"Error processing row 44 in file /Volumes/TVault2/datasets/sugvu24/extracted_frames/case_011/extraction_results.csv: join() argument must be str, bytes, or os.PathLike object, not 'float'","Traceback (most recent call last):
  File ""/var/folders/1j/2k5xpt896fdb5rnbdm6nktnr0000gn/T/ipykernel_14640/3110420929.py"", line 58, in <module>
    img_path = os.path.join(root, frame_file)
               ^^^^^^^^^^^^^^^^^^^^^^^^^^^^^^
  File ""<frozen posixpath>"", line 90, in join
  File ""<frozen genericpath>"", line 164, in _check_arg_types
TypeError: join() argument must be str, bytes, or os.PathLike object, not 'float'
",/Volumes/TVault2/datasets/sugvu24/extracted_frames/case_011/extraction_results.csv,44.0,
2025-04-05 15:55:06,ROW_PROCESSING_ERROR,Error processing row 45 in file /Volumes/TVault2/datasets/sugvu24/extracted_frames/case_011/extraction_results.csv: name 'is_image_processed' is not defined,"Traceback (most recent call last):
  File ""/var/folders/1j/2k5xpt896fdb5rnbdm6nktnr0000gn/T/ipykernel_14640/3110420929.py"", line 61, in <module>
    if is_image_processed(img_path):
       ^^^^^^^^^^^^^^^^^^
NameError: name 'is_image_processed' is not defined
",/Volumes/TVault2/datasets/sugvu24/extracted_frames/case_011/extraction_results.csv,45.0,
2025-04-05 15:55:06,ROW_PROCESSING_ERROR,Error processing row 46 in file /Volumes/TVault2/datasets/sugvu24/extracted_frames/case_011/extraction_results.csv: name 'is_image_processed' is not defined,"Traceback (most recent call last):
  File ""/var/folders/1j/2k5xpt896fdb5rnbdm6nktnr0000gn/T/ipykernel_14640/3110420929.py"", line 61, in <module>
    if is_image_processed(img_path):
       ^^^^^^^^^^^^^^^^^^
NameError: name 'is_image_processed' is not defined
",/Volumes/TVault2/datasets/sugvu24/extracted_frames/case_011/extraction_results.csv,46.0,
2025-04-05 15:55:06,ROW_PROCESSING_ERROR,Error processing row 47 in file /Volumes/TVault2/datasets/sugvu24/extracted_frames/case_011/extraction_results.csv: name 'is_image_processed' is not defined,"Traceback (most recent call last):
  File ""/var/folders/1j/2k5xpt896fdb5rnbdm6nktnr0000gn/T/ipykernel_14640/3110420929.py"", line 61, in <module>
    if is_image_processed(img_path):
       ^^^^^^^^^^^^^^^^^^
NameError: name 'is_image_processed' is not defined
",/Volumes/TVault2/datasets/sugvu24/extracted_frames/case_011/extraction_results.csv,47.0,
2025-04-05 15:55:06,ROW_PROCESSING_ERROR,Error processing row 48 in file /Volumes/TVault2/datasets/sugvu24/extracted_frames/case_011/extraction_results.csv: name 'is_image_processed' is not defined,"Traceback (most recent call last):
  File ""/var/folders/1j/2k5xpt896fdb5rnbdm6nktnr0000gn/T/ipykernel_14640/3110420929.py"", line 61, in <module>
    if is_image_processed(img_path):
       ^^^^^^^^^^^^^^^^^^
NameError: name 'is_image_processed' is not defined
",/Volumes/TVault2/datasets/sugvu24/extracted_frames/case_011/extraction_results.csv,48.0,
2025-04-05 15:55:06,ROW_PROCESSING_ERROR,Error processing row 49 in file /Volumes/TVault2/datasets/sugvu24/extracted_frames/case_011/extraction_results.csv: name 'is_image_processed' is not defined,"Traceback (most recent call last):
  File ""/var/folders/1j/2k5xpt896fdb5rnbdm6nktnr0000gn/T/ipykernel_14640/3110420929.py"", line 61, in <module>
    if is_image_processed(img_path):
       ^^^^^^^^^^^^^^^^^^
NameError: name 'is_image_processed' is not defined
",/Volumes/TVault2/datasets/sugvu24/extracted_frames/case_011/extraction_results.csv,49.0,
2025-04-05 15:55:06,ROW_PROCESSING_ERROR,Error processing row 50 in file /Volumes/TVault2/datasets/sugvu24/extracted_frames/case_011/extraction_results.csv: name 'is_image_processed' is not defined,"Traceback (most recent call last):
  File ""/var/folders/1j/2k5xpt896fdb5rnbdm6nktnr0000gn/T/ipykernel_14640/3110420929.py"", line 61, in <module>
    if is_image_processed(img_path):
       ^^^^^^^^^^^^^^^^^^
NameError: name 'is_image_processed' is not defined
",/Volumes/TVault2/datasets/sugvu24/extracted_frames/case_011/extraction_results.csv,50.0,
2025-04-05 15:55:06,ROW_PROCESSING_ERROR,"Error processing row 51 in file /Volumes/TVault2/datasets/sugvu24/extracted_frames/case_011/extraction_results.csv: join() argument must be str, bytes, or os.PathLike object, not 'float'","Traceback (most recent call last):
  File ""/var/folders/1j/2k5xpt896fdb5rnbdm6nktnr0000gn/T/ipykernel_14640/3110420929.py"", line 58, in <module>
    img_path = os.path.join(root, frame_file)
               ^^^^^^^^^^^^^^^^^^^^^^^^^^^^^^
  File ""<frozen posixpath>"", line 90, in join
  File ""<frozen genericpath>"", line 164, in _check_arg_types
TypeError: join() argument must be str, bytes, or os.PathLike object, not 'float'
",/Volumes/TVault2/datasets/sugvu24/extracted_frames/case_011/extraction_results.csv,51.0,
2025-04-05 15:55:06,ROW_PROCESSING_ERROR,"Error processing row 52 in file /Volumes/TVault2/datasets/sugvu24/extracted_frames/case_011/extraction_results.csv: join() argument must be str, bytes, or os.PathLike object, not 'float'","Traceback (most recent call last):
  File ""/var/folders/1j/2k5xpt896fdb5rnbdm6nktnr0000gn/T/ipykernel_14640/3110420929.py"", line 58, in <module>
    img_path = os.path.join(root, frame_file)
               ^^^^^^^^^^^^^^^^^^^^^^^^^^^^^^
  File ""<frozen posixpath>"", line 90, in join
  File ""<frozen genericpath>"", line 164, in _check_arg_types
TypeError: join() argument must be str, bytes, or os.PathLike object, not 'float'
",/Volumes/TVault2/datasets/sugvu24/extracted_frames/case_011/extraction_results.csv,52.0,
2025-04-05 15:55:06,ROW_PROCESSING_ERROR,Error processing row 53 in file /Volumes/TVault2/datasets/sugvu24/extracted_frames/case_011/extraction_results.csv: name 'is_image_processed' is not defined,"Traceback (most recent call last):
  File ""/var/folders/1j/2k5xpt896fdb5rnbdm6nktnr0000gn/T/ipykernel_14640/3110420929.py"", line 61, in <module>
    if is_image_processed(img_path):
       ^^^^^^^^^^^^^^^^^^
NameError: name 'is_image_processed' is not defined
",/Volumes/TVault2/datasets/sugvu24/extracted_frames/case_011/extraction_results.csv,53.0,
2025-04-05 15:55:06,ROW_PROCESSING_ERROR,Error processing row 54 in file /Volumes/TVault2/datasets/sugvu24/extracted_frames/case_011/extraction_results.csv: name 'is_image_processed' is not defined,"Traceback (most recent call last):
  File ""/var/folders/1j/2k5xpt896fdb5rnbdm6nktnr0000gn/T/ipykernel_14640/3110420929.py"", line 61, in <module>
    if is_image_processed(img_path):
       ^^^^^^^^^^^^^^^^^^
NameError: name 'is_image_processed' is not defined
",/Volumes/TVault2/datasets/sugvu24/extracted_frames/case_011/extraction_results.csv,54.0,
2025-04-05 15:55:06,ROW_PROCESSING_ERROR,"Error processing row 55 in file /Volumes/TVault2/datasets/sugvu24/extracted_frames/case_011/extraction_results.csv: join() argument must be str, bytes, or os.PathLike object, not 'float'","Traceback (most recent call last):
  File ""/var/folders/1j/2k5xpt896fdb5rnbdm6nktnr0000gn/T/ipykernel_14640/3110420929.py"", line 58, in <module>
    img_path = os.path.join(root, frame_file)
               ^^^^^^^^^^^^^^^^^^^^^^^^^^^^^^
  File ""<frozen posixpath>"", line 90, in join
  File ""<frozen genericpath>"", line 164, in _check_arg_types
TypeError: join() argument must be str, bytes, or os.PathLike object, not 'float'
",/Volumes/TVault2/datasets/sugvu24/extracted_frames/case_011/extraction_results.csv,55.0,
2025-04-05 15:55:06,ROW_PROCESSING_ERROR,"Error processing row 56 in file /Volumes/TVault2/datasets/sugvu24/extracted_frames/case_011/extraction_results.csv: join() argument must be str, bytes, or os.PathLike object, not 'float'","Traceback (most recent call last):
  File ""/var/folders/1j/2k5xpt896fdb5rnbdm6nktnr0000gn/T/ipykernel_14640/3110420929.py"", line 58, in <module>
    img_path = os.path.join(root, frame_file)
               ^^^^^^^^^^^^^^^^^^^^^^^^^^^^^^
  File ""<frozen posixpath>"", line 90, in join
  File ""<frozen genericpath>"", line 164, in _check_arg_types
TypeError: join() argument must be str, bytes, or os.PathLike object, not 'float'
",/Volumes/TVault2/datasets/sugvu24/extracted_frames/case_011/extraction_results.csv,56.0,
2025-04-05 15:55:06,ROW_PROCESSING_ERROR,Error processing row 57 in file /Volumes/TVault2/datasets/sugvu24/extracted_frames/case_011/extraction_results.csv: name 'is_image_processed' is not defined,"Traceback (most recent call last):
  File ""/var/folders/1j/2k5xpt896fdb5rnbdm6nktnr0000gn/T/ipykernel_14640/3110420929.py"", line 61, in <module>
    if is_image_processed(img_path):
       ^^^^^^^^^^^^^^^^^^
NameError: name 'is_image_processed' is not defined
",/Volumes/TVault2/datasets/sugvu24/extracted_frames/case_011/extraction_results.csv,57.0,
2025-04-05 15:55:06,ROW_PROCESSING_ERROR,Error processing row 58 in file /Volumes/TVault2/datasets/sugvu24/extracted_frames/case_011/extraction_results.csv: name 'is_image_processed' is not defined,"Traceback (most recent call last):
  File ""/var/folders/1j/2k5xpt896fdb5rnbdm6nktnr0000gn/T/ipykernel_14640/3110420929.py"", line 61, in <module>
    if is_image_processed(img_path):
       ^^^^^^^^^^^^^^^^^^
NameError: name 'is_image_processed' is not defined
",/Volumes/TVault2/datasets/sugvu24/extracted_frames/case_011/extraction_results.csv,58.0,
2025-04-05 15:55:06,ROW_PROCESSING_ERROR,"Error processing row 59 in file /Volumes/TVault2/datasets/sugvu24/extracted_frames/case_011/extraction_results.csv: join() argument must be str, bytes, or os.PathLike object, not 'float'","Traceback (most recent call last):
  File ""/var/folders/1j/2k5xpt896fdb5rnbdm6nktnr0000gn/T/ipykernel_14640/3110420929.py"", line 58, in <module>
    img_path = os.path.join(root, frame_file)
               ^^^^^^^^^^^^^^^^^^^^^^^^^^^^^^
  File ""<frozen posixpath>"", line 90, in join
  File ""<frozen genericpath>"", line 164, in _check_arg_types
TypeError: join() argument must be str, bytes, or os.PathLike object, not 'float'
",/Volumes/TVault2/datasets/sugvu24/extracted_frames/case_011/extraction_results.csv,59.0,
2025-04-05 15:55:06,ROW_PROCESSING_ERROR,"Error processing row 60 in file /Volumes/TVault2/datasets/sugvu24/extracted_frames/case_011/extraction_results.csv: join() argument must be str, bytes, or os.PathLike object, not 'float'","Traceback (most recent call last):
  File ""/var/folders/1j/2k5xpt896fdb5rnbdm6nktnr0000gn/T/ipykernel_14640/3110420929.py"", line 58, in <module>
    img_path = os.path.join(root, frame_file)
               ^^^^^^^^^^^^^^^^^^^^^^^^^^^^^^
  File ""<frozen posixpath>"", line 90, in join
  File ""<frozen genericpath>"", line 164, in _check_arg_types
TypeError: join() argument must be str, bytes, or os.PathLike object, not 'float'
",/Volumes/TVault2/datasets/sugvu24/extracted_frames/case_011/extraction_results.csv,60.0,
2025-04-05 15:55:06,ROW_PROCESSING_ERROR,"Error processing row 61 in file /Volumes/TVault2/datasets/sugvu24/extracted_frames/case_011/extraction_results.csv: join() argument must be str, bytes, or os.PathLike object, not 'float'","Traceback (most recent call last):
  File ""/var/folders/1j/2k5xpt896fdb5rnbdm6nktnr0000gn/T/ipykernel_14640/3110420929.py"", line 58, in <module>
    img_path = os.path.join(root, frame_file)
               ^^^^^^^^^^^^^^^^^^^^^^^^^^^^^^
  File ""<frozen posixpath>"", line 90, in join
  File ""<frozen genericpath>"", line 164, in _check_arg_types
TypeError: join() argument must be str, bytes, or os.PathLike object, not 'float'
",/Volumes/TVault2/datasets/sugvu24/extracted_frames/case_011/extraction_results.csv,61.0,
2025-04-05 15:55:06,ROW_PROCESSING_ERROR,"Error processing row 62 in file /Volumes/TVault2/datasets/sugvu24/extracted_frames/case_011/extraction_results.csv: join() argument must be str, bytes, or os.PathLike object, not 'float'","Traceback (most recent call last):
  File ""/var/folders/1j/2k5xpt896fdb5rnbdm6nktnr0000gn/T/ipykernel_14640/3110420929.py"", line 58, in <module>
    img_path = os.path.join(root, frame_file)
               ^^^^^^^^^^^^^^^^^^^^^^^^^^^^^^
  File ""<frozen posixpath>"", line 90, in join
  File ""<frozen genericpath>"", line 164, in _check_arg_types
TypeError: join() argument must be str, bytes, or os.PathLike object, not 'float'
",/Volumes/TVault2/datasets/sugvu24/extracted_frames/case_011/extraction_results.csv,62.0,
2025-04-05 15:55:06,ROW_PROCESSING_ERROR,"Error processing row 63 in file /Volumes/TVault2/datasets/sugvu24/extracted_frames/case_011/extraction_results.csv: join() argument must be str, bytes, or os.PathLike object, not 'float'","Traceback (most recent call last):
  File ""/var/folders/1j/2k5xpt896fdb5rnbdm6nktnr0000gn/T/ipykernel_14640/3110420929.py"", line 58, in <module>
    img_path = os.path.join(root, frame_file)
               ^^^^^^^^^^^^^^^^^^^^^^^^^^^^^^
  File ""<frozen posixpath>"", line 90, in join
  File ""<frozen genericpath>"", line 164, in _check_arg_types
TypeError: join() argument must be str, bytes, or os.PathLike object, not 'float'
",/Volumes/TVault2/datasets/sugvu24/extracted_frames/case_011/extraction_results.csv,63.0,
2025-04-05 15:55:06,ROW_PROCESSING_ERROR,"Error processing row 64 in file /Volumes/TVault2/datasets/sugvu24/extracted_frames/case_011/extraction_results.csv: join() argument must be str, bytes, or os.PathLike object, not 'float'","Traceback (most recent call last):
  File ""/var/folders/1j/2k5xpt896fdb5rnbdm6nktnr0000gn/T/ipykernel_14640/3110420929.py"", line 58, in <module>
    img_path = os.path.join(root, frame_file)
               ^^^^^^^^^^^^^^^^^^^^^^^^^^^^^^
  File ""<frozen posixpath>"", line 90, in join
  File ""<frozen genericpath>"", line 164, in _check_arg_types
TypeError: join() argument must be str, bytes, or os.PathLike object, not 'float'
",/Volumes/TVault2/datasets/sugvu24/extracted_frames/case_011/extraction_results.csv,64.0,
2025-04-05 15:55:06,ROW_PROCESSING_ERROR,"Error processing row 65 in file /Volumes/TVault2/datasets/sugvu24/extracted_frames/case_011/extraction_results.csv: join() argument must be str, bytes, or os.PathLike object, not 'float'","Traceback (most recent call last):
  File ""/var/folders/1j/2k5xpt896fdb5rnbdm6nktnr0000gn/T/ipykernel_14640/3110420929.py"", line 58, in <module>
    img_path = os.path.join(root, frame_file)
               ^^^^^^^^^^^^^^^^^^^^^^^^^^^^^^
  File ""<frozen posixpath>"", line 90, in join
  File ""<frozen genericpath>"", line 164, in _check_arg_types
TypeError: join() argument must be str, bytes, or os.PathLike object, not 'float'
",/Volumes/TVault2/datasets/sugvu24/extracted_frames/case_011/extraction_results.csv,65.0,
2025-04-05 15:55:06,ROW_PROCESSING_ERROR,"Error processing row 66 in file /Volumes/TVault2/datasets/sugvu24/extracted_frames/case_011/extraction_results.csv: join() argument must be str, bytes, or os.PathLike object, not 'float'","Traceback (most recent call last):
  File ""/var/folders/1j/2k5xpt896fdb5rnbdm6nktnr0000gn/T/ipykernel_14640/3110420929.py"", line 58, in <module>
    img_path = os.path.join(root, frame_file)
               ^^^^^^^^^^^^^^^^^^^^^^^^^^^^^^
  File ""<frozen posixpath>"", line 90, in join
  File ""<frozen genericpath>"", line 164, in _check_arg_types
TypeError: join() argument must be str, bytes, or os.PathLike object, not 'float'
",/Volumes/TVault2/datasets/sugvu24/extracted_frames/case_011/extraction_results.csv,66.0,
2025-04-05 15:55:06,ROW_PROCESSING_ERROR,"Error processing row 67 in file /Volumes/TVault2/datasets/sugvu24/extracted_frames/case_011/extraction_results.csv: join() argument must be str, bytes, or os.PathLike object, not 'float'","Traceback (most recent call last):
  File ""/var/folders/1j/2k5xpt896fdb5rnbdm6nktnr0000gn/T/ipykernel_14640/3110420929.py"", line 58, in <module>
    img_path = os.path.join(root, frame_file)
               ^^^^^^^^^^^^^^^^^^^^^^^^^^^^^^
  File ""<frozen posixpath>"", line 90, in join
  File ""<frozen genericpath>"", line 164, in _check_arg_types
TypeError: join() argument must be str, bytes, or os.PathLike object, not 'float'
",/Volumes/TVault2/datasets/sugvu24/extracted_frames/case_011/extraction_results.csv,67.0,
2025-04-05 15:55:06,ROW_PROCESSING_ERROR,"Error processing row 68 in file /Volumes/TVault2/datasets/sugvu24/extracted_frames/case_011/extraction_results.csv: join() argument must be str, bytes, or os.PathLike object, not 'float'","Traceback (most recent call last):
  File ""/var/folders/1j/2k5xpt896fdb5rnbdm6nktnr0000gn/T/ipykernel_14640/3110420929.py"", line 58, in <module>
    img_path = os.path.join(root, frame_file)
               ^^^^^^^^^^^^^^^^^^^^^^^^^^^^^^
  File ""<frozen posixpath>"", line 90, in join
  File ""<frozen genericpath>"", line 164, in _check_arg_types
TypeError: join() argument must be str, bytes, or os.PathLike object, not 'float'
",/Volumes/TVault2/datasets/sugvu24/extracted_frames/case_011/extraction_results.csv,68.0,
2025-04-05 15:55:06,ROW_PROCESSING_ERROR,"Error processing row 69 in file /Volumes/TVault2/datasets/sugvu24/extracted_frames/case_011/extraction_results.csv: join() argument must be str, bytes, or os.PathLike object, not 'float'","Traceback (most recent call last):
  File ""/var/folders/1j/2k5xpt896fdb5rnbdm6nktnr0000gn/T/ipykernel_14640/3110420929.py"", line 58, in <module>
    img_path = os.path.join(root, frame_file)
               ^^^^^^^^^^^^^^^^^^^^^^^^^^^^^^
  File ""<frozen posixpath>"", line 90, in join
  File ""<frozen genericpath>"", line 164, in _check_arg_types
TypeError: join() argument must be str, bytes, or os.PathLike object, not 'float'
",/Volumes/TVault2/datasets/sugvu24/extracted_frames/case_011/extraction_results.csv,69.0,
2025-04-05 15:55:07,ROW_PROCESSING_ERROR,"Error processing row 70 in file /Volumes/TVault2/datasets/sugvu24/extracted_frames/case_011/extraction_results.csv: join() argument must be str, bytes, or os.PathLike object, not 'float'","Traceback (most recent call last):
  File ""/var/folders/1j/2k5xpt896fdb5rnbdm6nktnr0000gn/T/ipykernel_14640/3110420929.py"", line 58, in <module>
    img_path = os.path.join(root, frame_file)
               ^^^^^^^^^^^^^^^^^^^^^^^^^^^^^^
  File ""<frozen posixpath>"", line 90, in join
  File ""<frozen genericpath>"", line 164, in _check_arg_types
TypeError: join() argument must be str, bytes, or os.PathLike object, not 'float'
",/Volumes/TVault2/datasets/sugvu24/extracted_frames/case_011/extraction_results.csv,70.0,
2025-04-05 15:55:07,ROW_PROCESSING_ERROR,"Error processing row 71 in file /Volumes/TVault2/datasets/sugvu24/extracted_frames/case_011/extraction_results.csv: join() argument must be str, bytes, or os.PathLike object, not 'float'","Traceback (most recent call last):
  File ""/var/folders/1j/2k5xpt896fdb5rnbdm6nktnr0000gn/T/ipykernel_14640/3110420929.py"", line 58, in <module>
    img_path = os.path.join(root, frame_file)
               ^^^^^^^^^^^^^^^^^^^^^^^^^^^^^^
  File ""<frozen posixpath>"", line 90, in join
  File ""<frozen genericpath>"", line 164, in _check_arg_types
TypeError: join() argument must be str, bytes, or os.PathLike object, not 'float'
",/Volumes/TVault2/datasets/sugvu24/extracted_frames/case_011/extraction_results.csv,71.0,
2025-04-05 15:55:07,ROW_PROCESSING_ERROR,"Error processing row 72 in file /Volumes/TVault2/datasets/sugvu24/extracted_frames/case_011/extraction_results.csv: join() argument must be str, bytes, or os.PathLike object, not 'float'","Traceback (most recent call last):
  File ""/var/folders/1j/2k5xpt896fdb5rnbdm6nktnr0000gn/T/ipykernel_14640/3110420929.py"", line 58, in <module>
    img_path = os.path.join(root, frame_file)
               ^^^^^^^^^^^^^^^^^^^^^^^^^^^^^^
  File ""<frozen posixpath>"", line 90, in join
  File ""<frozen genericpath>"", line 164, in _check_arg_types
TypeError: join() argument must be str, bytes, or os.PathLike object, not 'float'
",/Volumes/TVault2/datasets/sugvu24/extracted_frames/case_011/extraction_results.csv,72.0,
2025-04-05 15:55:07,ROW_PROCESSING_ERROR,"Error processing row 73 in file /Volumes/TVault2/datasets/sugvu24/extracted_frames/case_011/extraction_results.csv: join() argument must be str, bytes, or os.PathLike object, not 'float'","Traceback (most recent call last):
  File ""/var/folders/1j/2k5xpt896fdb5rnbdm6nktnr0000gn/T/ipykernel_14640/3110420929.py"", line 58, in <module>
    img_path = os.path.join(root, frame_file)
               ^^^^^^^^^^^^^^^^^^^^^^^^^^^^^^
  File ""<frozen posixpath>"", line 90, in join
  File ""<frozen genericpath>"", line 164, in _check_arg_types
TypeError: join() argument must be str, bytes, or os.PathLike object, not 'float'
",/Volumes/TVault2/datasets/sugvu24/extracted_frames/case_011/extraction_results.csv,73.0,
2025-04-05 15:55:07,ROW_PROCESSING_ERROR,"Error processing row 74 in file /Volumes/TVault2/datasets/sugvu24/extracted_frames/case_011/extraction_results.csv: join() argument must be str, bytes, or os.PathLike object, not 'float'","Traceback (most recent call last):
  File ""/var/folders/1j/2k5xpt896fdb5rnbdm6nktnr0000gn/T/ipykernel_14640/3110420929.py"", line 58, in <module>
    img_path = os.path.join(root, frame_file)
               ^^^^^^^^^^^^^^^^^^^^^^^^^^^^^^
  File ""<frozen posixpath>"", line 90, in join
  File ""<frozen genericpath>"", line 164, in _check_arg_types
TypeError: join() argument must be str, bytes, or os.PathLike object, not 'float'
",/Volumes/TVault2/datasets/sugvu24/extracted_frames/case_011/extraction_results.csv,74.0,
2025-04-05 15:55:07,ROW_PROCESSING_ERROR,"Error processing row 75 in file /Volumes/TVault2/datasets/sugvu24/extracted_frames/case_011/extraction_results.csv: join() argument must be str, bytes, or os.PathLike object, not 'float'","Traceback (most recent call last):
  File ""/var/folders/1j/2k5xpt896fdb5rnbdm6nktnr0000gn/T/ipykernel_14640/3110420929.py"", line 58, in <module>
    img_path = os.path.join(root, frame_file)
               ^^^^^^^^^^^^^^^^^^^^^^^^^^^^^^
  File ""<frozen posixpath>"", line 90, in join
  File ""<frozen genericpath>"", line 164, in _check_arg_types
TypeError: join() argument must be str, bytes, or os.PathLike object, not 'float'
",/Volumes/TVault2/datasets/sugvu24/extracted_frames/case_011/extraction_results.csv,75.0,
2025-04-05 15:55:07,ROW_PROCESSING_ERROR,"Error processing row 76 in file /Volumes/TVault2/datasets/sugvu24/extracted_frames/case_011/extraction_results.csv: join() argument must be str, bytes, or os.PathLike object, not 'float'","Traceback (most recent call last):
  File ""/var/folders/1j/2k5xpt896fdb5rnbdm6nktnr0000gn/T/ipykernel_14640/3110420929.py"", line 58, in <module>
    img_path = os.path.join(root, frame_file)
               ^^^^^^^^^^^^^^^^^^^^^^^^^^^^^^
  File ""<frozen posixpath>"", line 90, in join
  File ""<frozen genericpath>"", line 164, in _check_arg_types
TypeError: join() argument must be str, bytes, or os.PathLike object, not 'float'
",/Volumes/TVault2/datasets/sugvu24/extracted_frames/case_011/extraction_results.csv,76.0,
2025-04-05 15:55:07,ROW_PROCESSING_ERROR,"Error processing row 77 in file /Volumes/TVault2/datasets/sugvu24/extracted_frames/case_011/extraction_results.csv: join() argument must be str, bytes, or os.PathLike object, not 'float'","Traceback (most recent call last):
  File ""/var/folders/1j/2k5xpt896fdb5rnbdm6nktnr0000gn/T/ipykernel_14640/3110420929.py"", line 58, in <module>
    img_path = os.path.join(root, frame_file)
               ^^^^^^^^^^^^^^^^^^^^^^^^^^^^^^
  File ""<frozen posixpath>"", line 90, in join
  File ""<frozen genericpath>"", line 164, in _check_arg_types
TypeError: join() argument must be str, bytes, or os.PathLike object, not 'float'
",/Volumes/TVault2/datasets/sugvu24/extracted_frames/case_011/extraction_results.csv,77.0,
2025-04-05 15:55:07,ROW_PROCESSING_ERROR,"Error processing row 78 in file /Volumes/TVault2/datasets/sugvu24/extracted_frames/case_011/extraction_results.csv: join() argument must be str, bytes, or os.PathLike object, not 'float'","Traceback (most recent call last):
  File ""/var/folders/1j/2k5xpt896fdb5rnbdm6nktnr0000gn/T/ipykernel_14640/3110420929.py"", line 58, in <module>
    img_path = os.path.join(root, frame_file)
               ^^^^^^^^^^^^^^^^^^^^^^^^^^^^^^
  File ""<frozen posixpath>"", line 90, in join
  File ""<frozen genericpath>"", line 164, in _check_arg_types
TypeError: join() argument must be str, bytes, or os.PathLike object, not 'float'
",/Volumes/TVault2/datasets/sugvu24/extracted_frames/case_011/extraction_results.csv,78.0,
2025-04-05 15:55:07,ROW_PROCESSING_ERROR,"Error processing row 79 in file /Volumes/TVault2/datasets/sugvu24/extracted_frames/case_011/extraction_results.csv: join() argument must be str, bytes, or os.PathLike object, not 'float'","Traceback (most recent call last):
  File ""/var/folders/1j/2k5xpt896fdb5rnbdm6nktnr0000gn/T/ipykernel_14640/3110420929.py"", line 58, in <module>
    img_path = os.path.join(root, frame_file)
               ^^^^^^^^^^^^^^^^^^^^^^^^^^^^^^
  File ""<frozen posixpath>"", line 90, in join
  File ""<frozen genericpath>"", line 164, in _check_arg_types
TypeError: join() argument must be str, bytes, or os.PathLike object, not 'float'
",/Volumes/TVault2/datasets/sugvu24/extracted_frames/case_011/extraction_results.csv,79.0,
2025-04-05 15:55:07,ROW_PROCESSING_ERROR,"Error processing row 80 in file /Volumes/TVault2/datasets/sugvu24/extracted_frames/case_011/extraction_results.csv: join() argument must be str, bytes, or os.PathLike object, not 'float'","Traceback (most recent call last):
  File ""/var/folders/1j/2k5xpt896fdb5rnbdm6nktnr0000gn/T/ipykernel_14640/3110420929.py"", line 58, in <module>
    img_path = os.path.join(root, frame_file)
               ^^^^^^^^^^^^^^^^^^^^^^^^^^^^^^
  File ""<frozen posixpath>"", line 90, in join
  File ""<frozen genericpath>"", line 164, in _check_arg_types
TypeError: join() argument must be str, bytes, or os.PathLike object, not 'float'
",/Volumes/TVault2/datasets/sugvu24/extracted_frames/case_011/extraction_results.csv,80.0,
2025-04-05 15:55:07,ROW_PROCESSING_ERROR,Error processing row 81 in file /Volumes/TVault2/datasets/sugvu24/extracted_frames/case_011/extraction_results.csv: name 'is_image_processed' is not defined,"Traceback (most recent call last):
  File ""/var/folders/1j/2k5xpt896fdb5rnbdm6nktnr0000gn/T/ipykernel_14640/3110420929.py"", line 61, in <module>
    if is_image_processed(img_path):
       ^^^^^^^^^^^^^^^^^^
NameError: name 'is_image_processed' is not defined
",/Volumes/TVault2/datasets/sugvu24/extracted_frames/case_011/extraction_results.csv,81.0,
2025-04-05 15:55:07,ROW_PROCESSING_ERROR,Error processing row 82 in file /Volumes/TVault2/datasets/sugvu24/extracted_frames/case_011/extraction_results.csv: name 'is_image_processed' is not defined,"Traceback (most recent call last):
  File ""/var/folders/1j/2k5xpt896fdb5rnbdm6nktnr0000gn/T/ipykernel_14640/3110420929.py"", line 61, in <module>
    if is_image_processed(img_path):
       ^^^^^^^^^^^^^^^^^^
NameError: name 'is_image_processed' is not defined
",/Volumes/TVault2/datasets/sugvu24/extracted_frames/case_011/extraction_results.csv,82.0,
2025-04-05 15:55:07,ROW_PROCESSING_ERROR,Error processing row 83 in file /Volumes/TVault2/datasets/sugvu24/extracted_frames/case_011/extraction_results.csv: name 'is_image_processed' is not defined,"Traceback (most recent call last):
  File ""/var/folders/1j/2k5xpt896fdb5rnbdm6nktnr0000gn/T/ipykernel_14640/3110420929.py"", line 61, in <module>
    if is_image_processed(img_path):
       ^^^^^^^^^^^^^^^^^^
NameError: name 'is_image_processed' is not defined
",/Volumes/TVault2/datasets/sugvu24/extracted_frames/case_011/extraction_results.csv,83.0,
2025-04-05 15:55:07,ROW_PROCESSING_ERROR,Error processing row 84 in file /Volumes/TVault2/datasets/sugvu24/extracted_frames/case_011/extraction_results.csv: name 'is_image_processed' is not defined,"Traceback (most recent call last):
  File ""/var/folders/1j/2k5xpt896fdb5rnbdm6nktnr0000gn/T/ipykernel_14640/3110420929.py"", line 61, in <module>
    if is_image_processed(img_path):
       ^^^^^^^^^^^^^^^^^^
NameError: name 'is_image_processed' is not defined
",/Volumes/TVault2/datasets/sugvu24/extracted_frames/case_011/extraction_results.csv,84.0,
2025-04-05 15:55:07,ROW_PROCESSING_ERROR,Error processing row 85 in file /Volumes/TVault2/datasets/sugvu24/extracted_frames/case_011/extraction_results.csv: name 'is_image_processed' is not defined,"Traceback (most recent call last):
  File ""/var/folders/1j/2k5xpt896fdb5rnbdm6nktnr0000gn/T/ipykernel_14640/3110420929.py"", line 61, in <module>
    if is_image_processed(img_path):
       ^^^^^^^^^^^^^^^^^^
NameError: name 'is_image_processed' is not defined
",/Volumes/TVault2/datasets/sugvu24/extracted_frames/case_011/extraction_results.csv,85.0,
2025-04-05 15:55:07,ROW_PROCESSING_ERROR,Error processing row 86 in file /Volumes/TVault2/datasets/sugvu24/extracted_frames/case_011/extraction_results.csv: name 'is_image_processed' is not defined,"Traceback (most recent call last):
  File ""/var/folders/1j/2k5xpt896fdb5rnbdm6nktnr0000gn/T/ipykernel_14640/3110420929.py"", line 61, in <module>
    if is_image_processed(img_path):
       ^^^^^^^^^^^^^^^^^^
NameError: name 'is_image_processed' is not defined
",/Volumes/TVault2/datasets/sugvu24/extracted_frames/case_011/extraction_results.csv,86.0,
2025-04-05 15:55:07,ROW_PROCESSING_ERROR,Error processing row 87 in file /Volumes/TVault2/datasets/sugvu24/extracted_frames/case_011/extraction_results.csv: name 'is_image_processed' is not defined,"Traceback (most recent call last):
  File ""/var/folders/1j/2k5xpt896fdb5rnbdm6nktnr0000gn/T/ipykernel_14640/3110420929.py"", line 61, in <module>
    if is_image_processed(img_path):
       ^^^^^^^^^^^^^^^^^^
NameError: name 'is_image_processed' is not defined
",/Volumes/TVault2/datasets/sugvu24/extracted_frames/case_011/extraction_results.csv,87.0,
2025-04-05 15:55:07,ROW_PROCESSING_ERROR,Error processing row 88 in file /Volumes/TVault2/datasets/sugvu24/extracted_frames/case_011/extraction_results.csv: name 'is_image_processed' is not defined,"Traceback (most recent call last):
  File ""/var/folders/1j/2k5xpt896fdb5rnbdm6nktnr0000gn/T/ipykernel_14640/3110420929.py"", line 61, in <module>
    if is_image_processed(img_path):
       ^^^^^^^^^^^^^^^^^^
NameError: name 'is_image_processed' is not defined
",/Volumes/TVault2/datasets/sugvu24/extracted_frames/case_011/extraction_results.csv,88.0,
2025-04-05 15:55:07,ROW_PROCESSING_ERROR,Error processing row 89 in file /Volumes/TVault2/datasets/sugvu24/extracted_frames/case_011/extraction_results.csv: name 'is_image_processed' is not defined,"Traceback (most recent call last):
  File ""/var/folders/1j/2k5xpt896fdb5rnbdm6nktnr0000gn/T/ipykernel_14640/3110420929.py"", line 61, in <module>
    if is_image_processed(img_path):
       ^^^^^^^^^^^^^^^^^^
NameError: name 'is_image_processed' is not defined
",/Volumes/TVault2/datasets/sugvu24/extracted_frames/case_011/extraction_results.csv,89.0,
2025-04-05 15:55:07,ROW_PROCESSING_ERROR,Error processing row 90 in file /Volumes/TVault2/datasets/sugvu24/extracted_frames/case_011/extraction_results.csv: name 'is_image_processed' is not defined,"Traceback (most recent call last):
  File ""/var/folders/1j/2k5xpt896fdb5rnbdm6nktnr0000gn/T/ipykernel_14640/3110420929.py"", line 61, in <module>
    if is_image_processed(img_path):
       ^^^^^^^^^^^^^^^^^^
NameError: name 'is_image_processed' is not defined
",/Volumes/TVault2/datasets/sugvu24/extracted_frames/case_011/extraction_results.csv,90.0,
2025-04-05 15:55:07,ROW_PROCESSING_ERROR,Error processing row 91 in file /Volumes/TVault2/datasets/sugvu24/extracted_frames/case_011/extraction_results.csv: name 'is_image_processed' is not defined,"Traceback (most recent call last):
  File ""/var/folders/1j/2k5xpt896fdb5rnbdm6nktnr0000gn/T/ipykernel_14640/3110420929.py"", line 61, in <module>
    if is_image_processed(img_path):
       ^^^^^^^^^^^^^^^^^^
NameError: name 'is_image_processed' is not defined
",/Volumes/TVault2/datasets/sugvu24/extracted_frames/case_011/extraction_results.csv,91.0,
2025-04-05 15:55:07,ROW_PROCESSING_ERROR,Error processing row 0 in file /Volumes/TVault2/datasets/sugvu24/extracted_frames/case_012/extraction_results.csv: name 'is_image_processed' is not defined,"Traceback (most recent call last):
  File ""/var/folders/1j/2k5xpt896fdb5rnbdm6nktnr0000gn/T/ipykernel_14640/3110420929.py"", line 61, in <module>
    if is_image_processed(img_path):
       ^^^^^^^^^^^^^^^^^^
NameError: name 'is_image_processed' is not defined
",/Volumes/TVault2/datasets/sugvu24/extracted_frames/case_012/extraction_results.csv,0.0,
2025-04-05 15:55:07,ROW_PROCESSING_ERROR,Error processing row 1 in file /Volumes/TVault2/datasets/sugvu24/extracted_frames/case_012/extraction_results.csv: name 'is_image_processed' is not defined,"Traceback (most recent call last):
  File ""/var/folders/1j/2k5xpt896fdb5rnbdm6nktnr0000gn/T/ipykernel_14640/3110420929.py"", line 61, in <module>
    if is_image_processed(img_path):
       ^^^^^^^^^^^^^^^^^^
NameError: name 'is_image_processed' is not defined
",/Volumes/TVault2/datasets/sugvu24/extracted_frames/case_012/extraction_results.csv,1.0,
2025-04-05 15:55:07,ROW_PROCESSING_ERROR,Error processing row 2 in file /Volumes/TVault2/datasets/sugvu24/extracted_frames/case_012/extraction_results.csv: name 'is_image_processed' is not defined,"Traceback (most recent call last):
  File ""/var/folders/1j/2k5xpt896fdb5rnbdm6nktnr0000gn/T/ipykernel_14640/3110420929.py"", line 61, in <module>
    if is_image_processed(img_path):
       ^^^^^^^^^^^^^^^^^^
NameError: name 'is_image_processed' is not defined
",/Volumes/TVault2/datasets/sugvu24/extracted_frames/case_012/extraction_results.csv,2.0,
2025-04-05 15:55:07,ROW_PROCESSING_ERROR,Error processing row 3 in file /Volumes/TVault2/datasets/sugvu24/extracted_frames/case_012/extraction_results.csv: name 'is_image_processed' is not defined,"Traceback (most recent call last):
  File ""/var/folders/1j/2k5xpt896fdb5rnbdm6nktnr0000gn/T/ipykernel_14640/3110420929.py"", line 61, in <module>
    if is_image_processed(img_path):
       ^^^^^^^^^^^^^^^^^^
NameError: name 'is_image_processed' is not defined
",/Volumes/TVault2/datasets/sugvu24/extracted_frames/case_012/extraction_results.csv,3.0,
2025-04-05 15:55:07,ROW_PROCESSING_ERROR,Error processing row 4 in file /Volumes/TVault2/datasets/sugvu24/extracted_frames/case_012/extraction_results.csv: name 'is_image_processed' is not defined,"Traceback (most recent call last):
  File ""/var/folders/1j/2k5xpt896fdb5rnbdm6nktnr0000gn/T/ipykernel_14640/3110420929.py"", line 61, in <module>
    if is_image_processed(img_path):
       ^^^^^^^^^^^^^^^^^^
NameError: name 'is_image_processed' is not defined
",/Volumes/TVault2/datasets/sugvu24/extracted_frames/case_012/extraction_results.csv,4.0,
2025-04-05 15:55:07,ROW_PROCESSING_ERROR,Error processing row 5 in file /Volumes/TVault2/datasets/sugvu24/extracted_frames/case_012/extraction_results.csv: name 'is_image_processed' is not defined,"Traceback (most recent call last):
  File ""/var/folders/1j/2k5xpt896fdb5rnbdm6nktnr0000gn/T/ipykernel_14640/3110420929.py"", line 61, in <module>
    if is_image_processed(img_path):
       ^^^^^^^^^^^^^^^^^^
NameError: name 'is_image_processed' is not defined
",/Volumes/TVault2/datasets/sugvu24/extracted_frames/case_012/extraction_results.csv,5.0,
2025-04-05 15:55:07,ROW_PROCESSING_ERROR,Error processing row 6 in file /Volumes/TVault2/datasets/sugvu24/extracted_frames/case_012/extraction_results.csv: name 'is_image_processed' is not defined,"Traceback (most recent call last):
  File ""/var/folders/1j/2k5xpt896fdb5rnbdm6nktnr0000gn/T/ipykernel_14640/3110420929.py"", line 61, in <module>
    if is_image_processed(img_path):
       ^^^^^^^^^^^^^^^^^^
NameError: name 'is_image_processed' is not defined
",/Volumes/TVault2/datasets/sugvu24/extracted_frames/case_012/extraction_results.csv,6.0,
2025-04-05 15:55:07,ROW_PROCESSING_ERROR,Error processing row 7 in file /Volumes/TVault2/datasets/sugvu24/extracted_frames/case_012/extraction_results.csv: name 'is_image_processed' is not defined,"Traceback (most recent call last):
  File ""/var/folders/1j/2k5xpt896fdb5rnbdm6nktnr0000gn/T/ipykernel_14640/3110420929.py"", line 61, in <module>
    if is_image_processed(img_path):
       ^^^^^^^^^^^^^^^^^^
NameError: name 'is_image_processed' is not defined
",/Volumes/TVault2/datasets/sugvu24/extracted_frames/case_012/extraction_results.csv,7.0,
2025-04-05 15:55:07,ROW_PROCESSING_ERROR,Error processing row 8 in file /Volumes/TVault2/datasets/sugvu24/extracted_frames/case_012/extraction_results.csv: name 'is_image_processed' is not defined,"Traceback (most recent call last):
  File ""/var/folders/1j/2k5xpt896fdb5rnbdm6nktnr0000gn/T/ipykernel_14640/3110420929.py"", line 61, in <module>
    if is_image_processed(img_path):
       ^^^^^^^^^^^^^^^^^^
NameError: name 'is_image_processed' is not defined
",/Volumes/TVault2/datasets/sugvu24/extracted_frames/case_012/extraction_results.csv,8.0,
2025-04-05 15:55:07,ROW_PROCESSING_ERROR,Error processing row 9 in file /Volumes/TVault2/datasets/sugvu24/extracted_frames/case_012/extraction_results.csv: name 'is_image_processed' is not defined,"Traceback (most recent call last):
  File ""/var/folders/1j/2k5xpt896fdb5rnbdm6nktnr0000gn/T/ipykernel_14640/3110420929.py"", line 61, in <module>
    if is_image_processed(img_path):
       ^^^^^^^^^^^^^^^^^^
NameError: name 'is_image_processed' is not defined
",/Volumes/TVault2/datasets/sugvu24/extracted_frames/case_012/extraction_results.csv,9.0,
2025-04-05 15:55:07,ROW_PROCESSING_ERROR,Error processing row 10 in file /Volumes/TVault2/datasets/sugvu24/extracted_frames/case_012/extraction_results.csv: name 'is_image_processed' is not defined,"Traceback (most recent call last):
  File ""/var/folders/1j/2k5xpt896fdb5rnbdm6nktnr0000gn/T/ipykernel_14640/3110420929.py"", line 61, in <module>
    if is_image_processed(img_path):
       ^^^^^^^^^^^^^^^^^^
NameError: name 'is_image_processed' is not defined
",/Volumes/TVault2/datasets/sugvu24/extracted_frames/case_012/extraction_results.csv,10.0,
2025-04-05 15:55:07,ROW_PROCESSING_ERROR,Error processing row 11 in file /Volumes/TVault2/datasets/sugvu24/extracted_frames/case_012/extraction_results.csv: name 'is_image_processed' is not defined,"Traceback (most recent call last):
  File ""/var/folders/1j/2k5xpt896fdb5rnbdm6nktnr0000gn/T/ipykernel_14640/3110420929.py"", line 61, in <module>
    if is_image_processed(img_path):
       ^^^^^^^^^^^^^^^^^^
NameError: name 'is_image_processed' is not defined
",/Volumes/TVault2/datasets/sugvu24/extracted_frames/case_012/extraction_results.csv,11.0,
2025-04-05 15:55:07,ROW_PROCESSING_ERROR,Error processing row 12 in file /Volumes/TVault2/datasets/sugvu24/extracted_frames/case_012/extraction_results.csv: name 'is_image_processed' is not defined,"Traceback (most recent call last):
  File ""/var/folders/1j/2k5xpt896fdb5rnbdm6nktnr0000gn/T/ipykernel_14640/3110420929.py"", line 61, in <module>
    if is_image_processed(img_path):
       ^^^^^^^^^^^^^^^^^^
NameError: name 'is_image_processed' is not defined
",/Volumes/TVault2/datasets/sugvu24/extracted_frames/case_012/extraction_results.csv,12.0,
2025-04-05 15:55:07,ROW_PROCESSING_ERROR,Error processing row 13 in file /Volumes/TVault2/datasets/sugvu24/extracted_frames/case_012/extraction_results.csv: name 'is_image_processed' is not defined,"Traceback (most recent call last):
  File ""/var/folders/1j/2k5xpt896fdb5rnbdm6nktnr0000gn/T/ipykernel_14640/3110420929.py"", line 61, in <module>
    if is_image_processed(img_path):
       ^^^^^^^^^^^^^^^^^^
NameError: name 'is_image_processed' is not defined
",/Volumes/TVault2/datasets/sugvu24/extracted_frames/case_012/extraction_results.csv,13.0,
2025-04-05 15:55:07,ROW_PROCESSING_ERROR,Error processing row 14 in file /Volumes/TVault2/datasets/sugvu24/extracted_frames/case_012/extraction_results.csv: name 'is_image_processed' is not defined,"Traceback (most recent call last):
  File ""/var/folders/1j/2k5xpt896fdb5rnbdm6nktnr0000gn/T/ipykernel_14640/3110420929.py"", line 61, in <module>
    if is_image_processed(img_path):
       ^^^^^^^^^^^^^^^^^^
NameError: name 'is_image_processed' is not defined
",/Volumes/TVault2/datasets/sugvu24/extracted_frames/case_012/extraction_results.csv,14.0,
2025-04-05 15:55:07,ROW_PROCESSING_ERROR,Error processing row 15 in file /Volumes/TVault2/datasets/sugvu24/extracted_frames/case_012/extraction_results.csv: name 'is_image_processed' is not defined,"Traceback (most recent call last):
  File ""/var/folders/1j/2k5xpt896fdb5rnbdm6nktnr0000gn/T/ipykernel_14640/3110420929.py"", line 61, in <module>
    if is_image_processed(img_path):
       ^^^^^^^^^^^^^^^^^^
NameError: name 'is_image_processed' is not defined
",/Volumes/TVault2/datasets/sugvu24/extracted_frames/case_012/extraction_results.csv,15.0,
2025-04-05 15:55:07,ROW_PROCESSING_ERROR,Error processing row 16 in file /Volumes/TVault2/datasets/sugvu24/extracted_frames/case_012/extraction_results.csv: name 'is_image_processed' is not defined,"Traceback (most recent call last):
  File ""/var/folders/1j/2k5xpt896fdb5rnbdm6nktnr0000gn/T/ipykernel_14640/3110420929.py"", line 61, in <module>
    if is_image_processed(img_path):
       ^^^^^^^^^^^^^^^^^^
NameError: name 'is_image_processed' is not defined
",/Volumes/TVault2/datasets/sugvu24/extracted_frames/case_012/extraction_results.csv,16.0,
2025-04-05 15:55:07,ROW_PROCESSING_ERROR,Error processing row 17 in file /Volumes/TVault2/datasets/sugvu24/extracted_frames/case_012/extraction_results.csv: name 'is_image_processed' is not defined,"Traceback (most recent call last):
  File ""/var/folders/1j/2k5xpt896fdb5rnbdm6nktnr0000gn/T/ipykernel_14640/3110420929.py"", line 61, in <module>
    if is_image_processed(img_path):
       ^^^^^^^^^^^^^^^^^^
NameError: name 'is_image_processed' is not defined
",/Volumes/TVault2/datasets/sugvu24/extracted_frames/case_012/extraction_results.csv,17.0,
2025-04-05 15:55:07,ROW_PROCESSING_ERROR,Error processing row 18 in file /Volumes/TVault2/datasets/sugvu24/extracted_frames/case_012/extraction_results.csv: name 'is_image_processed' is not defined,"Traceback (most recent call last):
  File ""/var/folders/1j/2k5xpt896fdb5rnbdm6nktnr0000gn/T/ipykernel_14640/3110420929.py"", line 61, in <module>
    if is_image_processed(img_path):
       ^^^^^^^^^^^^^^^^^^
NameError: name 'is_image_processed' is not defined
",/Volumes/TVault2/datasets/sugvu24/extracted_frames/case_012/extraction_results.csv,18.0,
2025-04-05 15:55:07,ROW_PROCESSING_ERROR,"Error processing row 19 in file /Volumes/TVault2/datasets/sugvu24/extracted_frames/case_012/extraction_results.csv: join() argument must be str, bytes, or os.PathLike object, not 'float'","Traceback (most recent call last):
  File ""/var/folders/1j/2k5xpt896fdb5rnbdm6nktnr0000gn/T/ipykernel_14640/3110420929.py"", line 58, in <module>
    img_path = os.path.join(root, frame_file)
               ^^^^^^^^^^^^^^^^^^^^^^^^^^^^^^
  File ""<frozen posixpath>"", line 90, in join
  File ""<frozen genericpath>"", line 164, in _check_arg_types
TypeError: join() argument must be str, bytes, or os.PathLike object, not 'float'
",/Volumes/TVault2/datasets/sugvu24/extracted_frames/case_012/extraction_results.csv,19.0,
2025-04-05 15:55:07,ROW_PROCESSING_ERROR,"Error processing row 20 in file /Volumes/TVault2/datasets/sugvu24/extracted_frames/case_012/extraction_results.csv: join() argument must be str, bytes, or os.PathLike object, not 'float'","Traceback (most recent call last):
  File ""/var/folders/1j/2k5xpt896fdb5rnbdm6nktnr0000gn/T/ipykernel_14640/3110420929.py"", line 58, in <module>
    img_path = os.path.join(root, frame_file)
               ^^^^^^^^^^^^^^^^^^^^^^^^^^^^^^
  File ""<frozen posixpath>"", line 90, in join
  File ""<frozen genericpath>"", line 164, in _check_arg_types
TypeError: join() argument must be str, bytes, or os.PathLike object, not 'float'
",/Volumes/TVault2/datasets/sugvu24/extracted_frames/case_012/extraction_results.csv,20.0,
2025-04-05 15:55:07,ROW_PROCESSING_ERROR,"Error processing row 21 in file /Volumes/TVault2/datasets/sugvu24/extracted_frames/case_012/extraction_results.csv: join() argument must be str, bytes, or os.PathLike object, not 'float'","Traceback (most recent call last):
  File ""/var/folders/1j/2k5xpt896fdb5rnbdm6nktnr0000gn/T/ipykernel_14640/3110420929.py"", line 58, in <module>
    img_path = os.path.join(root, frame_file)
               ^^^^^^^^^^^^^^^^^^^^^^^^^^^^^^
  File ""<frozen posixpath>"", line 90, in join
  File ""<frozen genericpath>"", line 164, in _check_arg_types
TypeError: join() argument must be str, bytes, or os.PathLike object, not 'float'
",/Volumes/TVault2/datasets/sugvu24/extracted_frames/case_012/extraction_results.csv,21.0,
2025-04-05 15:55:07,ROW_PROCESSING_ERROR,"Error processing row 22 in file /Volumes/TVault2/datasets/sugvu24/extracted_frames/case_012/extraction_results.csv: join() argument must be str, bytes, or os.PathLike object, not 'float'","Traceback (most recent call last):
  File ""/var/folders/1j/2k5xpt896fdb5rnbdm6nktnr0000gn/T/ipykernel_14640/3110420929.py"", line 58, in <module>
    img_path = os.path.join(root, frame_file)
               ^^^^^^^^^^^^^^^^^^^^^^^^^^^^^^
  File ""<frozen posixpath>"", line 90, in join
  File ""<frozen genericpath>"", line 164, in _check_arg_types
TypeError: join() argument must be str, bytes, or os.PathLike object, not 'float'
",/Volumes/TVault2/datasets/sugvu24/extracted_frames/case_012/extraction_results.csv,22.0,
2025-04-05 15:55:07,ROW_PROCESSING_ERROR,"Error processing row 23 in file /Volumes/TVault2/datasets/sugvu24/extracted_frames/case_012/extraction_results.csv: join() argument must be str, bytes, or os.PathLike object, not 'float'","Traceback (most recent call last):
  File ""/var/folders/1j/2k5xpt896fdb5rnbdm6nktnr0000gn/T/ipykernel_14640/3110420929.py"", line 58, in <module>
    img_path = os.path.join(root, frame_file)
               ^^^^^^^^^^^^^^^^^^^^^^^^^^^^^^
  File ""<frozen posixpath>"", line 90, in join
  File ""<frozen genericpath>"", line 164, in _check_arg_types
TypeError: join() argument must be str, bytes, or os.PathLike object, not 'float'
",/Volumes/TVault2/datasets/sugvu24/extracted_frames/case_012/extraction_results.csv,23.0,
2025-04-05 15:55:07,ROW_PROCESSING_ERROR,"Error processing row 24 in file /Volumes/TVault2/datasets/sugvu24/extracted_frames/case_012/extraction_results.csv: join() argument must be str, bytes, or os.PathLike object, not 'float'","Traceback (most recent call last):
  File ""/var/folders/1j/2k5xpt896fdb5rnbdm6nktnr0000gn/T/ipykernel_14640/3110420929.py"", line 58, in <module>
    img_path = os.path.join(root, frame_file)
               ^^^^^^^^^^^^^^^^^^^^^^^^^^^^^^
  File ""<frozen posixpath>"", line 90, in join
  File ""<frozen genericpath>"", line 164, in _check_arg_types
TypeError: join() argument must be str, bytes, or os.PathLike object, not 'float'
",/Volumes/TVault2/datasets/sugvu24/extracted_frames/case_012/extraction_results.csv,24.0,
2025-04-05 15:55:07,ROW_PROCESSING_ERROR,Error processing row 25 in file /Volumes/TVault2/datasets/sugvu24/extracted_frames/case_012/extraction_results.csv: name 'is_image_processed' is not defined,"Traceback (most recent call last):
  File ""/var/folders/1j/2k5xpt896fdb5rnbdm6nktnr0000gn/T/ipykernel_14640/3110420929.py"", line 61, in <module>
    if is_image_processed(img_path):
       ^^^^^^^^^^^^^^^^^^
NameError: name 'is_image_processed' is not defined
",/Volumes/TVault2/datasets/sugvu24/extracted_frames/case_012/extraction_results.csv,25.0,
2025-04-05 15:55:07,ROW_PROCESSING_ERROR,Error processing row 26 in file /Volumes/TVault2/datasets/sugvu24/extracted_frames/case_012/extraction_results.csv: name 'is_image_processed' is not defined,"Traceback (most recent call last):
  File ""/var/folders/1j/2k5xpt896fdb5rnbdm6nktnr0000gn/T/ipykernel_14640/3110420929.py"", line 61, in <module>
    if is_image_processed(img_path):
       ^^^^^^^^^^^^^^^^^^
NameError: name 'is_image_processed' is not defined
",/Volumes/TVault2/datasets/sugvu24/extracted_frames/case_012/extraction_results.csv,26.0,
2025-04-05 15:55:07,ROW_PROCESSING_ERROR,Error processing row 27 in file /Volumes/TVault2/datasets/sugvu24/extracted_frames/case_012/extraction_results.csv: name 'is_image_processed' is not defined,"Traceback (most recent call last):
  File ""/var/folders/1j/2k5xpt896fdb5rnbdm6nktnr0000gn/T/ipykernel_14640/3110420929.py"", line 61, in <module>
    if is_image_processed(img_path):
       ^^^^^^^^^^^^^^^^^^
NameError: name 'is_image_processed' is not defined
",/Volumes/TVault2/datasets/sugvu24/extracted_frames/case_012/extraction_results.csv,27.0,
2025-04-05 15:55:07,ROW_PROCESSING_ERROR,Error processing row 28 in file /Volumes/TVault2/datasets/sugvu24/extracted_frames/case_012/extraction_results.csv: name 'is_image_processed' is not defined,"Traceback (most recent call last):
  File ""/var/folders/1j/2k5xpt896fdb5rnbdm6nktnr0000gn/T/ipykernel_14640/3110420929.py"", line 61, in <module>
    if is_image_processed(img_path):
       ^^^^^^^^^^^^^^^^^^
NameError: name 'is_image_processed' is not defined
",/Volumes/TVault2/datasets/sugvu24/extracted_frames/case_012/extraction_results.csv,28.0,
2025-04-05 15:55:07,ROW_PROCESSING_ERROR,Error processing row 29 in file /Volumes/TVault2/datasets/sugvu24/extracted_frames/case_012/extraction_results.csv: name 'is_image_processed' is not defined,"Traceback (most recent call last):
  File ""/var/folders/1j/2k5xpt896fdb5rnbdm6nktnr0000gn/T/ipykernel_14640/3110420929.py"", line 61, in <module>
    if is_image_processed(img_path):
       ^^^^^^^^^^^^^^^^^^
NameError: name 'is_image_processed' is not defined
",/Volumes/TVault2/datasets/sugvu24/extracted_frames/case_012/extraction_results.csv,29.0,
2025-04-05 15:55:07,ROW_PROCESSING_ERROR,Error processing row 30 in file /Volumes/TVault2/datasets/sugvu24/extracted_frames/case_012/extraction_results.csv: name 'is_image_processed' is not defined,"Traceback (most recent call last):
  File ""/var/folders/1j/2k5xpt896fdb5rnbdm6nktnr0000gn/T/ipykernel_14640/3110420929.py"", line 61, in <module>
    if is_image_processed(img_path):
       ^^^^^^^^^^^^^^^^^^
NameError: name 'is_image_processed' is not defined
",/Volumes/TVault2/datasets/sugvu24/extracted_frames/case_012/extraction_results.csv,30.0,
2025-04-05 15:55:07,ROW_PROCESSING_ERROR,Error processing row 31 in file /Volumes/TVault2/datasets/sugvu24/extracted_frames/case_012/extraction_results.csv: name 'is_image_processed' is not defined,"Traceback (most recent call last):
  File ""/var/folders/1j/2k5xpt896fdb5rnbdm6nktnr0000gn/T/ipykernel_14640/3110420929.py"", line 61, in <module>
    if is_image_processed(img_path):
       ^^^^^^^^^^^^^^^^^^
NameError: name 'is_image_processed' is not defined
",/Volumes/TVault2/datasets/sugvu24/extracted_frames/case_012/extraction_results.csv,31.0,
2025-04-05 15:55:07,ROW_PROCESSING_ERROR,Error processing row 32 in file /Volumes/TVault2/datasets/sugvu24/extracted_frames/case_012/extraction_results.csv: name 'is_image_processed' is not defined,"Traceback (most recent call last):
  File ""/var/folders/1j/2k5xpt896fdb5rnbdm6nktnr0000gn/T/ipykernel_14640/3110420929.py"", line 61, in <module>
    if is_image_processed(img_path):
       ^^^^^^^^^^^^^^^^^^
NameError: name 'is_image_processed' is not defined
",/Volumes/TVault2/datasets/sugvu24/extracted_frames/case_012/extraction_results.csv,32.0,
2025-04-05 15:55:07,ROW_PROCESSING_ERROR,Error processing row 33 in file /Volumes/TVault2/datasets/sugvu24/extracted_frames/case_012/extraction_results.csv: name 'is_image_processed' is not defined,"Traceback (most recent call last):
  File ""/var/folders/1j/2k5xpt896fdb5rnbdm6nktnr0000gn/T/ipykernel_14640/3110420929.py"", line 61, in <module>
    if is_image_processed(img_path):
       ^^^^^^^^^^^^^^^^^^
NameError: name 'is_image_processed' is not defined
",/Volumes/TVault2/datasets/sugvu24/extracted_frames/case_012/extraction_results.csv,33.0,
2025-04-05 15:55:07,ROW_PROCESSING_ERROR,Error processing row 34 in file /Volumes/TVault2/datasets/sugvu24/extracted_frames/case_012/extraction_results.csv: name 'is_image_processed' is not defined,"Traceback (most recent call last):
  File ""/var/folders/1j/2k5xpt896fdb5rnbdm6nktnr0000gn/T/ipykernel_14640/3110420929.py"", line 61, in <module>
    if is_image_processed(img_path):
       ^^^^^^^^^^^^^^^^^^
NameError: name 'is_image_processed' is not defined
",/Volumes/TVault2/datasets/sugvu24/extracted_frames/case_012/extraction_results.csv,34.0,
2025-04-05 15:55:07,ROW_PROCESSING_ERROR,Error processing row 35 in file /Volumes/TVault2/datasets/sugvu24/extracted_frames/case_012/extraction_results.csv: name 'is_image_processed' is not defined,"Traceback (most recent call last):
  File ""/var/folders/1j/2k5xpt896fdb5rnbdm6nktnr0000gn/T/ipykernel_14640/3110420929.py"", line 61, in <module>
    if is_image_processed(img_path):
       ^^^^^^^^^^^^^^^^^^
NameError: name 'is_image_processed' is not defined
",/Volumes/TVault2/datasets/sugvu24/extracted_frames/case_012/extraction_results.csv,35.0,
2025-04-05 15:55:07,ROW_PROCESSING_ERROR,Error processing row 36 in file /Volumes/TVault2/datasets/sugvu24/extracted_frames/case_012/extraction_results.csv: name 'is_image_processed' is not defined,"Traceback (most recent call last):
  File ""/var/folders/1j/2k5xpt896fdb5rnbdm6nktnr0000gn/T/ipykernel_14640/3110420929.py"", line 61, in <module>
    if is_image_processed(img_path):
       ^^^^^^^^^^^^^^^^^^
NameError: name 'is_image_processed' is not defined
",/Volumes/TVault2/datasets/sugvu24/extracted_frames/case_012/extraction_results.csv,36.0,
2025-04-05 15:55:07,ROW_PROCESSING_ERROR,Error processing row 37 in file /Volumes/TVault2/datasets/sugvu24/extracted_frames/case_012/extraction_results.csv: name 'is_image_processed' is not defined,"Traceback (most recent call last):
  File ""/var/folders/1j/2k5xpt896fdb5rnbdm6nktnr0000gn/T/ipykernel_14640/3110420929.py"", line 61, in <module>
    if is_image_processed(img_path):
       ^^^^^^^^^^^^^^^^^^
NameError: name 'is_image_processed' is not defined
",/Volumes/TVault2/datasets/sugvu24/extracted_frames/case_012/extraction_results.csv,37.0,
2025-04-05 15:55:07,ROW_PROCESSING_ERROR,Error processing row 38 in file /Volumes/TVault2/datasets/sugvu24/extracted_frames/case_012/extraction_results.csv: name 'is_image_processed' is not defined,"Traceback (most recent call last):
  File ""/var/folders/1j/2k5xpt896fdb5rnbdm6nktnr0000gn/T/ipykernel_14640/3110420929.py"", line 61, in <module>
    if is_image_processed(img_path):
       ^^^^^^^^^^^^^^^^^^
NameError: name 'is_image_processed' is not defined
",/Volumes/TVault2/datasets/sugvu24/extracted_frames/case_012/extraction_results.csv,38.0,
2025-04-05 15:55:07,ROW_PROCESSING_ERROR,Error processing row 39 in file /Volumes/TVault2/datasets/sugvu24/extracted_frames/case_012/extraction_results.csv: name 'is_image_processed' is not defined,"Traceback (most recent call last):
  File ""/var/folders/1j/2k5xpt896fdb5rnbdm6nktnr0000gn/T/ipykernel_14640/3110420929.py"", line 61, in <module>
    if is_image_processed(img_path):
       ^^^^^^^^^^^^^^^^^^
NameError: name 'is_image_processed' is not defined
",/Volumes/TVault2/datasets/sugvu24/extracted_frames/case_012/extraction_results.csv,39.0,
2025-04-05 15:55:07,ROW_PROCESSING_ERROR,Error processing row 40 in file /Volumes/TVault2/datasets/sugvu24/extracted_frames/case_012/extraction_results.csv: name 'is_image_processed' is not defined,"Traceback (most recent call last):
  File ""/var/folders/1j/2k5xpt896fdb5rnbdm6nktnr0000gn/T/ipykernel_14640/3110420929.py"", line 61, in <module>
    if is_image_processed(img_path):
       ^^^^^^^^^^^^^^^^^^
NameError: name 'is_image_processed' is not defined
",/Volumes/TVault2/datasets/sugvu24/extracted_frames/case_012/extraction_results.csv,40.0,
2025-04-05 15:55:07,ROW_PROCESSING_ERROR,"Error processing row 41 in file /Volumes/TVault2/datasets/sugvu24/extracted_frames/case_012/extraction_results.csv: join() argument must be str, bytes, or os.PathLike object, not 'float'","Traceback (most recent call last):
  File ""/var/folders/1j/2k5xpt896fdb5rnbdm6nktnr0000gn/T/ipykernel_14640/3110420929.py"", line 58, in <module>
    img_path = os.path.join(root, frame_file)
               ^^^^^^^^^^^^^^^^^^^^^^^^^^^^^^
  File ""<frozen posixpath>"", line 90, in join
  File ""<frozen genericpath>"", line 164, in _check_arg_types
TypeError: join() argument must be str, bytes, or os.PathLike object, not 'float'
",/Volumes/TVault2/datasets/sugvu24/extracted_frames/case_012/extraction_results.csv,41.0,
2025-04-05 15:55:07,ROW_PROCESSING_ERROR,"Error processing row 42 in file /Volumes/TVault2/datasets/sugvu24/extracted_frames/case_012/extraction_results.csv: join() argument must be str, bytes, or os.PathLike object, not 'float'","Traceback (most recent call last):
  File ""/var/folders/1j/2k5xpt896fdb5rnbdm6nktnr0000gn/T/ipykernel_14640/3110420929.py"", line 58, in <module>
    img_path = os.path.join(root, frame_file)
               ^^^^^^^^^^^^^^^^^^^^^^^^^^^^^^
  File ""<frozen posixpath>"", line 90, in join
  File ""<frozen genericpath>"", line 164, in _check_arg_types
TypeError: join() argument must be str, bytes, or os.PathLike object, not 'float'
",/Volumes/TVault2/datasets/sugvu24/extracted_frames/case_012/extraction_results.csv,42.0,
2025-04-05 15:55:07,ROW_PROCESSING_ERROR,Error processing row 43 in file /Volumes/TVault2/datasets/sugvu24/extracted_frames/case_012/extraction_results.csv: name 'is_image_processed' is not defined,"Traceback (most recent call last):
  File ""/var/folders/1j/2k5xpt896fdb5rnbdm6nktnr0000gn/T/ipykernel_14640/3110420929.py"", line 61, in <module>
    if is_image_processed(img_path):
       ^^^^^^^^^^^^^^^^^^
NameError: name 'is_image_processed' is not defined
",/Volumes/TVault2/datasets/sugvu24/extracted_frames/case_012/extraction_results.csv,43.0,
2025-04-05 15:55:07,ROW_PROCESSING_ERROR,Error processing row 44 in file /Volumes/TVault2/datasets/sugvu24/extracted_frames/case_012/extraction_results.csv: name 'is_image_processed' is not defined,"Traceback (most recent call last):
  File ""/var/folders/1j/2k5xpt896fdb5rnbdm6nktnr0000gn/T/ipykernel_14640/3110420929.py"", line 61, in <module>
    if is_image_processed(img_path):
       ^^^^^^^^^^^^^^^^^^
NameError: name 'is_image_processed' is not defined
",/Volumes/TVault2/datasets/sugvu24/extracted_frames/case_012/extraction_results.csv,44.0,
2025-04-05 15:55:07,ROW_PROCESSING_ERROR,Error processing row 45 in file /Volumes/TVault2/datasets/sugvu24/extracted_frames/case_012/extraction_results.csv: name 'is_image_processed' is not defined,"Traceback (most recent call last):
  File ""/var/folders/1j/2k5xpt896fdb5rnbdm6nktnr0000gn/T/ipykernel_14640/3110420929.py"", line 61, in <module>
    if is_image_processed(img_path):
       ^^^^^^^^^^^^^^^^^^
NameError: name 'is_image_processed' is not defined
",/Volumes/TVault2/datasets/sugvu24/extracted_frames/case_012/extraction_results.csv,45.0,
2025-04-05 15:55:07,ROW_PROCESSING_ERROR,Error processing row 46 in file /Volumes/TVault2/datasets/sugvu24/extracted_frames/case_012/extraction_results.csv: name 'is_image_processed' is not defined,"Traceback (most recent call last):
  File ""/var/folders/1j/2k5xpt896fdb5rnbdm6nktnr0000gn/T/ipykernel_14640/3110420929.py"", line 61, in <module>
    if is_image_processed(img_path):
       ^^^^^^^^^^^^^^^^^^
NameError: name 'is_image_processed' is not defined
",/Volumes/TVault2/datasets/sugvu24/extracted_frames/case_012/extraction_results.csv,46.0,
2025-04-05 15:55:07,ROW_PROCESSING_ERROR,Error processing row 47 in file /Volumes/TVault2/datasets/sugvu24/extracted_frames/case_012/extraction_results.csv: name 'is_image_processed' is not defined,"Traceback (most recent call last):
  File ""/var/folders/1j/2k5xpt896fdb5rnbdm6nktnr0000gn/T/ipykernel_14640/3110420929.py"", line 61, in <module>
    if is_image_processed(img_path):
       ^^^^^^^^^^^^^^^^^^
NameError: name 'is_image_processed' is not defined
",/Volumes/TVault2/datasets/sugvu24/extracted_frames/case_012/extraction_results.csv,47.0,
2025-04-05 15:55:07,ROW_PROCESSING_ERROR,Error processing row 48 in file /Volumes/TVault2/datasets/sugvu24/extracted_frames/case_012/extraction_results.csv: name 'is_image_processed' is not defined,"Traceback (most recent call last):
  File ""/var/folders/1j/2k5xpt896fdb5rnbdm6nktnr0000gn/T/ipykernel_14640/3110420929.py"", line 61, in <module>
    if is_image_processed(img_path):
       ^^^^^^^^^^^^^^^^^^
NameError: name 'is_image_processed' is not defined
",/Volumes/TVault2/datasets/sugvu24/extracted_frames/case_012/extraction_results.csv,48.0,
2025-04-05 15:55:07,ROW_PROCESSING_ERROR,Error processing row 49 in file /Volumes/TVault2/datasets/sugvu24/extracted_frames/case_012/extraction_results.csv: name 'is_image_processed' is not defined,"Traceback (most recent call last):
  File ""/var/folders/1j/2k5xpt896fdb5rnbdm6nktnr0000gn/T/ipykernel_14640/3110420929.py"", line 61, in <module>
    if is_image_processed(img_path):
       ^^^^^^^^^^^^^^^^^^
NameError: name 'is_image_processed' is not defined
",/Volumes/TVault2/datasets/sugvu24/extracted_frames/case_012/extraction_results.csv,49.0,
2025-04-05 15:55:07,ROW_PROCESSING_ERROR,Error processing row 50 in file /Volumes/TVault2/datasets/sugvu24/extracted_frames/case_012/extraction_results.csv: name 'is_image_processed' is not defined,"Traceback (most recent call last):
  File ""/var/folders/1j/2k5xpt896fdb5rnbdm6nktnr0000gn/T/ipykernel_14640/3110420929.py"", line 61, in <module>
    if is_image_processed(img_path):
       ^^^^^^^^^^^^^^^^^^
NameError: name 'is_image_processed' is not defined
",/Volumes/TVault2/datasets/sugvu24/extracted_frames/case_012/extraction_results.csv,50.0,
2025-04-05 15:55:07,ROW_PROCESSING_ERROR,"Error processing row 51 in file /Volumes/TVault2/datasets/sugvu24/extracted_frames/case_012/extraction_results.csv: join() argument must be str, bytes, or os.PathLike object, not 'float'","Traceback (most recent call last):
  File ""/var/folders/1j/2k5xpt896fdb5rnbdm6nktnr0000gn/T/ipykernel_14640/3110420929.py"", line 58, in <module>
    img_path = os.path.join(root, frame_file)
               ^^^^^^^^^^^^^^^^^^^^^^^^^^^^^^
  File ""<frozen posixpath>"", line 90, in join
  File ""<frozen genericpath>"", line 164, in _check_arg_types
TypeError: join() argument must be str, bytes, or os.PathLike object, not 'float'
",/Volumes/TVault2/datasets/sugvu24/extracted_frames/case_012/extraction_results.csv,51.0,
2025-04-05 15:55:07,ROW_PROCESSING_ERROR,"Error processing row 52 in file /Volumes/TVault2/datasets/sugvu24/extracted_frames/case_012/extraction_results.csv: join() argument must be str, bytes, or os.PathLike object, not 'float'","Traceback (most recent call last):
  File ""/var/folders/1j/2k5xpt896fdb5rnbdm6nktnr0000gn/T/ipykernel_14640/3110420929.py"", line 58, in <module>
    img_path = os.path.join(root, frame_file)
               ^^^^^^^^^^^^^^^^^^^^^^^^^^^^^^
  File ""<frozen posixpath>"", line 90, in join
  File ""<frozen genericpath>"", line 164, in _check_arg_types
TypeError: join() argument must be str, bytes, or os.PathLike object, not 'float'
",/Volumes/TVault2/datasets/sugvu24/extracted_frames/case_012/extraction_results.csv,52.0,
2025-04-05 15:55:07,ROW_PROCESSING_ERROR,"Error processing row 53 in file /Volumes/TVault2/datasets/sugvu24/extracted_frames/case_012/extraction_results.csv: join() argument must be str, bytes, or os.PathLike object, not 'float'","Traceback (most recent call last):
  File ""/var/folders/1j/2k5xpt896fdb5rnbdm6nktnr0000gn/T/ipykernel_14640/3110420929.py"", line 58, in <module>
    img_path = os.path.join(root, frame_file)
               ^^^^^^^^^^^^^^^^^^^^^^^^^^^^^^
  File ""<frozen posixpath>"", line 90, in join
  File ""<frozen genericpath>"", line 164, in _check_arg_types
TypeError: join() argument must be str, bytes, or os.PathLike object, not 'float'
",/Volumes/TVault2/datasets/sugvu24/extracted_frames/case_012/extraction_results.csv,53.0,
2025-04-05 15:55:07,ROW_PROCESSING_ERROR,"Error processing row 54 in file /Volumes/TVault2/datasets/sugvu24/extracted_frames/case_012/extraction_results.csv: join() argument must be str, bytes, or os.PathLike object, not 'float'","Traceback (most recent call last):
  File ""/var/folders/1j/2k5xpt896fdb5rnbdm6nktnr0000gn/T/ipykernel_14640/3110420929.py"", line 58, in <module>
    img_path = os.path.join(root, frame_file)
               ^^^^^^^^^^^^^^^^^^^^^^^^^^^^^^
  File ""<frozen posixpath>"", line 90, in join
  File ""<frozen genericpath>"", line 164, in _check_arg_types
TypeError: join() argument must be str, bytes, or os.PathLike object, not 'float'
",/Volumes/TVault2/datasets/sugvu24/extracted_frames/case_012/extraction_results.csv,54.0,
2025-04-05 15:55:07,ROW_PROCESSING_ERROR,Error processing row 55 in file /Volumes/TVault2/datasets/sugvu24/extracted_frames/case_012/extraction_results.csv: name 'is_image_processed' is not defined,"Traceback (most recent call last):
  File ""/var/folders/1j/2k5xpt896fdb5rnbdm6nktnr0000gn/T/ipykernel_14640/3110420929.py"", line 61, in <module>
    if is_image_processed(img_path):
       ^^^^^^^^^^^^^^^^^^
NameError: name 'is_image_processed' is not defined
",/Volumes/TVault2/datasets/sugvu24/extracted_frames/case_012/extraction_results.csv,55.0,
2025-04-05 15:55:07,ROW_PROCESSING_ERROR,Error processing row 56 in file /Volumes/TVault2/datasets/sugvu24/extracted_frames/case_012/extraction_results.csv: name 'is_image_processed' is not defined,"Traceback (most recent call last):
  File ""/var/folders/1j/2k5xpt896fdb5rnbdm6nktnr0000gn/T/ipykernel_14640/3110420929.py"", line 61, in <module>
    if is_image_processed(img_path):
       ^^^^^^^^^^^^^^^^^^
NameError: name 'is_image_processed' is not defined
",/Volumes/TVault2/datasets/sugvu24/extracted_frames/case_012/extraction_results.csv,56.0,
2025-04-05 15:55:07,ROW_PROCESSING_ERROR,Error processing row 57 in file /Volumes/TVault2/datasets/sugvu24/extracted_frames/case_012/extraction_results.csv: name 'is_image_processed' is not defined,"Traceback (most recent call last):
  File ""/var/folders/1j/2k5xpt896fdb5rnbdm6nktnr0000gn/T/ipykernel_14640/3110420929.py"", line 61, in <module>
    if is_image_processed(img_path):
       ^^^^^^^^^^^^^^^^^^
NameError: name 'is_image_processed' is not defined
",/Volumes/TVault2/datasets/sugvu24/extracted_frames/case_012/extraction_results.csv,57.0,
2025-04-05 15:55:07,ROW_PROCESSING_ERROR,Error processing row 58 in file /Volumes/TVault2/datasets/sugvu24/extracted_frames/case_012/extraction_results.csv: name 'is_image_processed' is not defined,"Traceback (most recent call last):
  File ""/var/folders/1j/2k5xpt896fdb5rnbdm6nktnr0000gn/T/ipykernel_14640/3110420929.py"", line 61, in <module>
    if is_image_processed(img_path):
       ^^^^^^^^^^^^^^^^^^
NameError: name 'is_image_processed' is not defined
",/Volumes/TVault2/datasets/sugvu24/extracted_frames/case_012/extraction_results.csv,58.0,
2025-04-05 15:55:07,ROW_PROCESSING_ERROR,Error processing row 59 in file /Volumes/TVault2/datasets/sugvu24/extracted_frames/case_012/extraction_results.csv: name 'is_image_processed' is not defined,"Traceback (most recent call last):
  File ""/var/folders/1j/2k5xpt896fdb5rnbdm6nktnr0000gn/T/ipykernel_14640/3110420929.py"", line 61, in <module>
    if is_image_processed(img_path):
       ^^^^^^^^^^^^^^^^^^
NameError: name 'is_image_processed' is not defined
",/Volumes/TVault2/datasets/sugvu24/extracted_frames/case_012/extraction_results.csv,59.0,
2025-04-05 15:55:07,ROW_PROCESSING_ERROR,"Error processing row 60 in file /Volumes/TVault2/datasets/sugvu24/extracted_frames/case_012/extraction_results.csv: join() argument must be str, bytes, or os.PathLike object, not 'float'","Traceback (most recent call last):
  File ""/var/folders/1j/2k5xpt896fdb5rnbdm6nktnr0000gn/T/ipykernel_14640/3110420929.py"", line 58, in <module>
    img_path = os.path.join(root, frame_file)
               ^^^^^^^^^^^^^^^^^^^^^^^^^^^^^^
  File ""<frozen posixpath>"", line 90, in join
  File ""<frozen genericpath>"", line 164, in _check_arg_types
TypeError: join() argument must be str, bytes, or os.PathLike object, not 'float'
",/Volumes/TVault2/datasets/sugvu24/extracted_frames/case_012/extraction_results.csv,60.0,
2025-04-05 15:55:07,ROW_PROCESSING_ERROR,"Error processing row 61 in file /Volumes/TVault2/datasets/sugvu24/extracted_frames/case_012/extraction_results.csv: join() argument must be str, bytes, or os.PathLike object, not 'float'","Traceback (most recent call last):
  File ""/var/folders/1j/2k5xpt896fdb5rnbdm6nktnr0000gn/T/ipykernel_14640/3110420929.py"", line 58, in <module>
    img_path = os.path.join(root, frame_file)
               ^^^^^^^^^^^^^^^^^^^^^^^^^^^^^^
  File ""<frozen posixpath>"", line 90, in join
  File ""<frozen genericpath>"", line 164, in _check_arg_types
TypeError: join() argument must be str, bytes, or os.PathLike object, not 'float'
",/Volumes/TVault2/datasets/sugvu24/extracted_frames/case_012/extraction_results.csv,61.0,
2025-04-05 15:55:07,ROW_PROCESSING_ERROR,"Error processing row 62 in file /Volumes/TVault2/datasets/sugvu24/extracted_frames/case_012/extraction_results.csv: join() argument must be str, bytes, or os.PathLike object, not 'float'","Traceback (most recent call last):
  File ""/var/folders/1j/2k5xpt896fdb5rnbdm6nktnr0000gn/T/ipykernel_14640/3110420929.py"", line 58, in <module>
    img_path = os.path.join(root, frame_file)
               ^^^^^^^^^^^^^^^^^^^^^^^^^^^^^^
  File ""<frozen posixpath>"", line 90, in join
  File ""<frozen genericpath>"", line 164, in _check_arg_types
TypeError: join() argument must be str, bytes, or os.PathLike object, not 'float'
",/Volumes/TVault2/datasets/sugvu24/extracted_frames/case_012/extraction_results.csv,62.0,
2025-04-05 15:55:07,ROW_PROCESSING_ERROR,"Error processing row 63 in file /Volumes/TVault2/datasets/sugvu24/extracted_frames/case_012/extraction_results.csv: join() argument must be str, bytes, or os.PathLike object, not 'float'","Traceback (most recent call last):
  File ""/var/folders/1j/2k5xpt896fdb5rnbdm6nktnr0000gn/T/ipykernel_14640/3110420929.py"", line 58, in <module>
    img_path = os.path.join(root, frame_file)
               ^^^^^^^^^^^^^^^^^^^^^^^^^^^^^^
  File ""<frozen posixpath>"", line 90, in join
  File ""<frozen genericpath>"", line 164, in _check_arg_types
TypeError: join() argument must be str, bytes, or os.PathLike object, not 'float'
",/Volumes/TVault2/datasets/sugvu24/extracted_frames/case_012/extraction_results.csv,63.0,
2025-04-05 15:55:07,ROW_PROCESSING_ERROR,"Error processing row 64 in file /Volumes/TVault2/datasets/sugvu24/extracted_frames/case_012/extraction_results.csv: join() argument must be str, bytes, or os.PathLike object, not 'float'","Traceback (most recent call last):
  File ""/var/folders/1j/2k5xpt896fdb5rnbdm6nktnr0000gn/T/ipykernel_14640/3110420929.py"", line 58, in <module>
    img_path = os.path.join(root, frame_file)
               ^^^^^^^^^^^^^^^^^^^^^^^^^^^^^^
  File ""<frozen posixpath>"", line 90, in join
  File ""<frozen genericpath>"", line 164, in _check_arg_types
TypeError: join() argument must be str, bytes, or os.PathLike object, not 'float'
",/Volumes/TVault2/datasets/sugvu24/extracted_frames/case_012/extraction_results.csv,64.0,
2025-04-05 15:55:07,ROW_PROCESSING_ERROR,"Error processing row 65 in file /Volumes/TVault2/datasets/sugvu24/extracted_frames/case_012/extraction_results.csv: join() argument must be str, bytes, or os.PathLike object, not 'float'","Traceback (most recent call last):
  File ""/var/folders/1j/2k5xpt896fdb5rnbdm6nktnr0000gn/T/ipykernel_14640/3110420929.py"", line 58, in <module>
    img_path = os.path.join(root, frame_file)
               ^^^^^^^^^^^^^^^^^^^^^^^^^^^^^^
  File ""<frozen posixpath>"", line 90, in join
  File ""<frozen genericpath>"", line 164, in _check_arg_types
TypeError: join() argument must be str, bytes, or os.PathLike object, not 'float'
",/Volumes/TVault2/datasets/sugvu24/extracted_frames/case_012/extraction_results.csv,65.0,
2025-04-05 15:55:07,ROW_PROCESSING_ERROR,"Error processing row 66 in file /Volumes/TVault2/datasets/sugvu24/extracted_frames/case_012/extraction_results.csv: join() argument must be str, bytes, or os.PathLike object, not 'float'","Traceback (most recent call last):
  File ""/var/folders/1j/2k5xpt896fdb5rnbdm6nktnr0000gn/T/ipykernel_14640/3110420929.py"", line 58, in <module>
    img_path = os.path.join(root, frame_file)
               ^^^^^^^^^^^^^^^^^^^^^^^^^^^^^^
  File ""<frozen posixpath>"", line 90, in join
  File ""<frozen genericpath>"", line 164, in _check_arg_types
TypeError: join() argument must be str, bytes, or os.PathLike object, not 'float'
",/Volumes/TVault2/datasets/sugvu24/extracted_frames/case_012/extraction_results.csv,66.0,
2025-04-05 15:55:07,ROW_PROCESSING_ERROR,"Error processing row 67 in file /Volumes/TVault2/datasets/sugvu24/extracted_frames/case_012/extraction_results.csv: join() argument must be str, bytes, or os.PathLike object, not 'float'","Traceback (most recent call last):
  File ""/var/folders/1j/2k5xpt896fdb5rnbdm6nktnr0000gn/T/ipykernel_14640/3110420929.py"", line 58, in <module>
    img_path = os.path.join(root, frame_file)
               ^^^^^^^^^^^^^^^^^^^^^^^^^^^^^^
  File ""<frozen posixpath>"", line 90, in join
  File ""<frozen genericpath>"", line 164, in _check_arg_types
TypeError: join() argument must be str, bytes, or os.PathLike object, not 'float'
",/Volumes/TVault2/datasets/sugvu24/extracted_frames/case_012/extraction_results.csv,67.0,
2025-04-05 15:55:07,ROW_PROCESSING_ERROR,"Error processing row 68 in file /Volumes/TVault2/datasets/sugvu24/extracted_frames/case_012/extraction_results.csv: join() argument must be str, bytes, or os.PathLike object, not 'float'","Traceback (most recent call last):
  File ""/var/folders/1j/2k5xpt896fdb5rnbdm6nktnr0000gn/T/ipykernel_14640/3110420929.py"", line 58, in <module>
    img_path = os.path.join(root, frame_file)
               ^^^^^^^^^^^^^^^^^^^^^^^^^^^^^^
  File ""<frozen posixpath>"", line 90, in join
  File ""<frozen genericpath>"", line 164, in _check_arg_types
TypeError: join() argument must be str, bytes, or os.PathLike object, not 'float'
",/Volumes/TVault2/datasets/sugvu24/extracted_frames/case_012/extraction_results.csv,68.0,
2025-04-05 15:55:07,ROW_PROCESSING_ERROR,"Error processing row 69 in file /Volumes/TVault2/datasets/sugvu24/extracted_frames/case_012/extraction_results.csv: join() argument must be str, bytes, or os.PathLike object, not 'float'","Traceback (most recent call last):
  File ""/var/folders/1j/2k5xpt896fdb5rnbdm6nktnr0000gn/T/ipykernel_14640/3110420929.py"", line 58, in <module>
    img_path = os.path.join(root, frame_file)
               ^^^^^^^^^^^^^^^^^^^^^^^^^^^^^^
  File ""<frozen posixpath>"", line 90, in join
  File ""<frozen genericpath>"", line 164, in _check_arg_types
TypeError: join() argument must be str, bytes, or os.PathLike object, not 'float'
",/Volumes/TVault2/datasets/sugvu24/extracted_frames/case_012/extraction_results.csv,69.0,
2025-04-05 15:55:07,ROW_PROCESSING_ERROR,"Error processing row 70 in file /Volumes/TVault2/datasets/sugvu24/extracted_frames/case_012/extraction_results.csv: join() argument must be str, bytes, or os.PathLike object, not 'float'","Traceback (most recent call last):
  File ""/var/folders/1j/2k5xpt896fdb5rnbdm6nktnr0000gn/T/ipykernel_14640/3110420929.py"", line 58, in <module>
    img_path = os.path.join(root, frame_file)
               ^^^^^^^^^^^^^^^^^^^^^^^^^^^^^^
  File ""<frozen posixpath>"", line 90, in join
  File ""<frozen genericpath>"", line 164, in _check_arg_types
TypeError: join() argument must be str, bytes, or os.PathLike object, not 'float'
",/Volumes/TVault2/datasets/sugvu24/extracted_frames/case_012/extraction_results.csv,70.0,
2025-04-05 15:55:07,ROW_PROCESSING_ERROR,"Error processing row 71 in file /Volumes/TVault2/datasets/sugvu24/extracted_frames/case_012/extraction_results.csv: join() argument must be str, bytes, or os.PathLike object, not 'float'","Traceback (most recent call last):
  File ""/var/folders/1j/2k5xpt896fdb5rnbdm6nktnr0000gn/T/ipykernel_14640/3110420929.py"", line 58, in <module>
    img_path = os.path.join(root, frame_file)
               ^^^^^^^^^^^^^^^^^^^^^^^^^^^^^^
  File ""<frozen posixpath>"", line 90, in join
  File ""<frozen genericpath>"", line 164, in _check_arg_types
TypeError: join() argument must be str, bytes, or os.PathLike object, not 'float'
",/Volumes/TVault2/datasets/sugvu24/extracted_frames/case_012/extraction_results.csv,71.0,
2025-04-05 15:55:07,ROW_PROCESSING_ERROR,"Error processing row 72 in file /Volumes/TVault2/datasets/sugvu24/extracted_frames/case_012/extraction_results.csv: join() argument must be str, bytes, or os.PathLike object, not 'float'","Traceback (most recent call last):
  File ""/var/folders/1j/2k5xpt896fdb5rnbdm6nktnr0000gn/T/ipykernel_14640/3110420929.py"", line 58, in <module>
    img_path = os.path.join(root, frame_file)
               ^^^^^^^^^^^^^^^^^^^^^^^^^^^^^^
  File ""<frozen posixpath>"", line 90, in join
  File ""<frozen genericpath>"", line 164, in _check_arg_types
TypeError: join() argument must be str, bytes, or os.PathLike object, not 'float'
",/Volumes/TVault2/datasets/sugvu24/extracted_frames/case_012/extraction_results.csv,72.0,
2025-04-05 15:55:07,ROW_PROCESSING_ERROR,"Error processing row 73 in file /Volumes/TVault2/datasets/sugvu24/extracted_frames/case_012/extraction_results.csv: join() argument must be str, bytes, or os.PathLike object, not 'float'","Traceback (most recent call last):
  File ""/var/folders/1j/2k5xpt896fdb5rnbdm6nktnr0000gn/T/ipykernel_14640/3110420929.py"", line 58, in <module>
    img_path = os.path.join(root, frame_file)
               ^^^^^^^^^^^^^^^^^^^^^^^^^^^^^^
  File ""<frozen posixpath>"", line 90, in join
  File ""<frozen genericpath>"", line 164, in _check_arg_types
TypeError: join() argument must be str, bytes, or os.PathLike object, not 'float'
",/Volumes/TVault2/datasets/sugvu24/extracted_frames/case_012/extraction_results.csv,73.0,
2025-04-05 15:55:07,ROW_PROCESSING_ERROR,Error processing row 74 in file /Volumes/TVault2/datasets/sugvu24/extracted_frames/case_012/extraction_results.csv: name 'is_image_processed' is not defined,"Traceback (most recent call last):
  File ""/var/folders/1j/2k5xpt896fdb5rnbdm6nktnr0000gn/T/ipykernel_14640/3110420929.py"", line 61, in <module>
    if is_image_processed(img_path):
       ^^^^^^^^^^^^^^^^^^
NameError: name 'is_image_processed' is not defined
",/Volumes/TVault2/datasets/sugvu24/extracted_frames/case_012/extraction_results.csv,74.0,
2025-04-05 15:55:07,ROW_PROCESSING_ERROR,Error processing row 75 in file /Volumes/TVault2/datasets/sugvu24/extracted_frames/case_012/extraction_results.csv: name 'is_image_processed' is not defined,"Traceback (most recent call last):
  File ""/var/folders/1j/2k5xpt896fdb5rnbdm6nktnr0000gn/T/ipykernel_14640/3110420929.py"", line 61, in <module>
    if is_image_processed(img_path):
       ^^^^^^^^^^^^^^^^^^
NameError: name 'is_image_processed' is not defined
",/Volumes/TVault2/datasets/sugvu24/extracted_frames/case_012/extraction_results.csv,75.0,
2025-04-05 15:55:07,ROW_PROCESSING_ERROR,Error processing row 76 in file /Volumes/TVault2/datasets/sugvu24/extracted_frames/case_012/extraction_results.csv: name 'is_image_processed' is not defined,"Traceback (most recent call last):
  File ""/var/folders/1j/2k5xpt896fdb5rnbdm6nktnr0000gn/T/ipykernel_14640/3110420929.py"", line 61, in <module>
    if is_image_processed(img_path):
       ^^^^^^^^^^^^^^^^^^
NameError: name 'is_image_processed' is not defined
",/Volumes/TVault2/datasets/sugvu24/extracted_frames/case_012/extraction_results.csv,76.0,
2025-04-05 15:55:08,ROW_PROCESSING_ERROR,Error processing row 77 in file /Volumes/TVault2/datasets/sugvu24/extracted_frames/case_012/extraction_results.csv: name 'is_image_processed' is not defined,"Traceback (most recent call last):
  File ""/var/folders/1j/2k5xpt896fdb5rnbdm6nktnr0000gn/T/ipykernel_14640/3110420929.py"", line 61, in <module>
    if is_image_processed(img_path):
       ^^^^^^^^^^^^^^^^^^
NameError: name 'is_image_processed' is not defined
",/Volumes/TVault2/datasets/sugvu24/extracted_frames/case_012/extraction_results.csv,77.0,
2025-04-05 15:55:08,ROW_PROCESSING_ERROR,Error processing row 78 in file /Volumes/TVault2/datasets/sugvu24/extracted_frames/case_012/extraction_results.csv: name 'is_image_processed' is not defined,"Traceback (most recent call last):
  File ""/var/folders/1j/2k5xpt896fdb5rnbdm6nktnr0000gn/T/ipykernel_14640/3110420929.py"", line 61, in <module>
    if is_image_processed(img_path):
       ^^^^^^^^^^^^^^^^^^
NameError: name 'is_image_processed' is not defined
",/Volumes/TVault2/datasets/sugvu24/extracted_frames/case_012/extraction_results.csv,78.0,
2025-04-05 15:55:08,ROW_PROCESSING_ERROR,Error processing row 79 in file /Volumes/TVault2/datasets/sugvu24/extracted_frames/case_012/extraction_results.csv: name 'is_image_processed' is not defined,"Traceback (most recent call last):
  File ""/var/folders/1j/2k5xpt896fdb5rnbdm6nktnr0000gn/T/ipykernel_14640/3110420929.py"", line 61, in <module>
    if is_image_processed(img_path):
       ^^^^^^^^^^^^^^^^^^
NameError: name 'is_image_processed' is not defined
",/Volumes/TVault2/datasets/sugvu24/extracted_frames/case_012/extraction_results.csv,79.0,
2025-04-05 15:55:08,ROW_PROCESSING_ERROR,Error processing row 80 in file /Volumes/TVault2/datasets/sugvu24/extracted_frames/case_012/extraction_results.csv: name 'is_image_processed' is not defined,"Traceback (most recent call last):
  File ""/var/folders/1j/2k5xpt896fdb5rnbdm6nktnr0000gn/T/ipykernel_14640/3110420929.py"", line 61, in <module>
    if is_image_processed(img_path):
       ^^^^^^^^^^^^^^^^^^
NameError: name 'is_image_processed' is not defined
",/Volumes/TVault2/datasets/sugvu24/extracted_frames/case_012/extraction_results.csv,80.0,
2025-04-05 15:55:08,ROW_PROCESSING_ERROR,"Error processing row 0 in file /Volumes/TVault2/datasets/sugvu24/extracted_frames/case_013/extraction_results.csv: join() argument must be str, bytes, or os.PathLike object, not 'float'","Traceback (most recent call last):
  File ""/var/folders/1j/2k5xpt896fdb5rnbdm6nktnr0000gn/T/ipykernel_14640/3110420929.py"", line 58, in <module>
    img_path = os.path.join(root, frame_file)
               ^^^^^^^^^^^^^^^^^^^^^^^^^^^^^^
  File ""<frozen posixpath>"", line 90, in join
  File ""<frozen genericpath>"", line 164, in _check_arg_types
TypeError: join() argument must be str, bytes, or os.PathLike object, not 'float'
",/Volumes/TVault2/datasets/sugvu24/extracted_frames/case_013/extraction_results.csv,0.0,
2025-04-05 15:55:08,ROW_PROCESSING_ERROR,Error processing row 1 in file /Volumes/TVault2/datasets/sugvu24/extracted_frames/case_013/extraction_results.csv: name 'is_image_processed' is not defined,"Traceback (most recent call last):
  File ""/var/folders/1j/2k5xpt896fdb5rnbdm6nktnr0000gn/T/ipykernel_14640/3110420929.py"", line 61, in <module>
    if is_image_processed(img_path):
       ^^^^^^^^^^^^^^^^^^
NameError: name 'is_image_processed' is not defined
",/Volumes/TVault2/datasets/sugvu24/extracted_frames/case_013/extraction_results.csv,1.0,
2025-04-05 15:55:08,ROW_PROCESSING_ERROR,Error processing row 2 in file /Volumes/TVault2/datasets/sugvu24/extracted_frames/case_013/extraction_results.csv: name 'is_image_processed' is not defined,"Traceback (most recent call last):
  File ""/var/folders/1j/2k5xpt896fdb5rnbdm6nktnr0000gn/T/ipykernel_14640/3110420929.py"", line 61, in <module>
    if is_image_processed(img_path):
       ^^^^^^^^^^^^^^^^^^
NameError: name 'is_image_processed' is not defined
",/Volumes/TVault2/datasets/sugvu24/extracted_frames/case_013/extraction_results.csv,2.0,
2025-04-05 15:55:08,ROW_PROCESSING_ERROR,Error processing row 3 in file /Volumes/TVault2/datasets/sugvu24/extracted_frames/case_013/extraction_results.csv: name 'is_image_processed' is not defined,"Traceback (most recent call last):
  File ""/var/folders/1j/2k5xpt896fdb5rnbdm6nktnr0000gn/T/ipykernel_14640/3110420929.py"", line 61, in <module>
    if is_image_processed(img_path):
       ^^^^^^^^^^^^^^^^^^
NameError: name 'is_image_processed' is not defined
",/Volumes/TVault2/datasets/sugvu24/extracted_frames/case_013/extraction_results.csv,3.0,
2025-04-05 15:55:08,ROW_PROCESSING_ERROR,Error processing row 4 in file /Volumes/TVault2/datasets/sugvu24/extracted_frames/case_013/extraction_results.csv: name 'is_image_processed' is not defined,"Traceback (most recent call last):
  File ""/var/folders/1j/2k5xpt896fdb5rnbdm6nktnr0000gn/T/ipykernel_14640/3110420929.py"", line 61, in <module>
    if is_image_processed(img_path):
       ^^^^^^^^^^^^^^^^^^
NameError: name 'is_image_processed' is not defined
",/Volumes/TVault2/datasets/sugvu24/extracted_frames/case_013/extraction_results.csv,4.0,
2025-04-05 15:55:08,ROW_PROCESSING_ERROR,Error processing row 5 in file /Volumes/TVault2/datasets/sugvu24/extracted_frames/case_013/extraction_results.csv: name 'is_image_processed' is not defined,"Traceback (most recent call last):
  File ""/var/folders/1j/2k5xpt896fdb5rnbdm6nktnr0000gn/T/ipykernel_14640/3110420929.py"", line 61, in <module>
    if is_image_processed(img_path):
       ^^^^^^^^^^^^^^^^^^
NameError: name 'is_image_processed' is not defined
",/Volumes/TVault2/datasets/sugvu24/extracted_frames/case_013/extraction_results.csv,5.0,
2025-04-05 15:55:08,ROW_PROCESSING_ERROR,Error processing row 6 in file /Volumes/TVault2/datasets/sugvu24/extracted_frames/case_013/extraction_results.csv: name 'is_image_processed' is not defined,"Traceback (most recent call last):
  File ""/var/folders/1j/2k5xpt896fdb5rnbdm6nktnr0000gn/T/ipykernel_14640/3110420929.py"", line 61, in <module>
    if is_image_processed(img_path):
       ^^^^^^^^^^^^^^^^^^
NameError: name 'is_image_processed' is not defined
",/Volumes/TVault2/datasets/sugvu24/extracted_frames/case_013/extraction_results.csv,6.0,
2025-04-05 15:55:08,ROW_PROCESSING_ERROR,Error processing row 7 in file /Volumes/TVault2/datasets/sugvu24/extracted_frames/case_013/extraction_results.csv: name 'is_image_processed' is not defined,"Traceback (most recent call last):
  File ""/var/folders/1j/2k5xpt896fdb5rnbdm6nktnr0000gn/T/ipykernel_14640/3110420929.py"", line 61, in <module>
    if is_image_processed(img_path):
       ^^^^^^^^^^^^^^^^^^
NameError: name 'is_image_processed' is not defined
",/Volumes/TVault2/datasets/sugvu24/extracted_frames/case_013/extraction_results.csv,7.0,
2025-04-05 15:55:08,ROW_PROCESSING_ERROR,Error processing row 8 in file /Volumes/TVault2/datasets/sugvu24/extracted_frames/case_013/extraction_results.csv: name 'is_image_processed' is not defined,"Traceback (most recent call last):
  File ""/var/folders/1j/2k5xpt896fdb5rnbdm6nktnr0000gn/T/ipykernel_14640/3110420929.py"", line 61, in <module>
    if is_image_processed(img_path):
       ^^^^^^^^^^^^^^^^^^
NameError: name 'is_image_processed' is not defined
",/Volumes/TVault2/datasets/sugvu24/extracted_frames/case_013/extraction_results.csv,8.0,
2025-04-05 15:55:08,ROW_PROCESSING_ERROR,Error processing row 9 in file /Volumes/TVault2/datasets/sugvu24/extracted_frames/case_013/extraction_results.csv: name 'is_image_processed' is not defined,"Traceback (most recent call last):
  File ""/var/folders/1j/2k5xpt896fdb5rnbdm6nktnr0000gn/T/ipykernel_14640/3110420929.py"", line 61, in <module>
    if is_image_processed(img_path):
       ^^^^^^^^^^^^^^^^^^
NameError: name 'is_image_processed' is not defined
",/Volumes/TVault2/datasets/sugvu24/extracted_frames/case_013/extraction_results.csv,9.0,
2025-04-05 15:55:08,ROW_PROCESSING_ERROR,Error processing row 10 in file /Volumes/TVault2/datasets/sugvu24/extracted_frames/case_013/extraction_results.csv: name 'is_image_processed' is not defined,"Traceback (most recent call last):
  File ""/var/folders/1j/2k5xpt896fdb5rnbdm6nktnr0000gn/T/ipykernel_14640/3110420929.py"", line 61, in <module>
    if is_image_processed(img_path):
       ^^^^^^^^^^^^^^^^^^
NameError: name 'is_image_processed' is not defined
",/Volumes/TVault2/datasets/sugvu24/extracted_frames/case_013/extraction_results.csv,10.0,
2025-04-05 15:55:08,ROW_PROCESSING_ERROR,Error processing row 11 in file /Volumes/TVault2/datasets/sugvu24/extracted_frames/case_013/extraction_results.csv: name 'is_image_processed' is not defined,"Traceback (most recent call last):
  File ""/var/folders/1j/2k5xpt896fdb5rnbdm6nktnr0000gn/T/ipykernel_14640/3110420929.py"", line 61, in <module>
    if is_image_processed(img_path):
       ^^^^^^^^^^^^^^^^^^
NameError: name 'is_image_processed' is not defined
",/Volumes/TVault2/datasets/sugvu24/extracted_frames/case_013/extraction_results.csv,11.0,
2025-04-05 15:55:08,ROW_PROCESSING_ERROR,Error processing row 12 in file /Volumes/TVault2/datasets/sugvu24/extracted_frames/case_013/extraction_results.csv: name 'is_image_processed' is not defined,"Traceback (most recent call last):
  File ""/var/folders/1j/2k5xpt896fdb5rnbdm6nktnr0000gn/T/ipykernel_14640/3110420929.py"", line 61, in <module>
    if is_image_processed(img_path):
       ^^^^^^^^^^^^^^^^^^
NameError: name 'is_image_processed' is not defined
",/Volumes/TVault2/datasets/sugvu24/extracted_frames/case_013/extraction_results.csv,12.0,
2025-04-05 15:55:08,ROW_PROCESSING_ERROR,Error processing row 13 in file /Volumes/TVault2/datasets/sugvu24/extracted_frames/case_013/extraction_results.csv: name 'is_image_processed' is not defined,"Traceback (most recent call last):
  File ""/var/folders/1j/2k5xpt896fdb5rnbdm6nktnr0000gn/T/ipykernel_14640/3110420929.py"", line 61, in <module>
    if is_image_processed(img_path):
       ^^^^^^^^^^^^^^^^^^
NameError: name 'is_image_processed' is not defined
",/Volumes/TVault2/datasets/sugvu24/extracted_frames/case_013/extraction_results.csv,13.0,
2025-04-05 15:55:08,ROW_PROCESSING_ERROR,Error processing row 14 in file /Volumes/TVault2/datasets/sugvu24/extracted_frames/case_013/extraction_results.csv: name 'is_image_processed' is not defined,"Traceback (most recent call last):
  File ""/var/folders/1j/2k5xpt896fdb5rnbdm6nktnr0000gn/T/ipykernel_14640/3110420929.py"", line 61, in <module>
    if is_image_processed(img_path):
       ^^^^^^^^^^^^^^^^^^
NameError: name 'is_image_processed' is not defined
",/Volumes/TVault2/datasets/sugvu24/extracted_frames/case_013/extraction_results.csv,14.0,
2025-04-05 15:55:08,ROW_PROCESSING_ERROR,Error processing row 15 in file /Volumes/TVault2/datasets/sugvu24/extracted_frames/case_013/extraction_results.csv: name 'is_image_processed' is not defined,"Traceback (most recent call last):
  File ""/var/folders/1j/2k5xpt896fdb5rnbdm6nktnr0000gn/T/ipykernel_14640/3110420929.py"", line 61, in <module>
    if is_image_processed(img_path):
       ^^^^^^^^^^^^^^^^^^
NameError: name 'is_image_processed' is not defined
",/Volumes/TVault2/datasets/sugvu24/extracted_frames/case_013/extraction_results.csv,15.0,
2025-04-05 15:55:08,ROW_PROCESSING_ERROR,Error processing row 16 in file /Volumes/TVault2/datasets/sugvu24/extracted_frames/case_013/extraction_results.csv: name 'is_image_processed' is not defined,"Traceback (most recent call last):
  File ""/var/folders/1j/2k5xpt896fdb5rnbdm6nktnr0000gn/T/ipykernel_14640/3110420929.py"", line 61, in <module>
    if is_image_processed(img_path):
       ^^^^^^^^^^^^^^^^^^
NameError: name 'is_image_processed' is not defined
",/Volumes/TVault2/datasets/sugvu24/extracted_frames/case_013/extraction_results.csv,16.0,
2025-04-05 15:55:08,ROW_PROCESSING_ERROR,Error processing row 17 in file /Volumes/TVault2/datasets/sugvu24/extracted_frames/case_013/extraction_results.csv: name 'is_image_processed' is not defined,"Traceback (most recent call last):
  File ""/var/folders/1j/2k5xpt896fdb5rnbdm6nktnr0000gn/T/ipykernel_14640/3110420929.py"", line 61, in <module>
    if is_image_processed(img_path):
       ^^^^^^^^^^^^^^^^^^
NameError: name 'is_image_processed' is not defined
",/Volumes/TVault2/datasets/sugvu24/extracted_frames/case_013/extraction_results.csv,17.0,
2025-04-05 15:55:08,ROW_PROCESSING_ERROR,Error processing row 18 in file /Volumes/TVault2/datasets/sugvu24/extracted_frames/case_013/extraction_results.csv: name 'is_image_processed' is not defined,"Traceback (most recent call last):
  File ""/var/folders/1j/2k5xpt896fdb5rnbdm6nktnr0000gn/T/ipykernel_14640/3110420929.py"", line 61, in <module>
    if is_image_processed(img_path):
       ^^^^^^^^^^^^^^^^^^
NameError: name 'is_image_processed' is not defined
",/Volumes/TVault2/datasets/sugvu24/extracted_frames/case_013/extraction_results.csv,18.0,
2025-04-05 15:55:08,ROW_PROCESSING_ERROR,Error processing row 19 in file /Volumes/TVault2/datasets/sugvu24/extracted_frames/case_013/extraction_results.csv: name 'is_image_processed' is not defined,"Traceback (most recent call last):
  File ""/var/folders/1j/2k5xpt896fdb5rnbdm6nktnr0000gn/T/ipykernel_14640/3110420929.py"", line 61, in <module>
    if is_image_processed(img_path):
       ^^^^^^^^^^^^^^^^^^
NameError: name 'is_image_processed' is not defined
",/Volumes/TVault2/datasets/sugvu24/extracted_frames/case_013/extraction_results.csv,19.0,
2025-04-05 15:55:08,ROW_PROCESSING_ERROR,Error processing row 20 in file /Volumes/TVault2/datasets/sugvu24/extracted_frames/case_013/extraction_results.csv: name 'is_image_processed' is not defined,"Traceback (most recent call last):
  File ""/var/folders/1j/2k5xpt896fdb5rnbdm6nktnr0000gn/T/ipykernel_14640/3110420929.py"", line 61, in <module>
    if is_image_processed(img_path):
       ^^^^^^^^^^^^^^^^^^
NameError: name 'is_image_processed' is not defined
",/Volumes/TVault2/datasets/sugvu24/extracted_frames/case_013/extraction_results.csv,20.0,
2025-04-05 15:55:08,ROW_PROCESSING_ERROR,Error processing row 21 in file /Volumes/TVault2/datasets/sugvu24/extracted_frames/case_013/extraction_results.csv: name 'is_image_processed' is not defined,"Traceback (most recent call last):
  File ""/var/folders/1j/2k5xpt896fdb5rnbdm6nktnr0000gn/T/ipykernel_14640/3110420929.py"", line 61, in <module>
    if is_image_processed(img_path):
       ^^^^^^^^^^^^^^^^^^
NameError: name 'is_image_processed' is not defined
",/Volumes/TVault2/datasets/sugvu24/extracted_frames/case_013/extraction_results.csv,21.0,
2025-04-05 15:55:08,ROW_PROCESSING_ERROR,Error processing row 22 in file /Volumes/TVault2/datasets/sugvu24/extracted_frames/case_013/extraction_results.csv: name 'is_image_processed' is not defined,"Traceback (most recent call last):
  File ""/var/folders/1j/2k5xpt896fdb5rnbdm6nktnr0000gn/T/ipykernel_14640/3110420929.py"", line 61, in <module>
    if is_image_processed(img_path):
       ^^^^^^^^^^^^^^^^^^
NameError: name 'is_image_processed' is not defined
",/Volumes/TVault2/datasets/sugvu24/extracted_frames/case_013/extraction_results.csv,22.0,
2025-04-05 15:55:08,ROW_PROCESSING_ERROR,Error processing row 23 in file /Volumes/TVault2/datasets/sugvu24/extracted_frames/case_013/extraction_results.csv: name 'is_image_processed' is not defined,"Traceback (most recent call last):
  File ""/var/folders/1j/2k5xpt896fdb5rnbdm6nktnr0000gn/T/ipykernel_14640/3110420929.py"", line 61, in <module>
    if is_image_processed(img_path):
       ^^^^^^^^^^^^^^^^^^
NameError: name 'is_image_processed' is not defined
",/Volumes/TVault2/datasets/sugvu24/extracted_frames/case_013/extraction_results.csv,23.0,
2025-04-05 15:55:08,ROW_PROCESSING_ERROR,Error processing row 24 in file /Volumes/TVault2/datasets/sugvu24/extracted_frames/case_013/extraction_results.csv: name 'is_image_processed' is not defined,"Traceback (most recent call last):
  File ""/var/folders/1j/2k5xpt896fdb5rnbdm6nktnr0000gn/T/ipykernel_14640/3110420929.py"", line 61, in <module>
    if is_image_processed(img_path):
       ^^^^^^^^^^^^^^^^^^
NameError: name 'is_image_processed' is not defined
",/Volumes/TVault2/datasets/sugvu24/extracted_frames/case_013/extraction_results.csv,24.0,
2025-04-05 15:55:08,ROW_PROCESSING_ERROR,Error processing row 25 in file /Volumes/TVault2/datasets/sugvu24/extracted_frames/case_013/extraction_results.csv: name 'is_image_processed' is not defined,"Traceback (most recent call last):
  File ""/var/folders/1j/2k5xpt896fdb5rnbdm6nktnr0000gn/T/ipykernel_14640/3110420929.py"", line 61, in <module>
    if is_image_processed(img_path):
       ^^^^^^^^^^^^^^^^^^
NameError: name 'is_image_processed' is not defined
",/Volumes/TVault2/datasets/sugvu24/extracted_frames/case_013/extraction_results.csv,25.0,
2025-04-05 15:55:08,ROW_PROCESSING_ERROR,Error processing row 26 in file /Volumes/TVault2/datasets/sugvu24/extracted_frames/case_013/extraction_results.csv: name 'is_image_processed' is not defined,"Traceback (most recent call last):
  File ""/var/folders/1j/2k5xpt896fdb5rnbdm6nktnr0000gn/T/ipykernel_14640/3110420929.py"", line 61, in <module>
    if is_image_processed(img_path):
       ^^^^^^^^^^^^^^^^^^
NameError: name 'is_image_processed' is not defined
",/Volumes/TVault2/datasets/sugvu24/extracted_frames/case_013/extraction_results.csv,26.0,
2025-04-05 15:55:08,ROW_PROCESSING_ERROR,Error processing row 27 in file /Volumes/TVault2/datasets/sugvu24/extracted_frames/case_013/extraction_results.csv: name 'is_image_processed' is not defined,"Traceback (most recent call last):
  File ""/var/folders/1j/2k5xpt896fdb5rnbdm6nktnr0000gn/T/ipykernel_14640/3110420929.py"", line 61, in <module>
    if is_image_processed(img_path):
       ^^^^^^^^^^^^^^^^^^
NameError: name 'is_image_processed' is not defined
",/Volumes/TVault2/datasets/sugvu24/extracted_frames/case_013/extraction_results.csv,27.0,
2025-04-05 15:55:08,ROW_PROCESSING_ERROR,Error processing row 28 in file /Volumes/TVault2/datasets/sugvu24/extracted_frames/case_013/extraction_results.csv: name 'is_image_processed' is not defined,"Traceback (most recent call last):
  File ""/var/folders/1j/2k5xpt896fdb5rnbdm6nktnr0000gn/T/ipykernel_14640/3110420929.py"", line 61, in <module>
    if is_image_processed(img_path):
       ^^^^^^^^^^^^^^^^^^
NameError: name 'is_image_processed' is not defined
",/Volumes/TVault2/datasets/sugvu24/extracted_frames/case_013/extraction_results.csv,28.0,
2025-04-05 15:55:08,ROW_PROCESSING_ERROR,Error processing row 29 in file /Volumes/TVault2/datasets/sugvu24/extracted_frames/case_013/extraction_results.csv: name 'is_image_processed' is not defined,"Traceback (most recent call last):
  File ""/var/folders/1j/2k5xpt896fdb5rnbdm6nktnr0000gn/T/ipykernel_14640/3110420929.py"", line 61, in <module>
    if is_image_processed(img_path):
       ^^^^^^^^^^^^^^^^^^
NameError: name 'is_image_processed' is not defined
",/Volumes/TVault2/datasets/sugvu24/extracted_frames/case_013/extraction_results.csv,29.0,
2025-04-05 15:55:08,ROW_PROCESSING_ERROR,Error processing row 30 in file /Volumes/TVault2/datasets/sugvu24/extracted_frames/case_013/extraction_results.csv: name 'is_image_processed' is not defined,"Traceback (most recent call last):
  File ""/var/folders/1j/2k5xpt896fdb5rnbdm6nktnr0000gn/T/ipykernel_14640/3110420929.py"", line 61, in <module>
    if is_image_processed(img_path):
       ^^^^^^^^^^^^^^^^^^
NameError: name 'is_image_processed' is not defined
",/Volumes/TVault2/datasets/sugvu24/extracted_frames/case_013/extraction_results.csv,30.0,
2025-04-05 15:55:08,ROW_PROCESSING_ERROR,Error processing row 31 in file /Volumes/TVault2/datasets/sugvu24/extracted_frames/case_013/extraction_results.csv: name 'is_image_processed' is not defined,"Traceback (most recent call last):
  File ""/var/folders/1j/2k5xpt896fdb5rnbdm6nktnr0000gn/T/ipykernel_14640/3110420929.py"", line 61, in <module>
    if is_image_processed(img_path):
       ^^^^^^^^^^^^^^^^^^
NameError: name 'is_image_processed' is not defined
",/Volumes/TVault2/datasets/sugvu24/extracted_frames/case_013/extraction_results.csv,31.0,
2025-04-05 15:55:08,ROW_PROCESSING_ERROR,Error processing row 32 in file /Volumes/TVault2/datasets/sugvu24/extracted_frames/case_013/extraction_results.csv: name 'is_image_processed' is not defined,"Traceback (most recent call last):
  File ""/var/folders/1j/2k5xpt896fdb5rnbdm6nktnr0000gn/T/ipykernel_14640/3110420929.py"", line 61, in <module>
    if is_image_processed(img_path):
       ^^^^^^^^^^^^^^^^^^
NameError: name 'is_image_processed' is not defined
",/Volumes/TVault2/datasets/sugvu24/extracted_frames/case_013/extraction_results.csv,32.0,
2025-04-05 15:55:08,ROW_PROCESSING_ERROR,Error processing row 33 in file /Volumes/TVault2/datasets/sugvu24/extracted_frames/case_013/extraction_results.csv: name 'is_image_processed' is not defined,"Traceback (most recent call last):
  File ""/var/folders/1j/2k5xpt896fdb5rnbdm6nktnr0000gn/T/ipykernel_14640/3110420929.py"", line 61, in <module>
    if is_image_processed(img_path):
       ^^^^^^^^^^^^^^^^^^
NameError: name 'is_image_processed' is not defined
",/Volumes/TVault2/datasets/sugvu24/extracted_frames/case_013/extraction_results.csv,33.0,
2025-04-05 15:55:08,ROW_PROCESSING_ERROR,Error processing row 34 in file /Volumes/TVault2/datasets/sugvu24/extracted_frames/case_013/extraction_results.csv: name 'is_image_processed' is not defined,"Traceback (most recent call last):
  File ""/var/folders/1j/2k5xpt896fdb5rnbdm6nktnr0000gn/T/ipykernel_14640/3110420929.py"", line 61, in <module>
    if is_image_processed(img_path):
       ^^^^^^^^^^^^^^^^^^
NameError: name 'is_image_processed' is not defined
",/Volumes/TVault2/datasets/sugvu24/extracted_frames/case_013/extraction_results.csv,34.0,
2025-04-05 15:55:08,ROW_PROCESSING_ERROR,Error processing row 35 in file /Volumes/TVault2/datasets/sugvu24/extracted_frames/case_013/extraction_results.csv: name 'is_image_processed' is not defined,"Traceback (most recent call last):
  File ""/var/folders/1j/2k5xpt896fdb5rnbdm6nktnr0000gn/T/ipykernel_14640/3110420929.py"", line 61, in <module>
    if is_image_processed(img_path):
       ^^^^^^^^^^^^^^^^^^
NameError: name 'is_image_processed' is not defined
",/Volumes/TVault2/datasets/sugvu24/extracted_frames/case_013/extraction_results.csv,35.0,
2025-04-05 15:55:08,ROW_PROCESSING_ERROR,"Error processing row 36 in file /Volumes/TVault2/datasets/sugvu24/extracted_frames/case_013/extraction_results.csv: join() argument must be str, bytes, or os.PathLike object, not 'float'","Traceback (most recent call last):
  File ""/var/folders/1j/2k5xpt896fdb5rnbdm6nktnr0000gn/T/ipykernel_14640/3110420929.py"", line 58, in <module>
    img_path = os.path.join(root, frame_file)
               ^^^^^^^^^^^^^^^^^^^^^^^^^^^^^^
  File ""<frozen posixpath>"", line 90, in join
  File ""<frozen genericpath>"", line 164, in _check_arg_types
TypeError: join() argument must be str, bytes, or os.PathLike object, not 'float'
",/Volumes/TVault2/datasets/sugvu24/extracted_frames/case_013/extraction_results.csv,36.0,
2025-04-05 15:55:08,ROW_PROCESSING_ERROR,"Error processing row 37 in file /Volumes/TVault2/datasets/sugvu24/extracted_frames/case_013/extraction_results.csv: join() argument must be str, bytes, or os.PathLike object, not 'float'","Traceback (most recent call last):
  File ""/var/folders/1j/2k5xpt896fdb5rnbdm6nktnr0000gn/T/ipykernel_14640/3110420929.py"", line 58, in <module>
    img_path = os.path.join(root, frame_file)
               ^^^^^^^^^^^^^^^^^^^^^^^^^^^^^^
  File ""<frozen posixpath>"", line 90, in join
  File ""<frozen genericpath>"", line 164, in _check_arg_types
TypeError: join() argument must be str, bytes, or os.PathLike object, not 'float'
",/Volumes/TVault2/datasets/sugvu24/extracted_frames/case_013/extraction_results.csv,37.0,
2025-04-05 15:55:08,ROW_PROCESSING_ERROR,"Error processing row 38 in file /Volumes/TVault2/datasets/sugvu24/extracted_frames/case_013/extraction_results.csv: join() argument must be str, bytes, or os.PathLike object, not 'float'","Traceback (most recent call last):
  File ""/var/folders/1j/2k5xpt896fdb5rnbdm6nktnr0000gn/T/ipykernel_14640/3110420929.py"", line 58, in <module>
    img_path = os.path.join(root, frame_file)
               ^^^^^^^^^^^^^^^^^^^^^^^^^^^^^^
  File ""<frozen posixpath>"", line 90, in join
  File ""<frozen genericpath>"", line 164, in _check_arg_types
TypeError: join() argument must be str, bytes, or os.PathLike object, not 'float'
",/Volumes/TVault2/datasets/sugvu24/extracted_frames/case_013/extraction_results.csv,38.0,
2025-04-05 15:55:08,ROW_PROCESSING_ERROR,"Error processing row 39 in file /Volumes/TVault2/datasets/sugvu24/extracted_frames/case_013/extraction_results.csv: join() argument must be str, bytes, or os.PathLike object, not 'float'","Traceback (most recent call last):
  File ""/var/folders/1j/2k5xpt896fdb5rnbdm6nktnr0000gn/T/ipykernel_14640/3110420929.py"", line 58, in <module>
    img_path = os.path.join(root, frame_file)
               ^^^^^^^^^^^^^^^^^^^^^^^^^^^^^^
  File ""<frozen posixpath>"", line 90, in join
  File ""<frozen genericpath>"", line 164, in _check_arg_types
TypeError: join() argument must be str, bytes, or os.PathLike object, not 'float'
",/Volumes/TVault2/datasets/sugvu24/extracted_frames/case_013/extraction_results.csv,39.0,
2025-04-05 15:55:08,ROW_PROCESSING_ERROR,"Error processing row 40 in file /Volumes/TVault2/datasets/sugvu24/extracted_frames/case_013/extraction_results.csv: join() argument must be str, bytes, or os.PathLike object, not 'float'","Traceback (most recent call last):
  File ""/var/folders/1j/2k5xpt896fdb5rnbdm6nktnr0000gn/T/ipykernel_14640/3110420929.py"", line 58, in <module>
    img_path = os.path.join(root, frame_file)
               ^^^^^^^^^^^^^^^^^^^^^^^^^^^^^^
  File ""<frozen posixpath>"", line 90, in join
  File ""<frozen genericpath>"", line 164, in _check_arg_types
TypeError: join() argument must be str, bytes, or os.PathLike object, not 'float'
",/Volumes/TVault2/datasets/sugvu24/extracted_frames/case_013/extraction_results.csv,40.0,
2025-04-05 15:55:08,ROW_PROCESSING_ERROR,"Error processing row 41 in file /Volumes/TVault2/datasets/sugvu24/extracted_frames/case_013/extraction_results.csv: join() argument must be str, bytes, or os.PathLike object, not 'float'","Traceback (most recent call last):
  File ""/var/folders/1j/2k5xpt896fdb5rnbdm6nktnr0000gn/T/ipykernel_14640/3110420929.py"", line 58, in <module>
    img_path = os.path.join(root, frame_file)
               ^^^^^^^^^^^^^^^^^^^^^^^^^^^^^^
  File ""<frozen posixpath>"", line 90, in join
  File ""<frozen genericpath>"", line 164, in _check_arg_types
TypeError: join() argument must be str, bytes, or os.PathLike object, not 'float'
",/Volumes/TVault2/datasets/sugvu24/extracted_frames/case_013/extraction_results.csv,41.0,
2025-04-05 15:55:08,ROW_PROCESSING_ERROR,"Error processing row 42 in file /Volumes/TVault2/datasets/sugvu24/extracted_frames/case_013/extraction_results.csv: join() argument must be str, bytes, or os.PathLike object, not 'float'","Traceback (most recent call last):
  File ""/var/folders/1j/2k5xpt896fdb5rnbdm6nktnr0000gn/T/ipykernel_14640/3110420929.py"", line 58, in <module>
    img_path = os.path.join(root, frame_file)
               ^^^^^^^^^^^^^^^^^^^^^^^^^^^^^^
  File ""<frozen posixpath>"", line 90, in join
  File ""<frozen genericpath>"", line 164, in _check_arg_types
TypeError: join() argument must be str, bytes, or os.PathLike object, not 'float'
",/Volumes/TVault2/datasets/sugvu24/extracted_frames/case_013/extraction_results.csv,42.0,
2025-04-05 15:55:08,ROW_PROCESSING_ERROR,"Error processing row 43 in file /Volumes/TVault2/datasets/sugvu24/extracted_frames/case_013/extraction_results.csv: join() argument must be str, bytes, or os.PathLike object, not 'float'","Traceback (most recent call last):
  File ""/var/folders/1j/2k5xpt896fdb5rnbdm6nktnr0000gn/T/ipykernel_14640/3110420929.py"", line 58, in <module>
    img_path = os.path.join(root, frame_file)
               ^^^^^^^^^^^^^^^^^^^^^^^^^^^^^^
  File ""<frozen posixpath>"", line 90, in join
  File ""<frozen genericpath>"", line 164, in _check_arg_types
TypeError: join() argument must be str, bytes, or os.PathLike object, not 'float'
",/Volumes/TVault2/datasets/sugvu24/extracted_frames/case_013/extraction_results.csv,43.0,
2025-04-05 15:55:08,ROW_PROCESSING_ERROR,"Error processing row 44 in file /Volumes/TVault2/datasets/sugvu24/extracted_frames/case_013/extraction_results.csv: join() argument must be str, bytes, or os.PathLike object, not 'float'","Traceback (most recent call last):
  File ""/var/folders/1j/2k5xpt896fdb5rnbdm6nktnr0000gn/T/ipykernel_14640/3110420929.py"", line 58, in <module>
    img_path = os.path.join(root, frame_file)
               ^^^^^^^^^^^^^^^^^^^^^^^^^^^^^^
  File ""<frozen posixpath>"", line 90, in join
  File ""<frozen genericpath>"", line 164, in _check_arg_types
TypeError: join() argument must be str, bytes, or os.PathLike object, not 'float'
",/Volumes/TVault2/datasets/sugvu24/extracted_frames/case_013/extraction_results.csv,44.0,
2025-04-05 15:55:08,ROW_PROCESSING_ERROR,"Error processing row 45 in file /Volumes/TVault2/datasets/sugvu24/extracted_frames/case_013/extraction_results.csv: join() argument must be str, bytes, or os.PathLike object, not 'float'","Traceback (most recent call last):
  File ""/var/folders/1j/2k5xpt896fdb5rnbdm6nktnr0000gn/T/ipykernel_14640/3110420929.py"", line 58, in <module>
    img_path = os.path.join(root, frame_file)
               ^^^^^^^^^^^^^^^^^^^^^^^^^^^^^^
  File ""<frozen posixpath>"", line 90, in join
  File ""<frozen genericpath>"", line 164, in _check_arg_types
TypeError: join() argument must be str, bytes, or os.PathLike object, not 'float'
",/Volumes/TVault2/datasets/sugvu24/extracted_frames/case_013/extraction_results.csv,45.0,
2025-04-05 15:55:08,ROW_PROCESSING_ERROR,"Error processing row 46 in file /Volumes/TVault2/datasets/sugvu24/extracted_frames/case_013/extraction_results.csv: join() argument must be str, bytes, or os.PathLike object, not 'float'","Traceback (most recent call last):
  File ""/var/folders/1j/2k5xpt896fdb5rnbdm6nktnr0000gn/T/ipykernel_14640/3110420929.py"", line 58, in <module>
    img_path = os.path.join(root, frame_file)
               ^^^^^^^^^^^^^^^^^^^^^^^^^^^^^^
  File ""<frozen posixpath>"", line 90, in join
  File ""<frozen genericpath>"", line 164, in _check_arg_types
TypeError: join() argument must be str, bytes, or os.PathLike object, not 'float'
",/Volumes/TVault2/datasets/sugvu24/extracted_frames/case_013/extraction_results.csv,46.0,
2025-04-05 15:55:08,ROW_PROCESSING_ERROR,Error processing row 47 in file /Volumes/TVault2/datasets/sugvu24/extracted_frames/case_013/extraction_results.csv: name 'is_image_processed' is not defined,"Traceback (most recent call last):
  File ""/var/folders/1j/2k5xpt896fdb5rnbdm6nktnr0000gn/T/ipykernel_14640/3110420929.py"", line 61, in <module>
    if is_image_processed(img_path):
       ^^^^^^^^^^^^^^^^^^
NameError: name 'is_image_processed' is not defined
",/Volumes/TVault2/datasets/sugvu24/extracted_frames/case_013/extraction_results.csv,47.0,
2025-04-05 15:55:08,ROW_PROCESSING_ERROR,Error processing row 48 in file /Volumes/TVault2/datasets/sugvu24/extracted_frames/case_013/extraction_results.csv: name 'is_image_processed' is not defined,"Traceback (most recent call last):
  File ""/var/folders/1j/2k5xpt896fdb5rnbdm6nktnr0000gn/T/ipykernel_14640/3110420929.py"", line 61, in <module>
    if is_image_processed(img_path):
       ^^^^^^^^^^^^^^^^^^
NameError: name 'is_image_processed' is not defined
",/Volumes/TVault2/datasets/sugvu24/extracted_frames/case_013/extraction_results.csv,48.0,
2025-04-05 15:55:08,ROW_PROCESSING_ERROR,Error processing row 49 in file /Volumes/TVault2/datasets/sugvu24/extracted_frames/case_013/extraction_results.csv: name 'is_image_processed' is not defined,"Traceback (most recent call last):
  File ""/var/folders/1j/2k5xpt896fdb5rnbdm6nktnr0000gn/T/ipykernel_14640/3110420929.py"", line 61, in <module>
    if is_image_processed(img_path):
       ^^^^^^^^^^^^^^^^^^
NameError: name 'is_image_processed' is not defined
",/Volumes/TVault2/datasets/sugvu24/extracted_frames/case_013/extraction_results.csv,49.0,
2025-04-05 15:55:08,ROW_PROCESSING_ERROR,Error processing row 50 in file /Volumes/TVault2/datasets/sugvu24/extracted_frames/case_013/extraction_results.csv: name 'is_image_processed' is not defined,"Traceback (most recent call last):
  File ""/var/folders/1j/2k5xpt896fdb5rnbdm6nktnr0000gn/T/ipykernel_14640/3110420929.py"", line 61, in <module>
    if is_image_processed(img_path):
       ^^^^^^^^^^^^^^^^^^
NameError: name 'is_image_processed' is not defined
",/Volumes/TVault2/datasets/sugvu24/extracted_frames/case_013/extraction_results.csv,50.0,
2025-04-05 15:55:08,ROW_PROCESSING_ERROR,Error processing row 51 in file /Volumes/TVault2/datasets/sugvu24/extracted_frames/case_013/extraction_results.csv: name 'is_image_processed' is not defined,"Traceback (most recent call last):
  File ""/var/folders/1j/2k5xpt896fdb5rnbdm6nktnr0000gn/T/ipykernel_14640/3110420929.py"", line 61, in <module>
    if is_image_processed(img_path):
       ^^^^^^^^^^^^^^^^^^
NameError: name 'is_image_processed' is not defined
",/Volumes/TVault2/datasets/sugvu24/extracted_frames/case_013/extraction_results.csv,51.0,
2025-04-05 15:55:08,ROW_PROCESSING_ERROR,Error processing row 52 in file /Volumes/TVault2/datasets/sugvu24/extracted_frames/case_013/extraction_results.csv: name 'is_image_processed' is not defined,"Traceback (most recent call last):
  File ""/var/folders/1j/2k5xpt896fdb5rnbdm6nktnr0000gn/T/ipykernel_14640/3110420929.py"", line 61, in <module>
    if is_image_processed(img_path):
       ^^^^^^^^^^^^^^^^^^
NameError: name 'is_image_processed' is not defined
",/Volumes/TVault2/datasets/sugvu24/extracted_frames/case_013/extraction_results.csv,52.0,
2025-04-05 15:55:08,ROW_PROCESSING_ERROR,Error processing row 53 in file /Volumes/TVault2/datasets/sugvu24/extracted_frames/case_013/extraction_results.csv: name 'is_image_processed' is not defined,"Traceback (most recent call last):
  File ""/var/folders/1j/2k5xpt896fdb5rnbdm6nktnr0000gn/T/ipykernel_14640/3110420929.py"", line 61, in <module>
    if is_image_processed(img_path):
       ^^^^^^^^^^^^^^^^^^
NameError: name 'is_image_processed' is not defined
",/Volumes/TVault2/datasets/sugvu24/extracted_frames/case_013/extraction_results.csv,53.0,
2025-04-05 15:55:08,ROW_PROCESSING_ERROR,Error processing row 54 in file /Volumes/TVault2/datasets/sugvu24/extracted_frames/case_013/extraction_results.csv: name 'is_image_processed' is not defined,"Traceback (most recent call last):
  File ""/var/folders/1j/2k5xpt896fdb5rnbdm6nktnr0000gn/T/ipykernel_14640/3110420929.py"", line 61, in <module>
    if is_image_processed(img_path):
       ^^^^^^^^^^^^^^^^^^
NameError: name 'is_image_processed' is not defined
",/Volumes/TVault2/datasets/sugvu24/extracted_frames/case_013/extraction_results.csv,54.0,
2025-04-05 15:55:08,ROW_PROCESSING_ERROR,Error processing row 55 in file /Volumes/TVault2/datasets/sugvu24/extracted_frames/case_013/extraction_results.csv: name 'is_image_processed' is not defined,"Traceback (most recent call last):
  File ""/var/folders/1j/2k5xpt896fdb5rnbdm6nktnr0000gn/T/ipykernel_14640/3110420929.py"", line 61, in <module>
    if is_image_processed(img_path):
       ^^^^^^^^^^^^^^^^^^
NameError: name 'is_image_processed' is not defined
",/Volumes/TVault2/datasets/sugvu24/extracted_frames/case_013/extraction_results.csv,55.0,
2025-04-05 15:55:08,ROW_PROCESSING_ERROR,Error processing row 56 in file /Volumes/TVault2/datasets/sugvu24/extracted_frames/case_013/extraction_results.csv: name 'is_image_processed' is not defined,"Traceback (most recent call last):
  File ""/var/folders/1j/2k5xpt896fdb5rnbdm6nktnr0000gn/T/ipykernel_14640/3110420929.py"", line 61, in <module>
    if is_image_processed(img_path):
       ^^^^^^^^^^^^^^^^^^
NameError: name 'is_image_processed' is not defined
",/Volumes/TVault2/datasets/sugvu24/extracted_frames/case_013/extraction_results.csv,56.0,
2025-04-05 15:55:08,ROW_PROCESSING_ERROR,Error processing row 57 in file /Volumes/TVault2/datasets/sugvu24/extracted_frames/case_013/extraction_results.csv: name 'is_image_processed' is not defined,"Traceback (most recent call last):
  File ""/var/folders/1j/2k5xpt896fdb5rnbdm6nktnr0000gn/T/ipykernel_14640/3110420929.py"", line 61, in <module>
    if is_image_processed(img_path):
       ^^^^^^^^^^^^^^^^^^
NameError: name 'is_image_processed' is not defined
",/Volumes/TVault2/datasets/sugvu24/extracted_frames/case_013/extraction_results.csv,57.0,
2025-04-05 15:55:08,ROW_PROCESSING_ERROR,Error processing row 58 in file /Volumes/TVault2/datasets/sugvu24/extracted_frames/case_013/extraction_results.csv: name 'is_image_processed' is not defined,"Traceback (most recent call last):
  File ""/var/folders/1j/2k5xpt896fdb5rnbdm6nktnr0000gn/T/ipykernel_14640/3110420929.py"", line 61, in <module>
    if is_image_processed(img_path):
       ^^^^^^^^^^^^^^^^^^
NameError: name 'is_image_processed' is not defined
",/Volumes/TVault2/datasets/sugvu24/extracted_frames/case_013/extraction_results.csv,58.0,
2025-04-05 15:55:08,ROW_PROCESSING_ERROR,Error processing row 59 in file /Volumes/TVault2/datasets/sugvu24/extracted_frames/case_013/extraction_results.csv: name 'is_image_processed' is not defined,"Traceback (most recent call last):
  File ""/var/folders/1j/2k5xpt896fdb5rnbdm6nktnr0000gn/T/ipykernel_14640/3110420929.py"", line 61, in <module>
    if is_image_processed(img_path):
       ^^^^^^^^^^^^^^^^^^
NameError: name 'is_image_processed' is not defined
",/Volumes/TVault2/datasets/sugvu24/extracted_frames/case_013/extraction_results.csv,59.0,
2025-04-05 15:55:08,ROW_PROCESSING_ERROR,Error processing row 60 in file /Volumes/TVault2/datasets/sugvu24/extracted_frames/case_013/extraction_results.csv: name 'is_image_processed' is not defined,"Traceback (most recent call last):
  File ""/var/folders/1j/2k5xpt896fdb5rnbdm6nktnr0000gn/T/ipykernel_14640/3110420929.py"", line 61, in <module>
    if is_image_processed(img_path):
       ^^^^^^^^^^^^^^^^^^
NameError: name 'is_image_processed' is not defined
",/Volumes/TVault2/datasets/sugvu24/extracted_frames/case_013/extraction_results.csv,60.0,
2025-04-05 15:55:08,ROW_PROCESSING_ERROR,Error processing row 61 in file /Volumes/TVault2/datasets/sugvu24/extracted_frames/case_013/extraction_results.csv: name 'is_image_processed' is not defined,"Traceback (most recent call last):
  File ""/var/folders/1j/2k5xpt896fdb5rnbdm6nktnr0000gn/T/ipykernel_14640/3110420929.py"", line 61, in <module>
    if is_image_processed(img_path):
       ^^^^^^^^^^^^^^^^^^
NameError: name 'is_image_processed' is not defined
",/Volumes/TVault2/datasets/sugvu24/extracted_frames/case_013/extraction_results.csv,61.0,
2025-04-05 15:55:08,ROW_PROCESSING_ERROR,Error processing row 62 in file /Volumes/TVault2/datasets/sugvu24/extracted_frames/case_013/extraction_results.csv: name 'is_image_processed' is not defined,"Traceback (most recent call last):
  File ""/var/folders/1j/2k5xpt896fdb5rnbdm6nktnr0000gn/T/ipykernel_14640/3110420929.py"", line 61, in <module>
    if is_image_processed(img_path):
       ^^^^^^^^^^^^^^^^^^
NameError: name 'is_image_processed' is not defined
",/Volumes/TVault2/datasets/sugvu24/extracted_frames/case_013/extraction_results.csv,62.0,
2025-04-05 15:55:08,ROW_PROCESSING_ERROR,Error processing row 63 in file /Volumes/TVault2/datasets/sugvu24/extracted_frames/case_013/extraction_results.csv: name 'is_image_processed' is not defined,"Traceback (most recent call last):
  File ""/var/folders/1j/2k5xpt896fdb5rnbdm6nktnr0000gn/T/ipykernel_14640/3110420929.py"", line 61, in <module>
    if is_image_processed(img_path):
       ^^^^^^^^^^^^^^^^^^
NameError: name 'is_image_processed' is not defined
",/Volumes/TVault2/datasets/sugvu24/extracted_frames/case_013/extraction_results.csv,63.0,
2025-04-05 15:55:08,ROW_PROCESSING_ERROR,Error processing row 64 in file /Volumes/TVault2/datasets/sugvu24/extracted_frames/case_013/extraction_results.csv: name 'is_image_processed' is not defined,"Traceback (most recent call last):
  File ""/var/folders/1j/2k5xpt896fdb5rnbdm6nktnr0000gn/T/ipykernel_14640/3110420929.py"", line 61, in <module>
    if is_image_processed(img_path):
       ^^^^^^^^^^^^^^^^^^
NameError: name 'is_image_processed' is not defined
",/Volumes/TVault2/datasets/sugvu24/extracted_frames/case_013/extraction_results.csv,64.0,
2025-04-05 15:55:08,ROW_PROCESSING_ERROR,Error processing row 65 in file /Volumes/TVault2/datasets/sugvu24/extracted_frames/case_013/extraction_results.csv: name 'is_image_processed' is not defined,"Traceback (most recent call last):
  File ""/var/folders/1j/2k5xpt896fdb5rnbdm6nktnr0000gn/T/ipykernel_14640/3110420929.py"", line 61, in <module>
    if is_image_processed(img_path):
       ^^^^^^^^^^^^^^^^^^
NameError: name 'is_image_processed' is not defined
",/Volumes/TVault2/datasets/sugvu24/extracted_frames/case_013/extraction_results.csv,65.0,
2025-04-05 15:55:08,ROW_PROCESSING_ERROR,Error processing row 0 in file /Volumes/TVault2/datasets/sugvu24/extracted_frames/case_014/extraction_results.csv: name 'is_image_processed' is not defined,"Traceback (most recent call last):
  File ""/var/folders/1j/2k5xpt896fdb5rnbdm6nktnr0000gn/T/ipykernel_14640/3110420929.py"", line 61, in <module>
    if is_image_processed(img_path):
       ^^^^^^^^^^^^^^^^^^
NameError: name 'is_image_processed' is not defined
",/Volumes/TVault2/datasets/sugvu24/extracted_frames/case_014/extraction_results.csv,0.0,
2025-04-05 15:55:08,ROW_PROCESSING_ERROR,Error processing row 1 in file /Volumes/TVault2/datasets/sugvu24/extracted_frames/case_014/extraction_results.csv: name 'is_image_processed' is not defined,"Traceback (most recent call last):
  File ""/var/folders/1j/2k5xpt896fdb5rnbdm6nktnr0000gn/T/ipykernel_14640/3110420929.py"", line 61, in <module>
    if is_image_processed(img_path):
       ^^^^^^^^^^^^^^^^^^
NameError: name 'is_image_processed' is not defined
",/Volumes/TVault2/datasets/sugvu24/extracted_frames/case_014/extraction_results.csv,1.0,
2025-04-05 15:55:08,ROW_PROCESSING_ERROR,Error processing row 2 in file /Volumes/TVault2/datasets/sugvu24/extracted_frames/case_014/extraction_results.csv: name 'is_image_processed' is not defined,"Traceback (most recent call last):
  File ""/var/folders/1j/2k5xpt896fdb5rnbdm6nktnr0000gn/T/ipykernel_14640/3110420929.py"", line 61, in <module>
    if is_image_processed(img_path):
       ^^^^^^^^^^^^^^^^^^
NameError: name 'is_image_processed' is not defined
",/Volumes/TVault2/datasets/sugvu24/extracted_frames/case_014/extraction_results.csv,2.0,
2025-04-05 15:55:08,ROW_PROCESSING_ERROR,Error processing row 3 in file /Volumes/TVault2/datasets/sugvu24/extracted_frames/case_014/extraction_results.csv: name 'is_image_processed' is not defined,"Traceback (most recent call last):
  File ""/var/folders/1j/2k5xpt896fdb5rnbdm6nktnr0000gn/T/ipykernel_14640/3110420929.py"", line 61, in <module>
    if is_image_processed(img_path):
       ^^^^^^^^^^^^^^^^^^
NameError: name 'is_image_processed' is not defined
",/Volumes/TVault2/datasets/sugvu24/extracted_frames/case_014/extraction_results.csv,3.0,
2025-04-05 15:55:08,ROW_PROCESSING_ERROR,Error processing row 4 in file /Volumes/TVault2/datasets/sugvu24/extracted_frames/case_014/extraction_results.csv: name 'is_image_processed' is not defined,"Traceback (most recent call last):
  File ""/var/folders/1j/2k5xpt896fdb5rnbdm6nktnr0000gn/T/ipykernel_14640/3110420929.py"", line 61, in <module>
    if is_image_processed(img_path):
       ^^^^^^^^^^^^^^^^^^
NameError: name 'is_image_processed' is not defined
",/Volumes/TVault2/datasets/sugvu24/extracted_frames/case_014/extraction_results.csv,4.0,
2025-04-05 15:55:08,ROW_PROCESSING_ERROR,Error processing row 5 in file /Volumes/TVault2/datasets/sugvu24/extracted_frames/case_014/extraction_results.csv: name 'is_image_processed' is not defined,"Traceback (most recent call last):
  File ""/var/folders/1j/2k5xpt896fdb5rnbdm6nktnr0000gn/T/ipykernel_14640/3110420929.py"", line 61, in <module>
    if is_image_processed(img_path):
       ^^^^^^^^^^^^^^^^^^
NameError: name 'is_image_processed' is not defined
",/Volumes/TVault2/datasets/sugvu24/extracted_frames/case_014/extraction_results.csv,5.0,
2025-04-05 15:55:08,ROW_PROCESSING_ERROR,Error processing row 6 in file /Volumes/TVault2/datasets/sugvu24/extracted_frames/case_014/extraction_results.csv: name 'is_image_processed' is not defined,"Traceback (most recent call last):
  File ""/var/folders/1j/2k5xpt896fdb5rnbdm6nktnr0000gn/T/ipykernel_14640/3110420929.py"", line 61, in <module>
    if is_image_processed(img_path):
       ^^^^^^^^^^^^^^^^^^
NameError: name 'is_image_processed' is not defined
",/Volumes/TVault2/datasets/sugvu24/extracted_frames/case_014/extraction_results.csv,6.0,
2025-04-05 15:55:08,ROW_PROCESSING_ERROR,Error processing row 7 in file /Volumes/TVault2/datasets/sugvu24/extracted_frames/case_014/extraction_results.csv: name 'is_image_processed' is not defined,"Traceback (most recent call last):
  File ""/var/folders/1j/2k5xpt896fdb5rnbdm6nktnr0000gn/T/ipykernel_14640/3110420929.py"", line 61, in <module>
    if is_image_processed(img_path):
       ^^^^^^^^^^^^^^^^^^
NameError: name 'is_image_processed' is not defined
",/Volumes/TVault2/datasets/sugvu24/extracted_frames/case_014/extraction_results.csv,7.0,
2025-04-05 15:55:08,ROW_PROCESSING_ERROR,"Error processing row 8 in file /Volumes/TVault2/datasets/sugvu24/extracted_frames/case_014/extraction_results.csv: join() argument must be str, bytes, or os.PathLike object, not 'float'","Traceback (most recent call last):
  File ""/var/folders/1j/2k5xpt896fdb5rnbdm6nktnr0000gn/T/ipykernel_14640/3110420929.py"", line 58, in <module>
    img_path = os.path.join(root, frame_file)
               ^^^^^^^^^^^^^^^^^^^^^^^^^^^^^^
  File ""<frozen posixpath>"", line 90, in join
  File ""<frozen genericpath>"", line 164, in _check_arg_types
TypeError: join() argument must be str, bytes, or os.PathLike object, not 'float'
",/Volumes/TVault2/datasets/sugvu24/extracted_frames/case_014/extraction_results.csv,8.0,
2025-04-05 15:55:08,ROW_PROCESSING_ERROR,"Error processing row 9 in file /Volumes/TVault2/datasets/sugvu24/extracted_frames/case_014/extraction_results.csv: join() argument must be str, bytes, or os.PathLike object, not 'float'","Traceback (most recent call last):
  File ""/var/folders/1j/2k5xpt896fdb5rnbdm6nktnr0000gn/T/ipykernel_14640/3110420929.py"", line 58, in <module>
    img_path = os.path.join(root, frame_file)
               ^^^^^^^^^^^^^^^^^^^^^^^^^^^^^^
  File ""<frozen posixpath>"", line 90, in join
  File ""<frozen genericpath>"", line 164, in _check_arg_types
TypeError: join() argument must be str, bytes, or os.PathLike object, not 'float'
",/Volumes/TVault2/datasets/sugvu24/extracted_frames/case_014/extraction_results.csv,9.0,
2025-04-05 15:55:08,ROW_PROCESSING_ERROR,Error processing row 10 in file /Volumes/TVault2/datasets/sugvu24/extracted_frames/case_014/extraction_results.csv: name 'is_image_processed' is not defined,"Traceback (most recent call last):
  File ""/var/folders/1j/2k5xpt896fdb5rnbdm6nktnr0000gn/T/ipykernel_14640/3110420929.py"", line 61, in <module>
    if is_image_processed(img_path):
       ^^^^^^^^^^^^^^^^^^
NameError: name 'is_image_processed' is not defined
",/Volumes/TVault2/datasets/sugvu24/extracted_frames/case_014/extraction_results.csv,10.0,
2025-04-05 15:55:08,ROW_PROCESSING_ERROR,Error processing row 11 in file /Volumes/TVault2/datasets/sugvu24/extracted_frames/case_014/extraction_results.csv: name 'is_image_processed' is not defined,"Traceback (most recent call last):
  File ""/var/folders/1j/2k5xpt896fdb5rnbdm6nktnr0000gn/T/ipykernel_14640/3110420929.py"", line 61, in <module>
    if is_image_processed(img_path):
       ^^^^^^^^^^^^^^^^^^
NameError: name 'is_image_processed' is not defined
",/Volumes/TVault2/datasets/sugvu24/extracted_frames/case_014/extraction_results.csv,11.0,
2025-04-05 15:55:08,ROW_PROCESSING_ERROR,Error processing row 12 in file /Volumes/TVault2/datasets/sugvu24/extracted_frames/case_014/extraction_results.csv: name 'is_image_processed' is not defined,"Traceback (most recent call last):
  File ""/var/folders/1j/2k5xpt896fdb5rnbdm6nktnr0000gn/T/ipykernel_14640/3110420929.py"", line 61, in <module>
    if is_image_processed(img_path):
       ^^^^^^^^^^^^^^^^^^
NameError: name 'is_image_processed' is not defined
",/Volumes/TVault2/datasets/sugvu24/extracted_frames/case_014/extraction_results.csv,12.0,
2025-04-05 15:55:08,ROW_PROCESSING_ERROR,Error processing row 13 in file /Volumes/TVault2/datasets/sugvu24/extracted_frames/case_014/extraction_results.csv: name 'is_image_processed' is not defined,"Traceback (most recent call last):
  File ""/var/folders/1j/2k5xpt896fdb5rnbdm6nktnr0000gn/T/ipykernel_14640/3110420929.py"", line 61, in <module>
    if is_image_processed(img_path):
       ^^^^^^^^^^^^^^^^^^
NameError: name 'is_image_processed' is not defined
",/Volumes/TVault2/datasets/sugvu24/extracted_frames/case_014/extraction_results.csv,13.0,
2025-04-05 15:55:08,ROW_PROCESSING_ERROR,Error processing row 14 in file /Volumes/TVault2/datasets/sugvu24/extracted_frames/case_014/extraction_results.csv: name 'is_image_processed' is not defined,"Traceback (most recent call last):
  File ""/var/folders/1j/2k5xpt896fdb5rnbdm6nktnr0000gn/T/ipykernel_14640/3110420929.py"", line 61, in <module>
    if is_image_processed(img_path):
       ^^^^^^^^^^^^^^^^^^
NameError: name 'is_image_processed' is not defined
",/Volumes/TVault2/datasets/sugvu24/extracted_frames/case_014/extraction_results.csv,14.0,
2025-04-05 15:55:08,ROW_PROCESSING_ERROR,Error processing row 15 in file /Volumes/TVault2/datasets/sugvu24/extracted_frames/case_014/extraction_results.csv: name 'is_image_processed' is not defined,"Traceback (most recent call last):
  File ""/var/folders/1j/2k5xpt896fdb5rnbdm6nktnr0000gn/T/ipykernel_14640/3110420929.py"", line 61, in <module>
    if is_image_processed(img_path):
       ^^^^^^^^^^^^^^^^^^
NameError: name 'is_image_processed' is not defined
",/Volumes/TVault2/datasets/sugvu24/extracted_frames/case_014/extraction_results.csv,15.0,
2025-04-05 15:55:08,ROW_PROCESSING_ERROR,Error processing row 16 in file /Volumes/TVault2/datasets/sugvu24/extracted_frames/case_014/extraction_results.csv: name 'is_image_processed' is not defined,"Traceback (most recent call last):
  File ""/var/folders/1j/2k5xpt896fdb5rnbdm6nktnr0000gn/T/ipykernel_14640/3110420929.py"", line 61, in <module>
    if is_image_processed(img_path):
       ^^^^^^^^^^^^^^^^^^
NameError: name 'is_image_processed' is not defined
",/Volumes/TVault2/datasets/sugvu24/extracted_frames/case_014/extraction_results.csv,16.0,
2025-04-05 15:55:09,ROW_PROCESSING_ERROR,Error processing row 17 in file /Volumes/TVault2/datasets/sugvu24/extracted_frames/case_014/extraction_results.csv: name 'is_image_processed' is not defined,"Traceback (most recent call last):
  File ""/var/folders/1j/2k5xpt896fdb5rnbdm6nktnr0000gn/T/ipykernel_14640/3110420929.py"", line 61, in <module>
    if is_image_processed(img_path):
       ^^^^^^^^^^^^^^^^^^
NameError: name 'is_image_processed' is not defined
",/Volumes/TVault2/datasets/sugvu24/extracted_frames/case_014/extraction_results.csv,17.0,
2025-04-05 15:55:09,ROW_PROCESSING_ERROR,Error processing row 18 in file /Volumes/TVault2/datasets/sugvu24/extracted_frames/case_014/extraction_results.csv: name 'is_image_processed' is not defined,"Traceback (most recent call last):
  File ""/var/folders/1j/2k5xpt896fdb5rnbdm6nktnr0000gn/T/ipykernel_14640/3110420929.py"", line 61, in <module>
    if is_image_processed(img_path):
       ^^^^^^^^^^^^^^^^^^
NameError: name 'is_image_processed' is not defined
",/Volumes/TVault2/datasets/sugvu24/extracted_frames/case_014/extraction_results.csv,18.0,
2025-04-05 15:55:09,ROW_PROCESSING_ERROR,Error processing row 19 in file /Volumes/TVault2/datasets/sugvu24/extracted_frames/case_014/extraction_results.csv: name 'is_image_processed' is not defined,"Traceback (most recent call last):
  File ""/var/folders/1j/2k5xpt896fdb5rnbdm6nktnr0000gn/T/ipykernel_14640/3110420929.py"", line 61, in <module>
    if is_image_processed(img_path):
       ^^^^^^^^^^^^^^^^^^
NameError: name 'is_image_processed' is not defined
",/Volumes/TVault2/datasets/sugvu24/extracted_frames/case_014/extraction_results.csv,19.0,
2025-04-05 15:55:09,ROW_PROCESSING_ERROR,Error processing row 20 in file /Volumes/TVault2/datasets/sugvu24/extracted_frames/case_014/extraction_results.csv: name 'is_image_processed' is not defined,"Traceback (most recent call last):
  File ""/var/folders/1j/2k5xpt896fdb5rnbdm6nktnr0000gn/T/ipykernel_14640/3110420929.py"", line 61, in <module>
    if is_image_processed(img_path):
       ^^^^^^^^^^^^^^^^^^
NameError: name 'is_image_processed' is not defined
",/Volumes/TVault2/datasets/sugvu24/extracted_frames/case_014/extraction_results.csv,20.0,
2025-04-05 15:55:09,ROW_PROCESSING_ERROR,Error processing row 21 in file /Volumes/TVault2/datasets/sugvu24/extracted_frames/case_014/extraction_results.csv: name 'is_image_processed' is not defined,"Traceback (most recent call last):
  File ""/var/folders/1j/2k5xpt896fdb5rnbdm6nktnr0000gn/T/ipykernel_14640/3110420929.py"", line 61, in <module>
    if is_image_processed(img_path):
       ^^^^^^^^^^^^^^^^^^
NameError: name 'is_image_processed' is not defined
",/Volumes/TVault2/datasets/sugvu24/extracted_frames/case_014/extraction_results.csv,21.0,
2025-04-05 15:55:09,ROW_PROCESSING_ERROR,Error processing row 22 in file /Volumes/TVault2/datasets/sugvu24/extracted_frames/case_014/extraction_results.csv: name 'is_image_processed' is not defined,"Traceback (most recent call last):
  File ""/var/folders/1j/2k5xpt896fdb5rnbdm6nktnr0000gn/T/ipykernel_14640/3110420929.py"", line 61, in <module>
    if is_image_processed(img_path):
       ^^^^^^^^^^^^^^^^^^
NameError: name 'is_image_processed' is not defined
",/Volumes/TVault2/datasets/sugvu24/extracted_frames/case_014/extraction_results.csv,22.0,
2025-04-05 15:55:09,ROW_PROCESSING_ERROR,Error processing row 23 in file /Volumes/TVault2/datasets/sugvu24/extracted_frames/case_014/extraction_results.csv: name 'is_image_processed' is not defined,"Traceback (most recent call last):
  File ""/var/folders/1j/2k5xpt896fdb5rnbdm6nktnr0000gn/T/ipykernel_14640/3110420929.py"", line 61, in <module>
    if is_image_processed(img_path):
       ^^^^^^^^^^^^^^^^^^
NameError: name 'is_image_processed' is not defined
",/Volumes/TVault2/datasets/sugvu24/extracted_frames/case_014/extraction_results.csv,23.0,
2025-04-05 15:55:09,ROW_PROCESSING_ERROR,Error processing row 24 in file /Volumes/TVault2/datasets/sugvu24/extracted_frames/case_014/extraction_results.csv: name 'is_image_processed' is not defined,"Traceback (most recent call last):
  File ""/var/folders/1j/2k5xpt896fdb5rnbdm6nktnr0000gn/T/ipykernel_14640/3110420929.py"", line 61, in <module>
    if is_image_processed(img_path):
       ^^^^^^^^^^^^^^^^^^
NameError: name 'is_image_processed' is not defined
",/Volumes/TVault2/datasets/sugvu24/extracted_frames/case_014/extraction_results.csv,24.0,
2025-04-05 15:55:09,ROW_PROCESSING_ERROR,Error processing row 25 in file /Volumes/TVault2/datasets/sugvu24/extracted_frames/case_014/extraction_results.csv: name 'is_image_processed' is not defined,"Traceback (most recent call last):
  File ""/var/folders/1j/2k5xpt896fdb5rnbdm6nktnr0000gn/T/ipykernel_14640/3110420929.py"", line 61, in <module>
    if is_image_processed(img_path):
       ^^^^^^^^^^^^^^^^^^
NameError: name 'is_image_processed' is not defined
",/Volumes/TVault2/datasets/sugvu24/extracted_frames/case_014/extraction_results.csv,25.0,
2025-04-05 15:55:09,ROW_PROCESSING_ERROR,Error processing row 26 in file /Volumes/TVault2/datasets/sugvu24/extracted_frames/case_014/extraction_results.csv: name 'is_image_processed' is not defined,"Traceback (most recent call last):
  File ""/var/folders/1j/2k5xpt896fdb5rnbdm6nktnr0000gn/T/ipykernel_14640/3110420929.py"", line 61, in <module>
    if is_image_processed(img_path):
       ^^^^^^^^^^^^^^^^^^
NameError: name 'is_image_processed' is not defined
",/Volumes/TVault2/datasets/sugvu24/extracted_frames/case_014/extraction_results.csv,26.0,
2025-04-05 15:55:09,ROW_PROCESSING_ERROR,Error processing row 27 in file /Volumes/TVault2/datasets/sugvu24/extracted_frames/case_014/extraction_results.csv: name 'is_image_processed' is not defined,"Traceback (most recent call last):
  File ""/var/folders/1j/2k5xpt896fdb5rnbdm6nktnr0000gn/T/ipykernel_14640/3110420929.py"", line 61, in <module>
    if is_image_processed(img_path):
       ^^^^^^^^^^^^^^^^^^
NameError: name 'is_image_processed' is not defined
",/Volumes/TVault2/datasets/sugvu24/extracted_frames/case_014/extraction_results.csv,27.0,
2025-04-05 15:55:09,ROW_PROCESSING_ERROR,Error processing row 28 in file /Volumes/TVault2/datasets/sugvu24/extracted_frames/case_014/extraction_results.csv: name 'is_image_processed' is not defined,"Traceback (most recent call last):
  File ""/var/folders/1j/2k5xpt896fdb5rnbdm6nktnr0000gn/T/ipykernel_14640/3110420929.py"", line 61, in <module>
    if is_image_processed(img_path):
       ^^^^^^^^^^^^^^^^^^
NameError: name 'is_image_processed' is not defined
",/Volumes/TVault2/datasets/sugvu24/extracted_frames/case_014/extraction_results.csv,28.0,
2025-04-05 15:55:09,ROW_PROCESSING_ERROR,Error processing row 29 in file /Volumes/TVault2/datasets/sugvu24/extracted_frames/case_014/extraction_results.csv: name 'is_image_processed' is not defined,"Traceback (most recent call last):
  File ""/var/folders/1j/2k5xpt896fdb5rnbdm6nktnr0000gn/T/ipykernel_14640/3110420929.py"", line 61, in <module>
    if is_image_processed(img_path):
       ^^^^^^^^^^^^^^^^^^
NameError: name 'is_image_processed' is not defined
",/Volumes/TVault2/datasets/sugvu24/extracted_frames/case_014/extraction_results.csv,29.0,
2025-04-05 15:55:09,ROW_PROCESSING_ERROR,Error processing row 30 in file /Volumes/TVault2/datasets/sugvu24/extracted_frames/case_014/extraction_results.csv: name 'is_image_processed' is not defined,"Traceback (most recent call last):
  File ""/var/folders/1j/2k5xpt896fdb5rnbdm6nktnr0000gn/T/ipykernel_14640/3110420929.py"", line 61, in <module>
    if is_image_processed(img_path):
       ^^^^^^^^^^^^^^^^^^
NameError: name 'is_image_processed' is not defined
",/Volumes/TVault2/datasets/sugvu24/extracted_frames/case_014/extraction_results.csv,30.0,
2025-04-05 15:55:09,ROW_PROCESSING_ERROR,Error processing row 31 in file /Volumes/TVault2/datasets/sugvu24/extracted_frames/case_014/extraction_results.csv: name 'is_image_processed' is not defined,"Traceback (most recent call last):
  File ""/var/folders/1j/2k5xpt896fdb5rnbdm6nktnr0000gn/T/ipykernel_14640/3110420929.py"", line 61, in <module>
    if is_image_processed(img_path):
       ^^^^^^^^^^^^^^^^^^
NameError: name 'is_image_processed' is not defined
",/Volumes/TVault2/datasets/sugvu24/extracted_frames/case_014/extraction_results.csv,31.0,
2025-04-05 15:55:09,ROW_PROCESSING_ERROR,Error processing row 32 in file /Volumes/TVault2/datasets/sugvu24/extracted_frames/case_014/extraction_results.csv: name 'is_image_processed' is not defined,"Traceback (most recent call last):
  File ""/var/folders/1j/2k5xpt896fdb5rnbdm6nktnr0000gn/T/ipykernel_14640/3110420929.py"", line 61, in <module>
    if is_image_processed(img_path):
       ^^^^^^^^^^^^^^^^^^
NameError: name 'is_image_processed' is not defined
",/Volumes/TVault2/datasets/sugvu24/extracted_frames/case_014/extraction_results.csv,32.0,
2025-04-05 15:55:09,ROW_PROCESSING_ERROR,Error processing row 33 in file /Volumes/TVault2/datasets/sugvu24/extracted_frames/case_014/extraction_results.csv: name 'is_image_processed' is not defined,"Traceback (most recent call last):
  File ""/var/folders/1j/2k5xpt896fdb5rnbdm6nktnr0000gn/T/ipykernel_14640/3110420929.py"", line 61, in <module>
    if is_image_processed(img_path):
       ^^^^^^^^^^^^^^^^^^
NameError: name 'is_image_processed' is not defined
",/Volumes/TVault2/datasets/sugvu24/extracted_frames/case_014/extraction_results.csv,33.0,
2025-04-05 15:55:09,ROW_PROCESSING_ERROR,Error processing row 34 in file /Volumes/TVault2/datasets/sugvu24/extracted_frames/case_014/extraction_results.csv: name 'is_image_processed' is not defined,"Traceback (most recent call last):
  File ""/var/folders/1j/2k5xpt896fdb5rnbdm6nktnr0000gn/T/ipykernel_14640/3110420929.py"", line 61, in <module>
    if is_image_processed(img_path):
       ^^^^^^^^^^^^^^^^^^
NameError: name 'is_image_processed' is not defined
",/Volumes/TVault2/datasets/sugvu24/extracted_frames/case_014/extraction_results.csv,34.0,
2025-04-05 15:55:09,ROW_PROCESSING_ERROR,Error processing row 35 in file /Volumes/TVault2/datasets/sugvu24/extracted_frames/case_014/extraction_results.csv: name 'is_image_processed' is not defined,"Traceback (most recent call last):
  File ""/var/folders/1j/2k5xpt896fdb5rnbdm6nktnr0000gn/T/ipykernel_14640/3110420929.py"", line 61, in <module>
    if is_image_processed(img_path):
       ^^^^^^^^^^^^^^^^^^
NameError: name 'is_image_processed' is not defined
",/Volumes/TVault2/datasets/sugvu24/extracted_frames/case_014/extraction_results.csv,35.0,
2025-04-05 15:55:09,ROW_PROCESSING_ERROR,Error processing row 36 in file /Volumes/TVault2/datasets/sugvu24/extracted_frames/case_014/extraction_results.csv: name 'is_image_processed' is not defined,"Traceback (most recent call last):
  File ""/var/folders/1j/2k5xpt896fdb5rnbdm6nktnr0000gn/T/ipykernel_14640/3110420929.py"", line 61, in <module>
    if is_image_processed(img_path):
       ^^^^^^^^^^^^^^^^^^
NameError: name 'is_image_processed' is not defined
",/Volumes/TVault2/datasets/sugvu24/extracted_frames/case_014/extraction_results.csv,36.0,
2025-04-05 15:55:09,ROW_PROCESSING_ERROR,Error processing row 37 in file /Volumes/TVault2/datasets/sugvu24/extracted_frames/case_014/extraction_results.csv: name 'is_image_processed' is not defined,"Traceback (most recent call last):
  File ""/var/folders/1j/2k5xpt896fdb5rnbdm6nktnr0000gn/T/ipykernel_14640/3110420929.py"", line 61, in <module>
    if is_image_processed(img_path):
       ^^^^^^^^^^^^^^^^^^
NameError: name 'is_image_processed' is not defined
",/Volumes/TVault2/datasets/sugvu24/extracted_frames/case_014/extraction_results.csv,37.0,
2025-04-05 15:55:09,ROW_PROCESSING_ERROR,Error processing row 38 in file /Volumes/TVault2/datasets/sugvu24/extracted_frames/case_014/extraction_results.csv: name 'is_image_processed' is not defined,"Traceback (most recent call last):
  File ""/var/folders/1j/2k5xpt896fdb5rnbdm6nktnr0000gn/T/ipykernel_14640/3110420929.py"", line 61, in <module>
    if is_image_processed(img_path):
       ^^^^^^^^^^^^^^^^^^
NameError: name 'is_image_processed' is not defined
",/Volumes/TVault2/datasets/sugvu24/extracted_frames/case_014/extraction_results.csv,38.0,
2025-04-05 15:55:09,ROW_PROCESSING_ERROR,Error processing row 39 in file /Volumes/TVault2/datasets/sugvu24/extracted_frames/case_014/extraction_results.csv: name 'is_image_processed' is not defined,"Traceback (most recent call last):
  File ""/var/folders/1j/2k5xpt896fdb5rnbdm6nktnr0000gn/T/ipykernel_14640/3110420929.py"", line 61, in <module>
    if is_image_processed(img_path):
       ^^^^^^^^^^^^^^^^^^
NameError: name 'is_image_processed' is not defined
",/Volumes/TVault2/datasets/sugvu24/extracted_frames/case_014/extraction_results.csv,39.0,
2025-04-05 15:55:09,ROW_PROCESSING_ERROR,Error processing row 40 in file /Volumes/TVault2/datasets/sugvu24/extracted_frames/case_014/extraction_results.csv: name 'is_image_processed' is not defined,"Traceback (most recent call last):
  File ""/var/folders/1j/2k5xpt896fdb5rnbdm6nktnr0000gn/T/ipykernel_14640/3110420929.py"", line 61, in <module>
    if is_image_processed(img_path):
       ^^^^^^^^^^^^^^^^^^
NameError: name 'is_image_processed' is not defined
",/Volumes/TVault2/datasets/sugvu24/extracted_frames/case_014/extraction_results.csv,40.0,
2025-04-05 15:55:09,ROW_PROCESSING_ERROR,Error processing row 41 in file /Volumes/TVault2/datasets/sugvu24/extracted_frames/case_014/extraction_results.csv: name 'is_image_processed' is not defined,"Traceback (most recent call last):
  File ""/var/folders/1j/2k5xpt896fdb5rnbdm6nktnr0000gn/T/ipykernel_14640/3110420929.py"", line 61, in <module>
    if is_image_processed(img_path):
       ^^^^^^^^^^^^^^^^^^
NameError: name 'is_image_processed' is not defined
",/Volumes/TVault2/datasets/sugvu24/extracted_frames/case_014/extraction_results.csv,41.0,
2025-04-05 15:55:09,ROW_PROCESSING_ERROR,Error processing row 42 in file /Volumes/TVault2/datasets/sugvu24/extracted_frames/case_014/extraction_results.csv: name 'is_image_processed' is not defined,"Traceback (most recent call last):
  File ""/var/folders/1j/2k5xpt896fdb5rnbdm6nktnr0000gn/T/ipykernel_14640/3110420929.py"", line 61, in <module>
    if is_image_processed(img_path):
       ^^^^^^^^^^^^^^^^^^
NameError: name 'is_image_processed' is not defined
",/Volumes/TVault2/datasets/sugvu24/extracted_frames/case_014/extraction_results.csv,42.0,
2025-04-05 15:55:09,ROW_PROCESSING_ERROR,Error processing row 43 in file /Volumes/TVault2/datasets/sugvu24/extracted_frames/case_014/extraction_results.csv: name 'is_image_processed' is not defined,"Traceback (most recent call last):
  File ""/var/folders/1j/2k5xpt896fdb5rnbdm6nktnr0000gn/T/ipykernel_14640/3110420929.py"", line 61, in <module>
    if is_image_processed(img_path):
       ^^^^^^^^^^^^^^^^^^
NameError: name 'is_image_processed' is not defined
",/Volumes/TVault2/datasets/sugvu24/extracted_frames/case_014/extraction_results.csv,43.0,
2025-04-05 15:55:09,ROW_PROCESSING_ERROR,"Error processing row 44 in file /Volumes/TVault2/datasets/sugvu24/extracted_frames/case_014/extraction_results.csv: join() argument must be str, bytes, or os.PathLike object, not 'float'","Traceback (most recent call last):
  File ""/var/folders/1j/2k5xpt896fdb5rnbdm6nktnr0000gn/T/ipykernel_14640/3110420929.py"", line 58, in <module>
    img_path = os.path.join(root, frame_file)
               ^^^^^^^^^^^^^^^^^^^^^^^^^^^^^^
  File ""<frozen posixpath>"", line 90, in join
  File ""<frozen genericpath>"", line 164, in _check_arg_types
TypeError: join() argument must be str, bytes, or os.PathLike object, not 'float'
",/Volumes/TVault2/datasets/sugvu24/extracted_frames/case_014/extraction_results.csv,44.0,
2025-04-05 15:55:09,ROW_PROCESSING_ERROR,Error processing row 45 in file /Volumes/TVault2/datasets/sugvu24/extracted_frames/case_014/extraction_results.csv: name 'is_image_processed' is not defined,"Traceback (most recent call last):
  File ""/var/folders/1j/2k5xpt896fdb5rnbdm6nktnr0000gn/T/ipykernel_14640/3110420929.py"", line 61, in <module>
    if is_image_processed(img_path):
       ^^^^^^^^^^^^^^^^^^
NameError: name 'is_image_processed' is not defined
",/Volumes/TVault2/datasets/sugvu24/extracted_frames/case_014/extraction_results.csv,45.0,
2025-04-05 15:55:09,ROW_PROCESSING_ERROR,Error processing row 46 in file /Volumes/TVault2/datasets/sugvu24/extracted_frames/case_014/extraction_results.csv: name 'is_image_processed' is not defined,"Traceback (most recent call last):
  File ""/var/folders/1j/2k5xpt896fdb5rnbdm6nktnr0000gn/T/ipykernel_14640/3110420929.py"", line 61, in <module>
    if is_image_processed(img_path):
       ^^^^^^^^^^^^^^^^^^
NameError: name 'is_image_processed' is not defined
",/Volumes/TVault2/datasets/sugvu24/extracted_frames/case_014/extraction_results.csv,46.0,
2025-04-05 15:55:09,ROW_PROCESSING_ERROR,Error processing row 47 in file /Volumes/TVault2/datasets/sugvu24/extracted_frames/case_014/extraction_results.csv: name 'is_image_processed' is not defined,"Traceback (most recent call last):
  File ""/var/folders/1j/2k5xpt896fdb5rnbdm6nktnr0000gn/T/ipykernel_14640/3110420929.py"", line 61, in <module>
    if is_image_processed(img_path):
       ^^^^^^^^^^^^^^^^^^
NameError: name 'is_image_processed' is not defined
",/Volumes/TVault2/datasets/sugvu24/extracted_frames/case_014/extraction_results.csv,47.0,
2025-04-05 15:55:09,ROW_PROCESSING_ERROR,Error processing row 48 in file /Volumes/TVault2/datasets/sugvu24/extracted_frames/case_014/extraction_results.csv: name 'is_image_processed' is not defined,"Traceback (most recent call last):
  File ""/var/folders/1j/2k5xpt896fdb5rnbdm6nktnr0000gn/T/ipykernel_14640/3110420929.py"", line 61, in <module>
    if is_image_processed(img_path):
       ^^^^^^^^^^^^^^^^^^
NameError: name 'is_image_processed' is not defined
",/Volumes/TVault2/datasets/sugvu24/extracted_frames/case_014/extraction_results.csv,48.0,
2025-04-05 15:55:09,ROW_PROCESSING_ERROR,Error processing row 49 in file /Volumes/TVault2/datasets/sugvu24/extracted_frames/case_014/extraction_results.csv: name 'is_image_processed' is not defined,"Traceback (most recent call last):
  File ""/var/folders/1j/2k5xpt896fdb5rnbdm6nktnr0000gn/T/ipykernel_14640/3110420929.py"", line 61, in <module>
    if is_image_processed(img_path):
       ^^^^^^^^^^^^^^^^^^
NameError: name 'is_image_processed' is not defined
",/Volumes/TVault2/datasets/sugvu24/extracted_frames/case_014/extraction_results.csv,49.0,
2025-04-05 15:55:09,ROW_PROCESSING_ERROR,Error processing row 50 in file /Volumes/TVault2/datasets/sugvu24/extracted_frames/case_014/extraction_results.csv: name 'is_image_processed' is not defined,"Traceback (most recent call last):
  File ""/var/folders/1j/2k5xpt896fdb5rnbdm6nktnr0000gn/T/ipykernel_14640/3110420929.py"", line 61, in <module>
    if is_image_processed(img_path):
       ^^^^^^^^^^^^^^^^^^
NameError: name 'is_image_processed' is not defined
",/Volumes/TVault2/datasets/sugvu24/extracted_frames/case_014/extraction_results.csv,50.0,
2025-04-05 15:55:09,ROW_PROCESSING_ERROR,Error processing row 51 in file /Volumes/TVault2/datasets/sugvu24/extracted_frames/case_014/extraction_results.csv: name 'is_image_processed' is not defined,"Traceback (most recent call last):
  File ""/var/folders/1j/2k5xpt896fdb5rnbdm6nktnr0000gn/T/ipykernel_14640/3110420929.py"", line 61, in <module>
    if is_image_processed(img_path):
       ^^^^^^^^^^^^^^^^^^
NameError: name 'is_image_processed' is not defined
",/Volumes/TVault2/datasets/sugvu24/extracted_frames/case_014/extraction_results.csv,51.0,
2025-04-05 15:55:09,ROW_PROCESSING_ERROR,Error processing row 52 in file /Volumes/TVault2/datasets/sugvu24/extracted_frames/case_014/extraction_results.csv: name 'is_image_processed' is not defined,"Traceback (most recent call last):
  File ""/var/folders/1j/2k5xpt896fdb5rnbdm6nktnr0000gn/T/ipykernel_14640/3110420929.py"", line 61, in <module>
    if is_image_processed(img_path):
       ^^^^^^^^^^^^^^^^^^
NameError: name 'is_image_processed' is not defined
",/Volumes/TVault2/datasets/sugvu24/extracted_frames/case_014/extraction_results.csv,52.0,
2025-04-05 15:55:09,ROW_PROCESSING_ERROR,Error processing row 53 in file /Volumes/TVault2/datasets/sugvu24/extracted_frames/case_014/extraction_results.csv: name 'is_image_processed' is not defined,"Traceback (most recent call last):
  File ""/var/folders/1j/2k5xpt896fdb5rnbdm6nktnr0000gn/T/ipykernel_14640/3110420929.py"", line 61, in <module>
    if is_image_processed(img_path):
       ^^^^^^^^^^^^^^^^^^
NameError: name 'is_image_processed' is not defined
",/Volumes/TVault2/datasets/sugvu24/extracted_frames/case_014/extraction_results.csv,53.0,
2025-04-05 15:55:09,ROW_PROCESSING_ERROR,Error processing row 54 in file /Volumes/TVault2/datasets/sugvu24/extracted_frames/case_014/extraction_results.csv: name 'is_image_processed' is not defined,"Traceback (most recent call last):
  File ""/var/folders/1j/2k5xpt896fdb5rnbdm6nktnr0000gn/T/ipykernel_14640/3110420929.py"", line 61, in <module>
    if is_image_processed(img_path):
       ^^^^^^^^^^^^^^^^^^
NameError: name 'is_image_processed' is not defined
",/Volumes/TVault2/datasets/sugvu24/extracted_frames/case_014/extraction_results.csv,54.0,
2025-04-05 15:55:09,ROW_PROCESSING_ERROR,Error processing row 55 in file /Volumes/TVault2/datasets/sugvu24/extracted_frames/case_014/extraction_results.csv: name 'is_image_processed' is not defined,"Traceback (most recent call last):
  File ""/var/folders/1j/2k5xpt896fdb5rnbdm6nktnr0000gn/T/ipykernel_14640/3110420929.py"", line 61, in <module>
    if is_image_processed(img_path):
       ^^^^^^^^^^^^^^^^^^
NameError: name 'is_image_processed' is not defined
",/Volumes/TVault2/datasets/sugvu24/extracted_frames/case_014/extraction_results.csv,55.0,
2025-04-05 15:55:09,ROW_PROCESSING_ERROR,Error processing row 56 in file /Volumes/TVault2/datasets/sugvu24/extracted_frames/case_014/extraction_results.csv: name 'is_image_processed' is not defined,"Traceback (most recent call last):
  File ""/var/folders/1j/2k5xpt896fdb5rnbdm6nktnr0000gn/T/ipykernel_14640/3110420929.py"", line 61, in <module>
    if is_image_processed(img_path):
       ^^^^^^^^^^^^^^^^^^
NameError: name 'is_image_processed' is not defined
",/Volumes/TVault2/datasets/sugvu24/extracted_frames/case_014/extraction_results.csv,56.0,
2025-04-05 15:55:09,ROW_PROCESSING_ERROR,Error processing row 57 in file /Volumes/TVault2/datasets/sugvu24/extracted_frames/case_014/extraction_results.csv: name 'is_image_processed' is not defined,"Traceback (most recent call last):
  File ""/var/folders/1j/2k5xpt896fdb5rnbdm6nktnr0000gn/T/ipykernel_14640/3110420929.py"", line 61, in <module>
    if is_image_processed(img_path):
       ^^^^^^^^^^^^^^^^^^
NameError: name 'is_image_processed' is not defined
",/Volumes/TVault2/datasets/sugvu24/extracted_frames/case_014/extraction_results.csv,57.0,
2025-04-05 15:55:09,ROW_PROCESSING_ERROR,Error processing row 58 in file /Volumes/TVault2/datasets/sugvu24/extracted_frames/case_014/extraction_results.csv: name 'is_image_processed' is not defined,"Traceback (most recent call last):
  File ""/var/folders/1j/2k5xpt896fdb5rnbdm6nktnr0000gn/T/ipykernel_14640/3110420929.py"", line 61, in <module>
    if is_image_processed(img_path):
       ^^^^^^^^^^^^^^^^^^
NameError: name 'is_image_processed' is not defined
",/Volumes/TVault2/datasets/sugvu24/extracted_frames/case_014/extraction_results.csv,58.0,
2025-04-05 15:55:09,ROW_PROCESSING_ERROR,Error processing row 59 in file /Volumes/TVault2/datasets/sugvu24/extracted_frames/case_014/extraction_results.csv: name 'is_image_processed' is not defined,"Traceback (most recent call last):
  File ""/var/folders/1j/2k5xpt896fdb5rnbdm6nktnr0000gn/T/ipykernel_14640/3110420929.py"", line 61, in <module>
    if is_image_processed(img_path):
       ^^^^^^^^^^^^^^^^^^
NameError: name 'is_image_processed' is not defined
",/Volumes/TVault2/datasets/sugvu24/extracted_frames/case_014/extraction_results.csv,59.0,
2025-04-05 15:55:09,ROW_PROCESSING_ERROR,Error processing row 60 in file /Volumes/TVault2/datasets/sugvu24/extracted_frames/case_014/extraction_results.csv: name 'is_image_processed' is not defined,"Traceback (most recent call last):
  File ""/var/folders/1j/2k5xpt896fdb5rnbdm6nktnr0000gn/T/ipykernel_14640/3110420929.py"", line 61, in <module>
    if is_image_processed(img_path):
       ^^^^^^^^^^^^^^^^^^
NameError: name 'is_image_processed' is not defined
",/Volumes/TVault2/datasets/sugvu24/extracted_frames/case_014/extraction_results.csv,60.0,
2025-04-05 15:55:09,ROW_PROCESSING_ERROR,Error processing row 61 in file /Volumes/TVault2/datasets/sugvu24/extracted_frames/case_014/extraction_results.csv: name 'is_image_processed' is not defined,"Traceback (most recent call last):
  File ""/var/folders/1j/2k5xpt896fdb5rnbdm6nktnr0000gn/T/ipykernel_14640/3110420929.py"", line 61, in <module>
    if is_image_processed(img_path):
       ^^^^^^^^^^^^^^^^^^
NameError: name 'is_image_processed' is not defined
",/Volumes/TVault2/datasets/sugvu24/extracted_frames/case_014/extraction_results.csv,61.0,
2025-04-05 15:55:09,ROW_PROCESSING_ERROR,Error processing row 62 in file /Volumes/TVault2/datasets/sugvu24/extracted_frames/case_014/extraction_results.csv: name 'is_image_processed' is not defined,"Traceback (most recent call last):
  File ""/var/folders/1j/2k5xpt896fdb5rnbdm6nktnr0000gn/T/ipykernel_14640/3110420929.py"", line 61, in <module>
    if is_image_processed(img_path):
       ^^^^^^^^^^^^^^^^^^
NameError: name 'is_image_processed' is not defined
",/Volumes/TVault2/datasets/sugvu24/extracted_frames/case_014/extraction_results.csv,62.0,
2025-04-05 15:55:09,ROW_PROCESSING_ERROR,Error processing row 63 in file /Volumes/TVault2/datasets/sugvu24/extracted_frames/case_014/extraction_results.csv: name 'is_image_processed' is not defined,"Traceback (most recent call last):
  File ""/var/folders/1j/2k5xpt896fdb5rnbdm6nktnr0000gn/T/ipykernel_14640/3110420929.py"", line 61, in <module>
    if is_image_processed(img_path):
       ^^^^^^^^^^^^^^^^^^
NameError: name 'is_image_processed' is not defined
",/Volumes/TVault2/datasets/sugvu24/extracted_frames/case_014/extraction_results.csv,63.0,
2025-04-05 15:55:09,ROW_PROCESSING_ERROR,Error processing row 64 in file /Volumes/TVault2/datasets/sugvu24/extracted_frames/case_014/extraction_results.csv: name 'is_image_processed' is not defined,"Traceback (most recent call last):
  File ""/var/folders/1j/2k5xpt896fdb5rnbdm6nktnr0000gn/T/ipykernel_14640/3110420929.py"", line 61, in <module>
    if is_image_processed(img_path):
       ^^^^^^^^^^^^^^^^^^
NameError: name 'is_image_processed' is not defined
",/Volumes/TVault2/datasets/sugvu24/extracted_frames/case_014/extraction_results.csv,64.0,
2025-04-05 15:55:09,ROW_PROCESSING_ERROR,Error processing row 65 in file /Volumes/TVault2/datasets/sugvu24/extracted_frames/case_014/extraction_results.csv: name 'is_image_processed' is not defined,"Traceback (most recent call last):
  File ""/var/folders/1j/2k5xpt896fdb5rnbdm6nktnr0000gn/T/ipykernel_14640/3110420929.py"", line 61, in <module>
    if is_image_processed(img_path):
       ^^^^^^^^^^^^^^^^^^
NameError: name 'is_image_processed' is not defined
",/Volumes/TVault2/datasets/sugvu24/extracted_frames/case_014/extraction_results.csv,65.0,
2025-04-05 15:55:09,ROW_PROCESSING_ERROR,Error processing row 66 in file /Volumes/TVault2/datasets/sugvu24/extracted_frames/case_014/extraction_results.csv: name 'is_image_processed' is not defined,"Traceback (most recent call last):
  File ""/var/folders/1j/2k5xpt896fdb5rnbdm6nktnr0000gn/T/ipykernel_14640/3110420929.py"", line 61, in <module>
    if is_image_processed(img_path):
       ^^^^^^^^^^^^^^^^^^
NameError: name 'is_image_processed' is not defined
",/Volumes/TVault2/datasets/sugvu24/extracted_frames/case_014/extraction_results.csv,66.0,
2025-04-05 15:55:09,ROW_PROCESSING_ERROR,Error processing row 67 in file /Volumes/TVault2/datasets/sugvu24/extracted_frames/case_014/extraction_results.csv: name 'is_image_processed' is not defined,"Traceback (most recent call last):
  File ""/var/folders/1j/2k5xpt896fdb5rnbdm6nktnr0000gn/T/ipykernel_14640/3110420929.py"", line 61, in <module>
    if is_image_processed(img_path):
       ^^^^^^^^^^^^^^^^^^
NameError: name 'is_image_processed' is not defined
",/Volumes/TVault2/datasets/sugvu24/extracted_frames/case_014/extraction_results.csv,67.0,
2025-04-05 15:55:09,ROW_PROCESSING_ERROR,Error processing row 68 in file /Volumes/TVault2/datasets/sugvu24/extracted_frames/case_014/extraction_results.csv: name 'is_image_processed' is not defined,"Traceback (most recent call last):
  File ""/var/folders/1j/2k5xpt896fdb5rnbdm6nktnr0000gn/T/ipykernel_14640/3110420929.py"", line 61, in <module>
    if is_image_processed(img_path):
       ^^^^^^^^^^^^^^^^^^
NameError: name 'is_image_processed' is not defined
",/Volumes/TVault2/datasets/sugvu24/extracted_frames/case_014/extraction_results.csv,68.0,
2025-04-05 15:55:09,ROW_PROCESSING_ERROR,Error processing row 69 in file /Volumes/TVault2/datasets/sugvu24/extracted_frames/case_014/extraction_results.csv: name 'is_image_processed' is not defined,"Traceback (most recent call last):
  File ""/var/folders/1j/2k5xpt896fdb5rnbdm6nktnr0000gn/T/ipykernel_14640/3110420929.py"", line 61, in <module>
    if is_image_processed(img_path):
       ^^^^^^^^^^^^^^^^^^
NameError: name 'is_image_processed' is not defined
",/Volumes/TVault2/datasets/sugvu24/extracted_frames/case_014/extraction_results.csv,69.0,
2025-04-05 15:55:09,ROW_PROCESSING_ERROR,Error processing row 70 in file /Volumes/TVault2/datasets/sugvu24/extracted_frames/case_014/extraction_results.csv: name 'is_image_processed' is not defined,"Traceback (most recent call last):
  File ""/var/folders/1j/2k5xpt896fdb5rnbdm6nktnr0000gn/T/ipykernel_14640/3110420929.py"", line 61, in <module>
    if is_image_processed(img_path):
       ^^^^^^^^^^^^^^^^^^
NameError: name 'is_image_processed' is not defined
",/Volumes/TVault2/datasets/sugvu24/extracted_frames/case_014/extraction_results.csv,70.0,
2025-04-05 15:55:09,ROW_PROCESSING_ERROR,Error processing row 71 in file /Volumes/TVault2/datasets/sugvu24/extracted_frames/case_014/extraction_results.csv: name 'is_image_processed' is not defined,"Traceback (most recent call last):
  File ""/var/folders/1j/2k5xpt896fdb5rnbdm6nktnr0000gn/T/ipykernel_14640/3110420929.py"", line 61, in <module>
    if is_image_processed(img_path):
       ^^^^^^^^^^^^^^^^^^
NameError: name 'is_image_processed' is not defined
",/Volumes/TVault2/datasets/sugvu24/extracted_frames/case_014/extraction_results.csv,71.0,
2025-04-05 15:55:09,ROW_PROCESSING_ERROR,Error processing row 72 in file /Volumes/TVault2/datasets/sugvu24/extracted_frames/case_014/extraction_results.csv: name 'is_image_processed' is not defined,"Traceback (most recent call last):
  File ""/var/folders/1j/2k5xpt896fdb5rnbdm6nktnr0000gn/T/ipykernel_14640/3110420929.py"", line 61, in <module>
    if is_image_processed(img_path):
       ^^^^^^^^^^^^^^^^^^
NameError: name 'is_image_processed' is not defined
",/Volumes/TVault2/datasets/sugvu24/extracted_frames/case_014/extraction_results.csv,72.0,
2025-04-05 15:55:09,ROW_PROCESSING_ERROR,Error processing row 73 in file /Volumes/TVault2/datasets/sugvu24/extracted_frames/case_014/extraction_results.csv: name 'is_image_processed' is not defined,"Traceback (most recent call last):
  File ""/var/folders/1j/2k5xpt896fdb5rnbdm6nktnr0000gn/T/ipykernel_14640/3110420929.py"", line 61, in <module>
    if is_image_processed(img_path):
       ^^^^^^^^^^^^^^^^^^
NameError: name 'is_image_processed' is not defined
",/Volumes/TVault2/datasets/sugvu24/extracted_frames/case_014/extraction_results.csv,73.0,
2025-04-05 15:55:09,ROW_PROCESSING_ERROR,Error processing row 74 in file /Volumes/TVault2/datasets/sugvu24/extracted_frames/case_014/extraction_results.csv: name 'is_image_processed' is not defined,"Traceback (most recent call last):
  File ""/var/folders/1j/2k5xpt896fdb5rnbdm6nktnr0000gn/T/ipykernel_14640/3110420929.py"", line 61, in <module>
    if is_image_processed(img_path):
       ^^^^^^^^^^^^^^^^^^
NameError: name 'is_image_processed' is not defined
",/Volumes/TVault2/datasets/sugvu24/extracted_frames/case_014/extraction_results.csv,74.0,
2025-04-05 15:55:09,ROW_PROCESSING_ERROR,Error processing row 75 in file /Volumes/TVault2/datasets/sugvu24/extracted_frames/case_014/extraction_results.csv: name 'is_image_processed' is not defined,"Traceback (most recent call last):
  File ""/var/folders/1j/2k5xpt896fdb5rnbdm6nktnr0000gn/T/ipykernel_14640/3110420929.py"", line 61, in <module>
    if is_image_processed(img_path):
       ^^^^^^^^^^^^^^^^^^
NameError: name 'is_image_processed' is not defined
",/Volumes/TVault2/datasets/sugvu24/extracted_frames/case_014/extraction_results.csv,75.0,
2025-04-05 15:55:09,ROW_PROCESSING_ERROR,Error processing row 76 in file /Volumes/TVault2/datasets/sugvu24/extracted_frames/case_014/extraction_results.csv: name 'is_image_processed' is not defined,"Traceback (most recent call last):
  File ""/var/folders/1j/2k5xpt896fdb5rnbdm6nktnr0000gn/T/ipykernel_14640/3110420929.py"", line 61, in <module>
    if is_image_processed(img_path):
       ^^^^^^^^^^^^^^^^^^
NameError: name 'is_image_processed' is not defined
",/Volumes/TVault2/datasets/sugvu24/extracted_frames/case_014/extraction_results.csv,76.0,
2025-04-05 15:55:09,ROW_PROCESSING_ERROR,Error processing row 77 in file /Volumes/TVault2/datasets/sugvu24/extracted_frames/case_014/extraction_results.csv: name 'is_image_processed' is not defined,"Traceback (most recent call last):
  File ""/var/folders/1j/2k5xpt896fdb5rnbdm6nktnr0000gn/T/ipykernel_14640/3110420929.py"", line 61, in <module>
    if is_image_processed(img_path):
       ^^^^^^^^^^^^^^^^^^
NameError: name 'is_image_processed' is not defined
",/Volumes/TVault2/datasets/sugvu24/extracted_frames/case_014/extraction_results.csv,77.0,
2025-04-05 15:55:09,ROW_PROCESSING_ERROR,Error processing row 78 in file /Volumes/TVault2/datasets/sugvu24/extracted_frames/case_014/extraction_results.csv: name 'is_image_processed' is not defined,"Traceback (most recent call last):
  File ""/var/folders/1j/2k5xpt896fdb5rnbdm6nktnr0000gn/T/ipykernel_14640/3110420929.py"", line 61, in <module>
    if is_image_processed(img_path):
       ^^^^^^^^^^^^^^^^^^
NameError: name 'is_image_processed' is not defined
",/Volumes/TVault2/datasets/sugvu24/extracted_frames/case_014/extraction_results.csv,78.0,
2025-04-05 15:55:09,ROW_PROCESSING_ERROR,Error processing row 79 in file /Volumes/TVault2/datasets/sugvu24/extracted_frames/case_014/extraction_results.csv: name 'is_image_processed' is not defined,"Traceback (most recent call last):
  File ""/var/folders/1j/2k5xpt896fdb5rnbdm6nktnr0000gn/T/ipykernel_14640/3110420929.py"", line 61, in <module>
    if is_image_processed(img_path):
       ^^^^^^^^^^^^^^^^^^
NameError: name 'is_image_processed' is not defined
",/Volumes/TVault2/datasets/sugvu24/extracted_frames/case_014/extraction_results.csv,79.0,
2025-04-05 15:55:09,ROW_PROCESSING_ERROR,Error processing row 80 in file /Volumes/TVault2/datasets/sugvu24/extracted_frames/case_014/extraction_results.csv: name 'is_image_processed' is not defined,"Traceback (most recent call last):
  File ""/var/folders/1j/2k5xpt896fdb5rnbdm6nktnr0000gn/T/ipykernel_14640/3110420929.py"", line 61, in <module>
    if is_image_processed(img_path):
       ^^^^^^^^^^^^^^^^^^
NameError: name 'is_image_processed' is not defined
",/Volumes/TVault2/datasets/sugvu24/extracted_frames/case_014/extraction_results.csv,80.0,
2025-04-05 15:55:09,ROW_PROCESSING_ERROR,Error processing row 81 in file /Volumes/TVault2/datasets/sugvu24/extracted_frames/case_014/extraction_results.csv: name 'is_image_processed' is not defined,"Traceback (most recent call last):
  File ""/var/folders/1j/2k5xpt896fdb5rnbdm6nktnr0000gn/T/ipykernel_14640/3110420929.py"", line 61, in <module>
    if is_image_processed(img_path):
       ^^^^^^^^^^^^^^^^^^
NameError: name 'is_image_processed' is not defined
",/Volumes/TVault2/datasets/sugvu24/extracted_frames/case_014/extraction_results.csv,81.0,
2025-04-05 15:55:09,ROW_PROCESSING_ERROR,Error processing row 82 in file /Volumes/TVault2/datasets/sugvu24/extracted_frames/case_014/extraction_results.csv: name 'is_image_processed' is not defined,"Traceback (most recent call last):
  File ""/var/folders/1j/2k5xpt896fdb5rnbdm6nktnr0000gn/T/ipykernel_14640/3110420929.py"", line 61, in <module>
    if is_image_processed(img_path):
       ^^^^^^^^^^^^^^^^^^
NameError: name 'is_image_processed' is not defined
",/Volumes/TVault2/datasets/sugvu24/extracted_frames/case_014/extraction_results.csv,82.0,
2025-04-05 15:55:09,ROW_PROCESSING_ERROR,Error processing row 83 in file /Volumes/TVault2/datasets/sugvu24/extracted_frames/case_014/extraction_results.csv: name 'is_image_processed' is not defined,"Traceback (most recent call last):
  File ""/var/folders/1j/2k5xpt896fdb5rnbdm6nktnr0000gn/T/ipykernel_14640/3110420929.py"", line 61, in <module>
    if is_image_processed(img_path):
       ^^^^^^^^^^^^^^^^^^
NameError: name 'is_image_processed' is not defined
",/Volumes/TVault2/datasets/sugvu24/extracted_frames/case_014/extraction_results.csv,83.0,
2025-04-05 15:55:09,ROW_PROCESSING_ERROR,"Error processing row 84 in file /Volumes/TVault2/datasets/sugvu24/extracted_frames/case_014/extraction_results.csv: join() argument must be str, bytes, or os.PathLike object, not 'float'","Traceback (most recent call last):
  File ""/var/folders/1j/2k5xpt896fdb5rnbdm6nktnr0000gn/T/ipykernel_14640/3110420929.py"", line 58, in <module>
    img_path = os.path.join(root, frame_file)
               ^^^^^^^^^^^^^^^^^^^^^^^^^^^^^^
  File ""<frozen posixpath>"", line 90, in join
  File ""<frozen genericpath>"", line 164, in _check_arg_types
TypeError: join() argument must be str, bytes, or os.PathLike object, not 'float'
",/Volumes/TVault2/datasets/sugvu24/extracted_frames/case_014/extraction_results.csv,84.0,
2025-04-05 15:55:09,ROW_PROCESSING_ERROR,"Error processing row 85 in file /Volumes/TVault2/datasets/sugvu24/extracted_frames/case_014/extraction_results.csv: join() argument must be str, bytes, or os.PathLike object, not 'float'","Traceback (most recent call last):
  File ""/var/folders/1j/2k5xpt896fdb5rnbdm6nktnr0000gn/T/ipykernel_14640/3110420929.py"", line 58, in <module>
    img_path = os.path.join(root, frame_file)
               ^^^^^^^^^^^^^^^^^^^^^^^^^^^^^^
  File ""<frozen posixpath>"", line 90, in join
  File ""<frozen genericpath>"", line 164, in _check_arg_types
TypeError: join() argument must be str, bytes, or os.PathLike object, not 'float'
",/Volumes/TVault2/datasets/sugvu24/extracted_frames/case_014/extraction_results.csv,85.0,
2025-04-05 15:55:09,ROW_PROCESSING_ERROR,"Error processing row 86 in file /Volumes/TVault2/datasets/sugvu24/extracted_frames/case_014/extraction_results.csv: join() argument must be str, bytes, or os.PathLike object, not 'float'","Traceback (most recent call last):
  File ""/var/folders/1j/2k5xpt896fdb5rnbdm6nktnr0000gn/T/ipykernel_14640/3110420929.py"", line 58, in <module>
    img_path = os.path.join(root, frame_file)
               ^^^^^^^^^^^^^^^^^^^^^^^^^^^^^^
  File ""<frozen posixpath>"", line 90, in join
  File ""<frozen genericpath>"", line 164, in _check_arg_types
TypeError: join() argument must be str, bytes, or os.PathLike object, not 'float'
",/Volumes/TVault2/datasets/sugvu24/extracted_frames/case_014/extraction_results.csv,86.0,
2025-04-05 15:55:09,ROW_PROCESSING_ERROR,"Error processing row 87 in file /Volumes/TVault2/datasets/sugvu24/extracted_frames/case_014/extraction_results.csv: join() argument must be str, bytes, or os.PathLike object, not 'float'","Traceback (most recent call last):
  File ""/var/folders/1j/2k5xpt896fdb5rnbdm6nktnr0000gn/T/ipykernel_14640/3110420929.py"", line 58, in <module>
    img_path = os.path.join(root, frame_file)
               ^^^^^^^^^^^^^^^^^^^^^^^^^^^^^^
  File ""<frozen posixpath>"", line 90, in join
  File ""<frozen genericpath>"", line 164, in _check_arg_types
TypeError: join() argument must be str, bytes, or os.PathLike object, not 'float'
",/Volumes/TVault2/datasets/sugvu24/extracted_frames/case_014/extraction_results.csv,87.0,
2025-04-05 15:55:09,ROW_PROCESSING_ERROR,"Error processing row 88 in file /Volumes/TVault2/datasets/sugvu24/extracted_frames/case_014/extraction_results.csv: join() argument must be str, bytes, or os.PathLike object, not 'float'","Traceback (most recent call last):
  File ""/var/folders/1j/2k5xpt896fdb5rnbdm6nktnr0000gn/T/ipykernel_14640/3110420929.py"", line 58, in <module>
    img_path = os.path.join(root, frame_file)
               ^^^^^^^^^^^^^^^^^^^^^^^^^^^^^^
  File ""<frozen posixpath>"", line 90, in join
  File ""<frozen genericpath>"", line 164, in _check_arg_types
TypeError: join() argument must be str, bytes, or os.PathLike object, not 'float'
",/Volumes/TVault2/datasets/sugvu24/extracted_frames/case_014/extraction_results.csv,88.0,
2025-04-05 15:55:09,ROW_PROCESSING_ERROR,"Error processing row 89 in file /Volumes/TVault2/datasets/sugvu24/extracted_frames/case_014/extraction_results.csv: join() argument must be str, bytes, or os.PathLike object, not 'float'","Traceback (most recent call last):
  File ""/var/folders/1j/2k5xpt896fdb5rnbdm6nktnr0000gn/T/ipykernel_14640/3110420929.py"", line 58, in <module>
    img_path = os.path.join(root, frame_file)
               ^^^^^^^^^^^^^^^^^^^^^^^^^^^^^^
  File ""<frozen posixpath>"", line 90, in join
  File ""<frozen genericpath>"", line 164, in _check_arg_types
TypeError: join() argument must be str, bytes, or os.PathLike object, not 'float'
",/Volumes/TVault2/datasets/sugvu24/extracted_frames/case_014/extraction_results.csv,89.0,
2025-04-05 15:55:09,ROW_PROCESSING_ERROR,Error processing row 90 in file /Volumes/TVault2/datasets/sugvu24/extracted_frames/case_014/extraction_results.csv: name 'is_image_processed' is not defined,"Traceback (most recent call last):
  File ""/var/folders/1j/2k5xpt896fdb5rnbdm6nktnr0000gn/T/ipykernel_14640/3110420929.py"", line 61, in <module>
    if is_image_processed(img_path):
       ^^^^^^^^^^^^^^^^^^
NameError: name 'is_image_processed' is not defined
",/Volumes/TVault2/datasets/sugvu24/extracted_frames/case_014/extraction_results.csv,90.0,
2025-04-05 15:55:09,ROW_PROCESSING_ERROR,Error processing row 91 in file /Volumes/TVault2/datasets/sugvu24/extracted_frames/case_014/extraction_results.csv: name 'is_image_processed' is not defined,"Traceback (most recent call last):
  File ""/var/folders/1j/2k5xpt896fdb5rnbdm6nktnr0000gn/T/ipykernel_14640/3110420929.py"", line 61, in <module>
    if is_image_processed(img_path):
       ^^^^^^^^^^^^^^^^^^
NameError: name 'is_image_processed' is not defined
",/Volumes/TVault2/datasets/sugvu24/extracted_frames/case_014/extraction_results.csv,91.0,
2025-04-05 15:55:09,ROW_PROCESSING_ERROR,Error processing row 92 in file /Volumes/TVault2/datasets/sugvu24/extracted_frames/case_014/extraction_results.csv: name 'is_image_processed' is not defined,"Traceback (most recent call last):
  File ""/var/folders/1j/2k5xpt896fdb5rnbdm6nktnr0000gn/T/ipykernel_14640/3110420929.py"", line 61, in <module>
    if is_image_processed(img_path):
       ^^^^^^^^^^^^^^^^^^
NameError: name 'is_image_processed' is not defined
",/Volumes/TVault2/datasets/sugvu24/extracted_frames/case_014/extraction_results.csv,92.0,
2025-04-05 15:55:09,ROW_PROCESSING_ERROR,Error processing row 93 in file /Volumes/TVault2/datasets/sugvu24/extracted_frames/case_014/extraction_results.csv: name 'is_image_processed' is not defined,"Traceback (most recent call last):
  File ""/var/folders/1j/2k5xpt896fdb5rnbdm6nktnr0000gn/T/ipykernel_14640/3110420929.py"", line 61, in <module>
    if is_image_processed(img_path):
       ^^^^^^^^^^^^^^^^^^
NameError: name 'is_image_processed' is not defined
",/Volumes/TVault2/datasets/sugvu24/extracted_frames/case_014/extraction_results.csv,93.0,
2025-04-05 15:55:09,ROW_PROCESSING_ERROR,Error processing row 94 in file /Volumes/TVault2/datasets/sugvu24/extracted_frames/case_014/extraction_results.csv: name 'is_image_processed' is not defined,"Traceback (most recent call last):
  File ""/var/folders/1j/2k5xpt896fdb5rnbdm6nktnr0000gn/T/ipykernel_14640/3110420929.py"", line 61, in <module>
    if is_image_processed(img_path):
       ^^^^^^^^^^^^^^^^^^
NameError: name 'is_image_processed' is not defined
",/Volumes/TVault2/datasets/sugvu24/extracted_frames/case_014/extraction_results.csv,94.0,
2025-04-05 15:55:09,ROW_PROCESSING_ERROR,Error processing row 95 in file /Volumes/TVault2/datasets/sugvu24/extracted_frames/case_014/extraction_results.csv: name 'is_image_processed' is not defined,"Traceback (most recent call last):
  File ""/var/folders/1j/2k5xpt896fdb5rnbdm6nktnr0000gn/T/ipykernel_14640/3110420929.py"", line 61, in <module>
    if is_image_processed(img_path):
       ^^^^^^^^^^^^^^^^^^
NameError: name 'is_image_processed' is not defined
",/Volumes/TVault2/datasets/sugvu24/extracted_frames/case_014/extraction_results.csv,95.0,
2025-04-05 15:55:09,ROW_PROCESSING_ERROR,Error processing row 96 in file /Volumes/TVault2/datasets/sugvu24/extracted_frames/case_014/extraction_results.csv: name 'is_image_processed' is not defined,"Traceback (most recent call last):
  File ""/var/folders/1j/2k5xpt896fdb5rnbdm6nktnr0000gn/T/ipykernel_14640/3110420929.py"", line 61, in <module>
    if is_image_processed(img_path):
       ^^^^^^^^^^^^^^^^^^
NameError: name 'is_image_processed' is not defined
",/Volumes/TVault2/datasets/sugvu24/extracted_frames/case_014/extraction_results.csv,96.0,
2025-04-05 15:55:09,ROW_PROCESSING_ERROR,Error processing row 97 in file /Volumes/TVault2/datasets/sugvu24/extracted_frames/case_014/extraction_results.csv: name 'is_image_processed' is not defined,"Traceback (most recent call last):
  File ""/var/folders/1j/2k5xpt896fdb5rnbdm6nktnr0000gn/T/ipykernel_14640/3110420929.py"", line 61, in <module>
    if is_image_processed(img_path):
       ^^^^^^^^^^^^^^^^^^
NameError: name 'is_image_processed' is not defined
",/Volumes/TVault2/datasets/sugvu24/extracted_frames/case_014/extraction_results.csv,97.0,
2025-04-05 15:55:09,ROW_PROCESSING_ERROR,Error processing row 98 in file /Volumes/TVault2/datasets/sugvu24/extracted_frames/case_014/extraction_results.csv: name 'is_image_processed' is not defined,"Traceback (most recent call last):
  File ""/var/folders/1j/2k5xpt896fdb5rnbdm6nktnr0000gn/T/ipykernel_14640/3110420929.py"", line 61, in <module>
    if is_image_processed(img_path):
       ^^^^^^^^^^^^^^^^^^
NameError: name 'is_image_processed' is not defined
",/Volumes/TVault2/datasets/sugvu24/extracted_frames/case_014/extraction_results.csv,98.0,
2025-04-05 15:55:09,ROW_PROCESSING_ERROR,Error processing row 99 in file /Volumes/TVault2/datasets/sugvu24/extracted_frames/case_014/extraction_results.csv: name 'is_image_processed' is not defined,"Traceback (most recent call last):
  File ""/var/folders/1j/2k5xpt896fdb5rnbdm6nktnr0000gn/T/ipykernel_14640/3110420929.py"", line 61, in <module>
    if is_image_processed(img_path):
       ^^^^^^^^^^^^^^^^^^
NameError: name 'is_image_processed' is not defined
",/Volumes/TVault2/datasets/sugvu24/extracted_frames/case_014/extraction_results.csv,99.0,
2025-04-05 15:55:10,ROW_PROCESSING_ERROR,Error processing row 0 in file /Volumes/TVault2/datasets/sugvu24/extracted_frames/case_015/extraction_results.csv: name 'is_image_processed' is not defined,"Traceback (most recent call last):
  File ""/var/folders/1j/2k5xpt896fdb5rnbdm6nktnr0000gn/T/ipykernel_14640/3110420929.py"", line 61, in <module>
    if is_image_processed(img_path):
       ^^^^^^^^^^^^^^^^^^
NameError: name 'is_image_processed' is not defined
",/Volumes/TVault2/datasets/sugvu24/extracted_frames/case_015/extraction_results.csv,0.0,
2025-04-05 15:55:10,ROW_PROCESSING_ERROR,Error processing row 1 in file /Volumes/TVault2/datasets/sugvu24/extracted_frames/case_015/extraction_results.csv: name 'is_image_processed' is not defined,"Traceback (most recent call last):
  File ""/var/folders/1j/2k5xpt896fdb5rnbdm6nktnr0000gn/T/ipykernel_14640/3110420929.py"", line 61, in <module>
    if is_image_processed(img_path):
       ^^^^^^^^^^^^^^^^^^
NameError: name 'is_image_processed' is not defined
",/Volumes/TVault2/datasets/sugvu24/extracted_frames/case_015/extraction_results.csv,1.0,
2025-04-05 15:55:10,ROW_PROCESSING_ERROR,Error processing row 2 in file /Volumes/TVault2/datasets/sugvu24/extracted_frames/case_015/extraction_results.csv: name 'is_image_processed' is not defined,"Traceback (most recent call last):
  File ""/var/folders/1j/2k5xpt896fdb5rnbdm6nktnr0000gn/T/ipykernel_14640/3110420929.py"", line 61, in <module>
    if is_image_processed(img_path):
       ^^^^^^^^^^^^^^^^^^
NameError: name 'is_image_processed' is not defined
",/Volumes/TVault2/datasets/sugvu24/extracted_frames/case_015/extraction_results.csv,2.0,
2025-04-05 15:55:10,ROW_PROCESSING_ERROR,Error processing row 3 in file /Volumes/TVault2/datasets/sugvu24/extracted_frames/case_015/extraction_results.csv: name 'is_image_processed' is not defined,"Traceback (most recent call last):
  File ""/var/folders/1j/2k5xpt896fdb5rnbdm6nktnr0000gn/T/ipykernel_14640/3110420929.py"", line 61, in <module>
    if is_image_processed(img_path):
       ^^^^^^^^^^^^^^^^^^
NameError: name 'is_image_processed' is not defined
",/Volumes/TVault2/datasets/sugvu24/extracted_frames/case_015/extraction_results.csv,3.0,
2025-04-05 15:55:10,ROW_PROCESSING_ERROR,Error processing row 4 in file /Volumes/TVault2/datasets/sugvu24/extracted_frames/case_015/extraction_results.csv: name 'is_image_processed' is not defined,"Traceback (most recent call last):
  File ""/var/folders/1j/2k5xpt896fdb5rnbdm6nktnr0000gn/T/ipykernel_14640/3110420929.py"", line 61, in <module>
    if is_image_processed(img_path):
       ^^^^^^^^^^^^^^^^^^
NameError: name 'is_image_processed' is not defined
",/Volumes/TVault2/datasets/sugvu24/extracted_frames/case_015/extraction_results.csv,4.0,
2025-04-05 15:55:10,ROW_PROCESSING_ERROR,Error processing row 5 in file /Volumes/TVault2/datasets/sugvu24/extracted_frames/case_015/extraction_results.csv: name 'is_image_processed' is not defined,"Traceback (most recent call last):
  File ""/var/folders/1j/2k5xpt896fdb5rnbdm6nktnr0000gn/T/ipykernel_14640/3110420929.py"", line 61, in <module>
    if is_image_processed(img_path):
       ^^^^^^^^^^^^^^^^^^
NameError: name 'is_image_processed' is not defined
",/Volumes/TVault2/datasets/sugvu24/extracted_frames/case_015/extraction_results.csv,5.0,
2025-04-05 15:55:10,ROW_PROCESSING_ERROR,Error processing row 6 in file /Volumes/TVault2/datasets/sugvu24/extracted_frames/case_015/extraction_results.csv: name 'is_image_processed' is not defined,"Traceback (most recent call last):
  File ""/var/folders/1j/2k5xpt896fdb5rnbdm6nktnr0000gn/T/ipykernel_14640/3110420929.py"", line 61, in <module>
    if is_image_processed(img_path):
       ^^^^^^^^^^^^^^^^^^
NameError: name 'is_image_processed' is not defined
",/Volumes/TVault2/datasets/sugvu24/extracted_frames/case_015/extraction_results.csv,6.0,
2025-04-05 15:55:10,ROW_PROCESSING_ERROR,Error processing row 7 in file /Volumes/TVault2/datasets/sugvu24/extracted_frames/case_015/extraction_results.csv: name 'is_image_processed' is not defined,"Traceback (most recent call last):
  File ""/var/folders/1j/2k5xpt896fdb5rnbdm6nktnr0000gn/T/ipykernel_14640/3110420929.py"", line 61, in <module>
    if is_image_processed(img_path):
       ^^^^^^^^^^^^^^^^^^
NameError: name 'is_image_processed' is not defined
",/Volumes/TVault2/datasets/sugvu24/extracted_frames/case_015/extraction_results.csv,7.0,
2025-04-05 15:55:10,ROW_PROCESSING_ERROR,Error processing row 8 in file /Volumes/TVault2/datasets/sugvu24/extracted_frames/case_015/extraction_results.csv: name 'is_image_processed' is not defined,"Traceback (most recent call last):
  File ""/var/folders/1j/2k5xpt896fdb5rnbdm6nktnr0000gn/T/ipykernel_14640/3110420929.py"", line 61, in <module>
    if is_image_processed(img_path):
       ^^^^^^^^^^^^^^^^^^
NameError: name 'is_image_processed' is not defined
",/Volumes/TVault2/datasets/sugvu24/extracted_frames/case_015/extraction_results.csv,8.0,
2025-04-05 15:55:10,ROW_PROCESSING_ERROR,Error processing row 9 in file /Volumes/TVault2/datasets/sugvu24/extracted_frames/case_015/extraction_results.csv: name 'is_image_processed' is not defined,"Traceback (most recent call last):
  File ""/var/folders/1j/2k5xpt896fdb5rnbdm6nktnr0000gn/T/ipykernel_14640/3110420929.py"", line 61, in <module>
    if is_image_processed(img_path):
       ^^^^^^^^^^^^^^^^^^
NameError: name 'is_image_processed' is not defined
",/Volumes/TVault2/datasets/sugvu24/extracted_frames/case_015/extraction_results.csv,9.0,
2025-04-05 15:55:10,ROW_PROCESSING_ERROR,Error processing row 10 in file /Volumes/TVault2/datasets/sugvu24/extracted_frames/case_015/extraction_results.csv: name 'is_image_processed' is not defined,"Traceback (most recent call last):
  File ""/var/folders/1j/2k5xpt896fdb5rnbdm6nktnr0000gn/T/ipykernel_14640/3110420929.py"", line 61, in <module>
    if is_image_processed(img_path):
       ^^^^^^^^^^^^^^^^^^
NameError: name 'is_image_processed' is not defined
",/Volumes/TVault2/datasets/sugvu24/extracted_frames/case_015/extraction_results.csv,10.0,
2025-04-05 15:55:10,ROW_PROCESSING_ERROR,Error processing row 11 in file /Volumes/TVault2/datasets/sugvu24/extracted_frames/case_015/extraction_results.csv: name 'is_image_processed' is not defined,"Traceback (most recent call last):
  File ""/var/folders/1j/2k5xpt896fdb5rnbdm6nktnr0000gn/T/ipykernel_14640/3110420929.py"", line 61, in <module>
    if is_image_processed(img_path):
       ^^^^^^^^^^^^^^^^^^
NameError: name 'is_image_processed' is not defined
",/Volumes/TVault2/datasets/sugvu24/extracted_frames/case_015/extraction_results.csv,11.0,
2025-04-05 15:55:10,ROW_PROCESSING_ERROR,Error processing row 12 in file /Volumes/TVault2/datasets/sugvu24/extracted_frames/case_015/extraction_results.csv: name 'is_image_processed' is not defined,"Traceback (most recent call last):
  File ""/var/folders/1j/2k5xpt896fdb5rnbdm6nktnr0000gn/T/ipykernel_14640/3110420929.py"", line 61, in <module>
    if is_image_processed(img_path):
       ^^^^^^^^^^^^^^^^^^
NameError: name 'is_image_processed' is not defined
",/Volumes/TVault2/datasets/sugvu24/extracted_frames/case_015/extraction_results.csv,12.0,
2025-04-05 15:55:10,ROW_PROCESSING_ERROR,Error processing row 13 in file /Volumes/TVault2/datasets/sugvu24/extracted_frames/case_015/extraction_results.csv: name 'is_image_processed' is not defined,"Traceback (most recent call last):
  File ""/var/folders/1j/2k5xpt896fdb5rnbdm6nktnr0000gn/T/ipykernel_14640/3110420929.py"", line 61, in <module>
    if is_image_processed(img_path):
       ^^^^^^^^^^^^^^^^^^
NameError: name 'is_image_processed' is not defined
",/Volumes/TVault2/datasets/sugvu24/extracted_frames/case_015/extraction_results.csv,13.0,
2025-04-05 15:55:10,ROW_PROCESSING_ERROR,Error processing row 14 in file /Volumes/TVault2/datasets/sugvu24/extracted_frames/case_015/extraction_results.csv: name 'is_image_processed' is not defined,"Traceback (most recent call last):
  File ""/var/folders/1j/2k5xpt896fdb5rnbdm6nktnr0000gn/T/ipykernel_14640/3110420929.py"", line 61, in <module>
    if is_image_processed(img_path):
       ^^^^^^^^^^^^^^^^^^
NameError: name 'is_image_processed' is not defined
",/Volumes/TVault2/datasets/sugvu24/extracted_frames/case_015/extraction_results.csv,14.0,
2025-04-05 15:55:10,ROW_PROCESSING_ERROR,Error processing row 15 in file /Volumes/TVault2/datasets/sugvu24/extracted_frames/case_015/extraction_results.csv: name 'is_image_processed' is not defined,"Traceback (most recent call last):
  File ""/var/folders/1j/2k5xpt896fdb5rnbdm6nktnr0000gn/T/ipykernel_14640/3110420929.py"", line 61, in <module>
    if is_image_processed(img_path):
       ^^^^^^^^^^^^^^^^^^
NameError: name 'is_image_processed' is not defined
",/Volumes/TVault2/datasets/sugvu24/extracted_frames/case_015/extraction_results.csv,15.0,
2025-04-05 15:55:10,ROW_PROCESSING_ERROR,Error processing row 16 in file /Volumes/TVault2/datasets/sugvu24/extracted_frames/case_015/extraction_results.csv: name 'is_image_processed' is not defined,"Traceback (most recent call last):
  File ""/var/folders/1j/2k5xpt896fdb5rnbdm6nktnr0000gn/T/ipykernel_14640/3110420929.py"", line 61, in <module>
    if is_image_processed(img_path):
       ^^^^^^^^^^^^^^^^^^
NameError: name 'is_image_processed' is not defined
",/Volumes/TVault2/datasets/sugvu24/extracted_frames/case_015/extraction_results.csv,16.0,
2025-04-05 15:55:10,ROW_PROCESSING_ERROR,Error processing row 17 in file /Volumes/TVault2/datasets/sugvu24/extracted_frames/case_015/extraction_results.csv: name 'is_image_processed' is not defined,"Traceback (most recent call last):
  File ""/var/folders/1j/2k5xpt896fdb5rnbdm6nktnr0000gn/T/ipykernel_14640/3110420929.py"", line 61, in <module>
    if is_image_processed(img_path):
       ^^^^^^^^^^^^^^^^^^
NameError: name 'is_image_processed' is not defined
",/Volumes/TVault2/datasets/sugvu24/extracted_frames/case_015/extraction_results.csv,17.0,
2025-04-05 15:55:10,ROW_PROCESSING_ERROR,Error processing row 18 in file /Volumes/TVault2/datasets/sugvu24/extracted_frames/case_015/extraction_results.csv: name 'is_image_processed' is not defined,"Traceback (most recent call last):
  File ""/var/folders/1j/2k5xpt896fdb5rnbdm6nktnr0000gn/T/ipykernel_14640/3110420929.py"", line 61, in <module>
    if is_image_processed(img_path):
       ^^^^^^^^^^^^^^^^^^
NameError: name 'is_image_processed' is not defined
",/Volumes/TVault2/datasets/sugvu24/extracted_frames/case_015/extraction_results.csv,18.0,
2025-04-05 15:55:10,ROW_PROCESSING_ERROR,Error processing row 19 in file /Volumes/TVault2/datasets/sugvu24/extracted_frames/case_015/extraction_results.csv: name 'is_image_processed' is not defined,"Traceback (most recent call last):
  File ""/var/folders/1j/2k5xpt896fdb5rnbdm6nktnr0000gn/T/ipykernel_14640/3110420929.py"", line 61, in <module>
    if is_image_processed(img_path):
       ^^^^^^^^^^^^^^^^^^
NameError: name 'is_image_processed' is not defined
",/Volumes/TVault2/datasets/sugvu24/extracted_frames/case_015/extraction_results.csv,19.0,
2025-04-05 15:55:10,ROW_PROCESSING_ERROR,"Error processing row 20 in file /Volumes/TVault2/datasets/sugvu24/extracted_frames/case_015/extraction_results.csv: join() argument must be str, bytes, or os.PathLike object, not 'float'","Traceback (most recent call last):
  File ""/var/folders/1j/2k5xpt896fdb5rnbdm6nktnr0000gn/T/ipykernel_14640/3110420929.py"", line 58, in <module>
    img_path = os.path.join(root, frame_file)
               ^^^^^^^^^^^^^^^^^^^^^^^^^^^^^^
  File ""<frozen posixpath>"", line 90, in join
  File ""<frozen genericpath>"", line 164, in _check_arg_types
TypeError: join() argument must be str, bytes, or os.PathLike object, not 'float'
",/Volumes/TVault2/datasets/sugvu24/extracted_frames/case_015/extraction_results.csv,20.0,
2025-04-05 15:55:10,ROW_PROCESSING_ERROR,"Error processing row 21 in file /Volumes/TVault2/datasets/sugvu24/extracted_frames/case_015/extraction_results.csv: join() argument must be str, bytes, or os.PathLike object, not 'float'","Traceback (most recent call last):
  File ""/var/folders/1j/2k5xpt896fdb5rnbdm6nktnr0000gn/T/ipykernel_14640/3110420929.py"", line 58, in <module>
    img_path = os.path.join(root, frame_file)
               ^^^^^^^^^^^^^^^^^^^^^^^^^^^^^^
  File ""<frozen posixpath>"", line 90, in join
  File ""<frozen genericpath>"", line 164, in _check_arg_types
TypeError: join() argument must be str, bytes, or os.PathLike object, not 'float'
",/Volumes/TVault2/datasets/sugvu24/extracted_frames/case_015/extraction_results.csv,21.0,
2025-04-05 15:55:10,ROW_PROCESSING_ERROR,"Error processing row 22 in file /Volumes/TVault2/datasets/sugvu24/extracted_frames/case_015/extraction_results.csv: join() argument must be str, bytes, or os.PathLike object, not 'float'","Traceback (most recent call last):
  File ""/var/folders/1j/2k5xpt896fdb5rnbdm6nktnr0000gn/T/ipykernel_14640/3110420929.py"", line 58, in <module>
    img_path = os.path.join(root, frame_file)
               ^^^^^^^^^^^^^^^^^^^^^^^^^^^^^^
  File ""<frozen posixpath>"", line 90, in join
  File ""<frozen genericpath>"", line 164, in _check_arg_types
TypeError: join() argument must be str, bytes, or os.PathLike object, not 'float'
",/Volumes/TVault2/datasets/sugvu24/extracted_frames/case_015/extraction_results.csv,22.0,
2025-04-05 15:55:10,ROW_PROCESSING_ERROR,"Error processing row 23 in file /Volumes/TVault2/datasets/sugvu24/extracted_frames/case_015/extraction_results.csv: join() argument must be str, bytes, or os.PathLike object, not 'float'","Traceback (most recent call last):
  File ""/var/folders/1j/2k5xpt896fdb5rnbdm6nktnr0000gn/T/ipykernel_14640/3110420929.py"", line 58, in <module>
    img_path = os.path.join(root, frame_file)
               ^^^^^^^^^^^^^^^^^^^^^^^^^^^^^^
  File ""<frozen posixpath>"", line 90, in join
  File ""<frozen genericpath>"", line 164, in _check_arg_types
TypeError: join() argument must be str, bytes, or os.PathLike object, not 'float'
",/Volumes/TVault2/datasets/sugvu24/extracted_frames/case_015/extraction_results.csv,23.0,
2025-04-05 15:55:10,ROW_PROCESSING_ERROR,"Error processing row 24 in file /Volumes/TVault2/datasets/sugvu24/extracted_frames/case_015/extraction_results.csv: join() argument must be str, bytes, or os.PathLike object, not 'float'","Traceback (most recent call last):
  File ""/var/folders/1j/2k5xpt896fdb5rnbdm6nktnr0000gn/T/ipykernel_14640/3110420929.py"", line 58, in <module>
    img_path = os.path.join(root, frame_file)
               ^^^^^^^^^^^^^^^^^^^^^^^^^^^^^^
  File ""<frozen posixpath>"", line 90, in join
  File ""<frozen genericpath>"", line 164, in _check_arg_types
TypeError: join() argument must be str, bytes, or os.PathLike object, not 'float'
",/Volumes/TVault2/datasets/sugvu24/extracted_frames/case_015/extraction_results.csv,24.0,
2025-04-05 15:55:10,ROW_PROCESSING_ERROR,"Error processing row 25 in file /Volumes/TVault2/datasets/sugvu24/extracted_frames/case_015/extraction_results.csv: join() argument must be str, bytes, or os.PathLike object, not 'float'","Traceback (most recent call last):
  File ""/var/folders/1j/2k5xpt896fdb5rnbdm6nktnr0000gn/T/ipykernel_14640/3110420929.py"", line 58, in <module>
    img_path = os.path.join(root, frame_file)
               ^^^^^^^^^^^^^^^^^^^^^^^^^^^^^^
  File ""<frozen posixpath>"", line 90, in join
  File ""<frozen genericpath>"", line 164, in _check_arg_types
TypeError: join() argument must be str, bytes, or os.PathLike object, not 'float'
",/Volumes/TVault2/datasets/sugvu24/extracted_frames/case_015/extraction_results.csv,25.0,
2025-04-05 15:55:10,ROW_PROCESSING_ERROR,Error processing row 26 in file /Volumes/TVault2/datasets/sugvu24/extracted_frames/case_015/extraction_results.csv: name 'is_image_processed' is not defined,"Traceback (most recent call last):
  File ""/var/folders/1j/2k5xpt896fdb5rnbdm6nktnr0000gn/T/ipykernel_14640/3110420929.py"", line 61, in <module>
    if is_image_processed(img_path):
       ^^^^^^^^^^^^^^^^^^
NameError: name 'is_image_processed' is not defined
",/Volumes/TVault2/datasets/sugvu24/extracted_frames/case_015/extraction_results.csv,26.0,
2025-04-05 15:55:10,ROW_PROCESSING_ERROR,Error processing row 27 in file /Volumes/TVault2/datasets/sugvu24/extracted_frames/case_015/extraction_results.csv: name 'is_image_processed' is not defined,"Traceback (most recent call last):
  File ""/var/folders/1j/2k5xpt896fdb5rnbdm6nktnr0000gn/T/ipykernel_14640/3110420929.py"", line 61, in <module>
    if is_image_processed(img_path):
       ^^^^^^^^^^^^^^^^^^
NameError: name 'is_image_processed' is not defined
",/Volumes/TVault2/datasets/sugvu24/extracted_frames/case_015/extraction_results.csv,27.0,
2025-04-05 15:55:10,ROW_PROCESSING_ERROR,Error processing row 28 in file /Volumes/TVault2/datasets/sugvu24/extracted_frames/case_015/extraction_results.csv: name 'is_image_processed' is not defined,"Traceback (most recent call last):
  File ""/var/folders/1j/2k5xpt896fdb5rnbdm6nktnr0000gn/T/ipykernel_14640/3110420929.py"", line 61, in <module>
    if is_image_processed(img_path):
       ^^^^^^^^^^^^^^^^^^
NameError: name 'is_image_processed' is not defined
",/Volumes/TVault2/datasets/sugvu24/extracted_frames/case_015/extraction_results.csv,28.0,
2025-04-05 15:55:10,ROW_PROCESSING_ERROR,Error processing row 29 in file /Volumes/TVault2/datasets/sugvu24/extracted_frames/case_015/extraction_results.csv: name 'is_image_processed' is not defined,"Traceback (most recent call last):
  File ""/var/folders/1j/2k5xpt896fdb5rnbdm6nktnr0000gn/T/ipykernel_14640/3110420929.py"", line 61, in <module>
    if is_image_processed(img_path):
       ^^^^^^^^^^^^^^^^^^
NameError: name 'is_image_processed' is not defined
",/Volumes/TVault2/datasets/sugvu24/extracted_frames/case_015/extraction_results.csv,29.0,
2025-04-05 15:55:10,ROW_PROCESSING_ERROR,Error processing row 30 in file /Volumes/TVault2/datasets/sugvu24/extracted_frames/case_015/extraction_results.csv: name 'is_image_processed' is not defined,"Traceback (most recent call last):
  File ""/var/folders/1j/2k5xpt896fdb5rnbdm6nktnr0000gn/T/ipykernel_14640/3110420929.py"", line 61, in <module>
    if is_image_processed(img_path):
       ^^^^^^^^^^^^^^^^^^
NameError: name 'is_image_processed' is not defined
",/Volumes/TVault2/datasets/sugvu24/extracted_frames/case_015/extraction_results.csv,30.0,
2025-04-05 15:55:10,ROW_PROCESSING_ERROR,Error processing row 31 in file /Volumes/TVault2/datasets/sugvu24/extracted_frames/case_015/extraction_results.csv: name 'is_image_processed' is not defined,"Traceback (most recent call last):
  File ""/var/folders/1j/2k5xpt896fdb5rnbdm6nktnr0000gn/T/ipykernel_14640/3110420929.py"", line 61, in <module>
    if is_image_processed(img_path):
       ^^^^^^^^^^^^^^^^^^
NameError: name 'is_image_processed' is not defined
",/Volumes/TVault2/datasets/sugvu24/extracted_frames/case_015/extraction_results.csv,31.0,
2025-04-05 15:55:10,ROW_PROCESSING_ERROR,Error processing row 32 in file /Volumes/TVault2/datasets/sugvu24/extracted_frames/case_015/extraction_results.csv: name 'is_image_processed' is not defined,"Traceback (most recent call last):
  File ""/var/folders/1j/2k5xpt896fdb5rnbdm6nktnr0000gn/T/ipykernel_14640/3110420929.py"", line 61, in <module>
    if is_image_processed(img_path):
       ^^^^^^^^^^^^^^^^^^
NameError: name 'is_image_processed' is not defined
",/Volumes/TVault2/datasets/sugvu24/extracted_frames/case_015/extraction_results.csv,32.0,
2025-04-05 15:55:10,ROW_PROCESSING_ERROR,Error processing row 33 in file /Volumes/TVault2/datasets/sugvu24/extracted_frames/case_015/extraction_results.csv: name 'is_image_processed' is not defined,"Traceback (most recent call last):
  File ""/var/folders/1j/2k5xpt896fdb5rnbdm6nktnr0000gn/T/ipykernel_14640/3110420929.py"", line 61, in <module>
    if is_image_processed(img_path):
       ^^^^^^^^^^^^^^^^^^
NameError: name 'is_image_processed' is not defined
",/Volumes/TVault2/datasets/sugvu24/extracted_frames/case_015/extraction_results.csv,33.0,
2025-04-05 15:55:10,ROW_PROCESSING_ERROR,Error processing row 34 in file /Volumes/TVault2/datasets/sugvu24/extracted_frames/case_015/extraction_results.csv: name 'is_image_processed' is not defined,"Traceback (most recent call last):
  File ""/var/folders/1j/2k5xpt896fdb5rnbdm6nktnr0000gn/T/ipykernel_14640/3110420929.py"", line 61, in <module>
    if is_image_processed(img_path):
       ^^^^^^^^^^^^^^^^^^
NameError: name 'is_image_processed' is not defined
",/Volumes/TVault2/datasets/sugvu24/extracted_frames/case_015/extraction_results.csv,34.0,
2025-04-05 15:55:10,ROW_PROCESSING_ERROR,Error processing row 35 in file /Volumes/TVault2/datasets/sugvu24/extracted_frames/case_015/extraction_results.csv: name 'is_image_processed' is not defined,"Traceback (most recent call last):
  File ""/var/folders/1j/2k5xpt896fdb5rnbdm6nktnr0000gn/T/ipykernel_14640/3110420929.py"", line 61, in <module>
    if is_image_processed(img_path):
       ^^^^^^^^^^^^^^^^^^
NameError: name 'is_image_processed' is not defined
",/Volumes/TVault2/datasets/sugvu24/extracted_frames/case_015/extraction_results.csv,35.0,
2025-04-05 15:55:10,ROW_PROCESSING_ERROR,Error processing row 36 in file /Volumes/TVault2/datasets/sugvu24/extracted_frames/case_015/extraction_results.csv: name 'is_image_processed' is not defined,"Traceback (most recent call last):
  File ""/var/folders/1j/2k5xpt896fdb5rnbdm6nktnr0000gn/T/ipykernel_14640/3110420929.py"", line 61, in <module>
    if is_image_processed(img_path):
       ^^^^^^^^^^^^^^^^^^
NameError: name 'is_image_processed' is not defined
",/Volumes/TVault2/datasets/sugvu24/extracted_frames/case_015/extraction_results.csv,36.0,
2025-04-05 15:55:10,ROW_PROCESSING_ERROR,Error processing row 37 in file /Volumes/TVault2/datasets/sugvu24/extracted_frames/case_015/extraction_results.csv: name 'is_image_processed' is not defined,"Traceback (most recent call last):
  File ""/var/folders/1j/2k5xpt896fdb5rnbdm6nktnr0000gn/T/ipykernel_14640/3110420929.py"", line 61, in <module>
    if is_image_processed(img_path):
       ^^^^^^^^^^^^^^^^^^
NameError: name 'is_image_processed' is not defined
",/Volumes/TVault2/datasets/sugvu24/extracted_frames/case_015/extraction_results.csv,37.0,
2025-04-05 15:55:10,ROW_PROCESSING_ERROR,Error processing row 0 in file /Volumes/TVault2/datasets/sugvu24/extracted_frames/case_016/extraction_results.csv: name 'is_image_processed' is not defined,"Traceback (most recent call last):
  File ""/var/folders/1j/2k5xpt896fdb5rnbdm6nktnr0000gn/T/ipykernel_14640/3110420929.py"", line 61, in <module>
    if is_image_processed(img_path):
       ^^^^^^^^^^^^^^^^^^
NameError: name 'is_image_processed' is not defined
",/Volumes/TVault2/datasets/sugvu24/extracted_frames/case_016/extraction_results.csv,0.0,
2025-04-05 15:55:10,ROW_PROCESSING_ERROR,Error processing row 1 in file /Volumes/TVault2/datasets/sugvu24/extracted_frames/case_016/extraction_results.csv: name 'is_image_processed' is not defined,"Traceback (most recent call last):
  File ""/var/folders/1j/2k5xpt896fdb5rnbdm6nktnr0000gn/T/ipykernel_14640/3110420929.py"", line 61, in <module>
    if is_image_processed(img_path):
       ^^^^^^^^^^^^^^^^^^
NameError: name 'is_image_processed' is not defined
",/Volumes/TVault2/datasets/sugvu24/extracted_frames/case_016/extraction_results.csv,1.0,
2025-04-05 15:55:10,ROW_PROCESSING_ERROR,Error processing row 2 in file /Volumes/TVault2/datasets/sugvu24/extracted_frames/case_016/extraction_results.csv: name 'is_image_processed' is not defined,"Traceback (most recent call last):
  File ""/var/folders/1j/2k5xpt896fdb5rnbdm6nktnr0000gn/T/ipykernel_14640/3110420929.py"", line 61, in <module>
    if is_image_processed(img_path):
       ^^^^^^^^^^^^^^^^^^
NameError: name 'is_image_processed' is not defined
",/Volumes/TVault2/datasets/sugvu24/extracted_frames/case_016/extraction_results.csv,2.0,
2025-04-05 15:55:10,ROW_PROCESSING_ERROR,"Error processing row 3 in file /Volumes/TVault2/datasets/sugvu24/extracted_frames/case_016/extraction_results.csv: join() argument must be str, bytes, or os.PathLike object, not 'float'","Traceback (most recent call last):
  File ""/var/folders/1j/2k5xpt896fdb5rnbdm6nktnr0000gn/T/ipykernel_14640/3110420929.py"", line 58, in <module>
    img_path = os.path.join(root, frame_file)
               ^^^^^^^^^^^^^^^^^^^^^^^^^^^^^^
  File ""<frozen posixpath>"", line 90, in join
  File ""<frozen genericpath>"", line 164, in _check_arg_types
TypeError: join() argument must be str, bytes, or os.PathLike object, not 'float'
",/Volumes/TVault2/datasets/sugvu24/extracted_frames/case_016/extraction_results.csv,3.0,
2025-04-05 15:55:10,ROW_PROCESSING_ERROR,Error processing row 4 in file /Volumes/TVault2/datasets/sugvu24/extracted_frames/case_016/extraction_results.csv: name 'is_image_processed' is not defined,"Traceback (most recent call last):
  File ""/var/folders/1j/2k5xpt896fdb5rnbdm6nktnr0000gn/T/ipykernel_14640/3110420929.py"", line 61, in <module>
    if is_image_processed(img_path):
       ^^^^^^^^^^^^^^^^^^
NameError: name 'is_image_processed' is not defined
",/Volumes/TVault2/datasets/sugvu24/extracted_frames/case_016/extraction_results.csv,4.0,
2025-04-05 15:55:10,ROW_PROCESSING_ERROR,Error processing row 5 in file /Volumes/TVault2/datasets/sugvu24/extracted_frames/case_016/extraction_results.csv: name 'is_image_processed' is not defined,"Traceback (most recent call last):
  File ""/var/folders/1j/2k5xpt896fdb5rnbdm6nktnr0000gn/T/ipykernel_14640/3110420929.py"", line 61, in <module>
    if is_image_processed(img_path):
       ^^^^^^^^^^^^^^^^^^
NameError: name 'is_image_processed' is not defined
",/Volumes/TVault2/datasets/sugvu24/extracted_frames/case_016/extraction_results.csv,5.0,
2025-04-05 15:55:10,ROW_PROCESSING_ERROR,Error processing row 6 in file /Volumes/TVault2/datasets/sugvu24/extracted_frames/case_016/extraction_results.csv: name 'is_image_processed' is not defined,"Traceback (most recent call last):
  File ""/var/folders/1j/2k5xpt896fdb5rnbdm6nktnr0000gn/T/ipykernel_14640/3110420929.py"", line 61, in <module>
    if is_image_processed(img_path):
       ^^^^^^^^^^^^^^^^^^
NameError: name 'is_image_processed' is not defined
",/Volumes/TVault2/datasets/sugvu24/extracted_frames/case_016/extraction_results.csv,6.0,
2025-04-05 15:55:10,ROW_PROCESSING_ERROR,Error processing row 7 in file /Volumes/TVault2/datasets/sugvu24/extracted_frames/case_016/extraction_results.csv: name 'is_image_processed' is not defined,"Traceback (most recent call last):
  File ""/var/folders/1j/2k5xpt896fdb5rnbdm6nktnr0000gn/T/ipykernel_14640/3110420929.py"", line 61, in <module>
    if is_image_processed(img_path):
       ^^^^^^^^^^^^^^^^^^
NameError: name 'is_image_processed' is not defined
",/Volumes/TVault2/datasets/sugvu24/extracted_frames/case_016/extraction_results.csv,7.0,
2025-04-05 15:55:10,ROW_PROCESSING_ERROR,Error processing row 8 in file /Volumes/TVault2/datasets/sugvu24/extracted_frames/case_016/extraction_results.csv: name 'is_image_processed' is not defined,"Traceback (most recent call last):
  File ""/var/folders/1j/2k5xpt896fdb5rnbdm6nktnr0000gn/T/ipykernel_14640/3110420929.py"", line 61, in <module>
    if is_image_processed(img_path):
       ^^^^^^^^^^^^^^^^^^
NameError: name 'is_image_processed' is not defined
",/Volumes/TVault2/datasets/sugvu24/extracted_frames/case_016/extraction_results.csv,8.0,
2025-04-05 15:55:10,ROW_PROCESSING_ERROR,Error processing row 9 in file /Volumes/TVault2/datasets/sugvu24/extracted_frames/case_016/extraction_results.csv: name 'is_image_processed' is not defined,"Traceback (most recent call last):
  File ""/var/folders/1j/2k5xpt896fdb5rnbdm6nktnr0000gn/T/ipykernel_14640/3110420929.py"", line 61, in <module>
    if is_image_processed(img_path):
       ^^^^^^^^^^^^^^^^^^
NameError: name 'is_image_processed' is not defined
",/Volumes/TVault2/datasets/sugvu24/extracted_frames/case_016/extraction_results.csv,9.0,
2025-04-05 15:55:10,ROW_PROCESSING_ERROR,Error processing row 10 in file /Volumes/TVault2/datasets/sugvu24/extracted_frames/case_016/extraction_results.csv: name 'is_image_processed' is not defined,"Traceback (most recent call last):
  File ""/var/folders/1j/2k5xpt896fdb5rnbdm6nktnr0000gn/T/ipykernel_14640/3110420929.py"", line 61, in <module>
    if is_image_processed(img_path):
       ^^^^^^^^^^^^^^^^^^
NameError: name 'is_image_processed' is not defined
",/Volumes/TVault2/datasets/sugvu24/extracted_frames/case_016/extraction_results.csv,10.0,
2025-04-05 15:55:10,ROW_PROCESSING_ERROR,Error processing row 11 in file /Volumes/TVault2/datasets/sugvu24/extracted_frames/case_016/extraction_results.csv: name 'is_image_processed' is not defined,"Traceback (most recent call last):
  File ""/var/folders/1j/2k5xpt896fdb5rnbdm6nktnr0000gn/T/ipykernel_14640/3110420929.py"", line 61, in <module>
    if is_image_processed(img_path):
       ^^^^^^^^^^^^^^^^^^
NameError: name 'is_image_processed' is not defined
",/Volumes/TVault2/datasets/sugvu24/extracted_frames/case_016/extraction_results.csv,11.0,
2025-04-05 15:55:10,ROW_PROCESSING_ERROR,Error processing row 12 in file /Volumes/TVault2/datasets/sugvu24/extracted_frames/case_016/extraction_results.csv: name 'is_image_processed' is not defined,"Traceback (most recent call last):
  File ""/var/folders/1j/2k5xpt896fdb5rnbdm6nktnr0000gn/T/ipykernel_14640/3110420929.py"", line 61, in <module>
    if is_image_processed(img_path):
       ^^^^^^^^^^^^^^^^^^
NameError: name 'is_image_processed' is not defined
",/Volumes/TVault2/datasets/sugvu24/extracted_frames/case_016/extraction_results.csv,12.0,
2025-04-05 15:55:10,ROW_PROCESSING_ERROR,Error processing row 13 in file /Volumes/TVault2/datasets/sugvu24/extracted_frames/case_016/extraction_results.csv: name 'is_image_processed' is not defined,"Traceback (most recent call last):
  File ""/var/folders/1j/2k5xpt896fdb5rnbdm6nktnr0000gn/T/ipykernel_14640/3110420929.py"", line 61, in <module>
    if is_image_processed(img_path):
       ^^^^^^^^^^^^^^^^^^
NameError: name 'is_image_processed' is not defined
",/Volumes/TVault2/datasets/sugvu24/extracted_frames/case_016/extraction_results.csv,13.0,
2025-04-05 15:55:10,ROW_PROCESSING_ERROR,Error processing row 14 in file /Volumes/TVault2/datasets/sugvu24/extracted_frames/case_016/extraction_results.csv: name 'is_image_processed' is not defined,"Traceback (most recent call last):
  File ""/var/folders/1j/2k5xpt896fdb5rnbdm6nktnr0000gn/T/ipykernel_14640/3110420929.py"", line 61, in <module>
    if is_image_processed(img_path):
       ^^^^^^^^^^^^^^^^^^
NameError: name 'is_image_processed' is not defined
",/Volumes/TVault2/datasets/sugvu24/extracted_frames/case_016/extraction_results.csv,14.0,
2025-04-05 15:55:10,ROW_PROCESSING_ERROR,Error processing row 15 in file /Volumes/TVault2/datasets/sugvu24/extracted_frames/case_016/extraction_results.csv: name 'is_image_processed' is not defined,"Traceback (most recent call last):
  File ""/var/folders/1j/2k5xpt896fdb5rnbdm6nktnr0000gn/T/ipykernel_14640/3110420929.py"", line 61, in <module>
    if is_image_processed(img_path):
       ^^^^^^^^^^^^^^^^^^
NameError: name 'is_image_processed' is not defined
",/Volumes/TVault2/datasets/sugvu24/extracted_frames/case_016/extraction_results.csv,15.0,
2025-04-05 15:55:10,ROW_PROCESSING_ERROR,Error processing row 16 in file /Volumes/TVault2/datasets/sugvu24/extracted_frames/case_016/extraction_results.csv: name 'is_image_processed' is not defined,"Traceback (most recent call last):
  File ""/var/folders/1j/2k5xpt896fdb5rnbdm6nktnr0000gn/T/ipykernel_14640/3110420929.py"", line 61, in <module>
    if is_image_processed(img_path):
       ^^^^^^^^^^^^^^^^^^
NameError: name 'is_image_processed' is not defined
",/Volumes/TVault2/datasets/sugvu24/extracted_frames/case_016/extraction_results.csv,16.0,
2025-04-05 15:55:10,ROW_PROCESSING_ERROR,Error processing row 17 in file /Volumes/TVault2/datasets/sugvu24/extracted_frames/case_016/extraction_results.csv: name 'is_image_processed' is not defined,"Traceback (most recent call last):
  File ""/var/folders/1j/2k5xpt896fdb5rnbdm6nktnr0000gn/T/ipykernel_14640/3110420929.py"", line 61, in <module>
    if is_image_processed(img_path):
       ^^^^^^^^^^^^^^^^^^
NameError: name 'is_image_processed' is not defined
",/Volumes/TVault2/datasets/sugvu24/extracted_frames/case_016/extraction_results.csv,17.0,
2025-04-05 15:55:10,ROW_PROCESSING_ERROR,Error processing row 18 in file /Volumes/TVault2/datasets/sugvu24/extracted_frames/case_016/extraction_results.csv: name 'is_image_processed' is not defined,"Traceback (most recent call last):
  File ""/var/folders/1j/2k5xpt896fdb5rnbdm6nktnr0000gn/T/ipykernel_14640/3110420929.py"", line 61, in <module>
    if is_image_processed(img_path):
       ^^^^^^^^^^^^^^^^^^
NameError: name 'is_image_processed' is not defined
",/Volumes/TVault2/datasets/sugvu24/extracted_frames/case_016/extraction_results.csv,18.0,
2025-04-05 15:55:10,ROW_PROCESSING_ERROR,Error processing row 19 in file /Volumes/TVault2/datasets/sugvu24/extracted_frames/case_016/extraction_results.csv: name 'is_image_processed' is not defined,"Traceback (most recent call last):
  File ""/var/folders/1j/2k5xpt896fdb5rnbdm6nktnr0000gn/T/ipykernel_14640/3110420929.py"", line 61, in <module>
    if is_image_processed(img_path):
       ^^^^^^^^^^^^^^^^^^
NameError: name 'is_image_processed' is not defined
",/Volumes/TVault2/datasets/sugvu24/extracted_frames/case_016/extraction_results.csv,19.0,
2025-04-05 15:55:10,ROW_PROCESSING_ERROR,Error processing row 20 in file /Volumes/TVault2/datasets/sugvu24/extracted_frames/case_016/extraction_results.csv: name 'is_image_processed' is not defined,"Traceback (most recent call last):
  File ""/var/folders/1j/2k5xpt896fdb5rnbdm6nktnr0000gn/T/ipykernel_14640/3110420929.py"", line 61, in <module>
    if is_image_processed(img_path):
       ^^^^^^^^^^^^^^^^^^
NameError: name 'is_image_processed' is not defined
",/Volumes/TVault2/datasets/sugvu24/extracted_frames/case_016/extraction_results.csv,20.0,
2025-04-05 15:55:10,ROW_PROCESSING_ERROR,Error processing row 21 in file /Volumes/TVault2/datasets/sugvu24/extracted_frames/case_016/extraction_results.csv: name 'is_image_processed' is not defined,"Traceback (most recent call last):
  File ""/var/folders/1j/2k5xpt896fdb5rnbdm6nktnr0000gn/T/ipykernel_14640/3110420929.py"", line 61, in <module>
    if is_image_processed(img_path):
       ^^^^^^^^^^^^^^^^^^
NameError: name 'is_image_processed' is not defined
",/Volumes/TVault2/datasets/sugvu24/extracted_frames/case_016/extraction_results.csv,21.0,
2025-04-05 15:55:10,ROW_PROCESSING_ERROR,Error processing row 22 in file /Volumes/TVault2/datasets/sugvu24/extracted_frames/case_016/extraction_results.csv: name 'is_image_processed' is not defined,"Traceback (most recent call last):
  File ""/var/folders/1j/2k5xpt896fdb5rnbdm6nktnr0000gn/T/ipykernel_14640/3110420929.py"", line 61, in <module>
    if is_image_processed(img_path):
       ^^^^^^^^^^^^^^^^^^
NameError: name 'is_image_processed' is not defined
",/Volumes/TVault2/datasets/sugvu24/extracted_frames/case_016/extraction_results.csv,22.0,
2025-04-05 15:55:10,ROW_PROCESSING_ERROR,Error processing row 23 in file /Volumes/TVault2/datasets/sugvu24/extracted_frames/case_016/extraction_results.csv: name 'is_image_processed' is not defined,"Traceback (most recent call last):
  File ""/var/folders/1j/2k5xpt896fdb5rnbdm6nktnr0000gn/T/ipykernel_14640/3110420929.py"", line 61, in <module>
    if is_image_processed(img_path):
       ^^^^^^^^^^^^^^^^^^
NameError: name 'is_image_processed' is not defined
",/Volumes/TVault2/datasets/sugvu24/extracted_frames/case_016/extraction_results.csv,23.0,
2025-04-05 15:55:10,ROW_PROCESSING_ERROR,Error processing row 24 in file /Volumes/TVault2/datasets/sugvu24/extracted_frames/case_016/extraction_results.csv: name 'is_image_processed' is not defined,"Traceback (most recent call last):
  File ""/var/folders/1j/2k5xpt896fdb5rnbdm6nktnr0000gn/T/ipykernel_14640/3110420929.py"", line 61, in <module>
    if is_image_processed(img_path):
       ^^^^^^^^^^^^^^^^^^
NameError: name 'is_image_processed' is not defined
",/Volumes/TVault2/datasets/sugvu24/extracted_frames/case_016/extraction_results.csv,24.0,
2025-04-05 15:55:10,ROW_PROCESSING_ERROR,Error processing row 25 in file /Volumes/TVault2/datasets/sugvu24/extracted_frames/case_016/extraction_results.csv: name 'is_image_processed' is not defined,"Traceback (most recent call last):
  File ""/var/folders/1j/2k5xpt896fdb5rnbdm6nktnr0000gn/T/ipykernel_14640/3110420929.py"", line 61, in <module>
    if is_image_processed(img_path):
       ^^^^^^^^^^^^^^^^^^
NameError: name 'is_image_processed' is not defined
",/Volumes/TVault2/datasets/sugvu24/extracted_frames/case_016/extraction_results.csv,25.0,
2025-04-05 15:55:10,ROW_PROCESSING_ERROR,Error processing row 26 in file /Volumes/TVault2/datasets/sugvu24/extracted_frames/case_016/extraction_results.csv: name 'is_image_processed' is not defined,"Traceback (most recent call last):
  File ""/var/folders/1j/2k5xpt896fdb5rnbdm6nktnr0000gn/T/ipykernel_14640/3110420929.py"", line 61, in <module>
    if is_image_processed(img_path):
       ^^^^^^^^^^^^^^^^^^
NameError: name 'is_image_processed' is not defined
",/Volumes/TVault2/datasets/sugvu24/extracted_frames/case_016/extraction_results.csv,26.0,
2025-04-05 15:55:10,ROW_PROCESSING_ERROR,Error processing row 27 in file /Volumes/TVault2/datasets/sugvu24/extracted_frames/case_016/extraction_results.csv: name 'is_image_processed' is not defined,"Traceback (most recent call last):
  File ""/var/folders/1j/2k5xpt896fdb5rnbdm6nktnr0000gn/T/ipykernel_14640/3110420929.py"", line 61, in <module>
    if is_image_processed(img_path):
       ^^^^^^^^^^^^^^^^^^
NameError: name 'is_image_processed' is not defined
",/Volumes/TVault2/datasets/sugvu24/extracted_frames/case_016/extraction_results.csv,27.0,
2025-04-05 15:55:10,ROW_PROCESSING_ERROR,Error processing row 28 in file /Volumes/TVault2/datasets/sugvu24/extracted_frames/case_016/extraction_results.csv: name 'is_image_processed' is not defined,"Traceback (most recent call last):
  File ""/var/folders/1j/2k5xpt896fdb5rnbdm6nktnr0000gn/T/ipykernel_14640/3110420929.py"", line 61, in <module>
    if is_image_processed(img_path):
       ^^^^^^^^^^^^^^^^^^
NameError: name 'is_image_processed' is not defined
",/Volumes/TVault2/datasets/sugvu24/extracted_frames/case_016/extraction_results.csv,28.0,
2025-04-05 15:55:10,ROW_PROCESSING_ERROR,Error processing row 29 in file /Volumes/TVault2/datasets/sugvu24/extracted_frames/case_016/extraction_results.csv: name 'is_image_processed' is not defined,"Traceback (most recent call last):
  File ""/var/folders/1j/2k5xpt896fdb5rnbdm6nktnr0000gn/T/ipykernel_14640/3110420929.py"", line 61, in <module>
    if is_image_processed(img_path):
       ^^^^^^^^^^^^^^^^^^
NameError: name 'is_image_processed' is not defined
",/Volumes/TVault2/datasets/sugvu24/extracted_frames/case_016/extraction_results.csv,29.0,
2025-04-05 15:55:10,ROW_PROCESSING_ERROR,Error processing row 30 in file /Volumes/TVault2/datasets/sugvu24/extracted_frames/case_016/extraction_results.csv: name 'is_image_processed' is not defined,"Traceback (most recent call last):
  File ""/var/folders/1j/2k5xpt896fdb5rnbdm6nktnr0000gn/T/ipykernel_14640/3110420929.py"", line 61, in <module>
    if is_image_processed(img_path):
       ^^^^^^^^^^^^^^^^^^
NameError: name 'is_image_processed' is not defined
",/Volumes/TVault2/datasets/sugvu24/extracted_frames/case_016/extraction_results.csv,30.0,
2025-04-05 15:55:10,ROW_PROCESSING_ERROR,Error processing row 31 in file /Volumes/TVault2/datasets/sugvu24/extracted_frames/case_016/extraction_results.csv: name 'is_image_processed' is not defined,"Traceback (most recent call last):
  File ""/var/folders/1j/2k5xpt896fdb5rnbdm6nktnr0000gn/T/ipykernel_14640/3110420929.py"", line 61, in <module>
    if is_image_processed(img_path):
       ^^^^^^^^^^^^^^^^^^
NameError: name 'is_image_processed' is not defined
",/Volumes/TVault2/datasets/sugvu24/extracted_frames/case_016/extraction_results.csv,31.0,
2025-04-05 15:55:10,ROW_PROCESSING_ERROR,Error processing row 32 in file /Volumes/TVault2/datasets/sugvu24/extracted_frames/case_016/extraction_results.csv: name 'is_image_processed' is not defined,"Traceback (most recent call last):
  File ""/var/folders/1j/2k5xpt896fdb5rnbdm6nktnr0000gn/T/ipykernel_14640/3110420929.py"", line 61, in <module>
    if is_image_processed(img_path):
       ^^^^^^^^^^^^^^^^^^
NameError: name 'is_image_processed' is not defined
",/Volumes/TVault2/datasets/sugvu24/extracted_frames/case_016/extraction_results.csv,32.0,
2025-04-05 15:55:10,ROW_PROCESSING_ERROR,Error processing row 33 in file /Volumes/TVault2/datasets/sugvu24/extracted_frames/case_016/extraction_results.csv: name 'is_image_processed' is not defined,"Traceback (most recent call last):
  File ""/var/folders/1j/2k5xpt896fdb5rnbdm6nktnr0000gn/T/ipykernel_14640/3110420929.py"", line 61, in <module>
    if is_image_processed(img_path):
       ^^^^^^^^^^^^^^^^^^
NameError: name 'is_image_processed' is not defined
",/Volumes/TVault2/datasets/sugvu24/extracted_frames/case_016/extraction_results.csv,33.0,
2025-04-05 15:55:10,ROW_PROCESSING_ERROR,Error processing row 34 in file /Volumes/TVault2/datasets/sugvu24/extracted_frames/case_016/extraction_results.csv: name 'is_image_processed' is not defined,"Traceback (most recent call last):
  File ""/var/folders/1j/2k5xpt896fdb5rnbdm6nktnr0000gn/T/ipykernel_14640/3110420929.py"", line 61, in <module>
    if is_image_processed(img_path):
       ^^^^^^^^^^^^^^^^^^
NameError: name 'is_image_processed' is not defined
",/Volumes/TVault2/datasets/sugvu24/extracted_frames/case_016/extraction_results.csv,34.0,
2025-04-05 15:55:10,ROW_PROCESSING_ERROR,Error processing row 35 in file /Volumes/TVault2/datasets/sugvu24/extracted_frames/case_016/extraction_results.csv: name 'is_image_processed' is not defined,"Traceback (most recent call last):
  File ""/var/folders/1j/2k5xpt896fdb5rnbdm6nktnr0000gn/T/ipykernel_14640/3110420929.py"", line 61, in <module>
    if is_image_processed(img_path):
       ^^^^^^^^^^^^^^^^^^
NameError: name 'is_image_processed' is not defined
",/Volumes/TVault2/datasets/sugvu24/extracted_frames/case_016/extraction_results.csv,35.0,
2025-04-05 15:55:10,ROW_PROCESSING_ERROR,Error processing row 36 in file /Volumes/TVault2/datasets/sugvu24/extracted_frames/case_016/extraction_results.csv: name 'is_image_processed' is not defined,"Traceback (most recent call last):
  File ""/var/folders/1j/2k5xpt896fdb5rnbdm6nktnr0000gn/T/ipykernel_14640/3110420929.py"", line 61, in <module>
    if is_image_processed(img_path):
       ^^^^^^^^^^^^^^^^^^
NameError: name 'is_image_processed' is not defined
",/Volumes/TVault2/datasets/sugvu24/extracted_frames/case_016/extraction_results.csv,36.0,
2025-04-05 15:55:10,ROW_PROCESSING_ERROR,Error processing row 37 in file /Volumes/TVault2/datasets/sugvu24/extracted_frames/case_016/extraction_results.csv: name 'is_image_processed' is not defined,"Traceback (most recent call last):
  File ""/var/folders/1j/2k5xpt896fdb5rnbdm6nktnr0000gn/T/ipykernel_14640/3110420929.py"", line 61, in <module>
    if is_image_processed(img_path):
       ^^^^^^^^^^^^^^^^^^
NameError: name 'is_image_processed' is not defined
",/Volumes/TVault2/datasets/sugvu24/extracted_frames/case_016/extraction_results.csv,37.0,
2025-04-05 15:55:10,ROW_PROCESSING_ERROR,Error processing row 38 in file /Volumes/TVault2/datasets/sugvu24/extracted_frames/case_016/extraction_results.csv: name 'is_image_processed' is not defined,"Traceback (most recent call last):
  File ""/var/folders/1j/2k5xpt896fdb5rnbdm6nktnr0000gn/T/ipykernel_14640/3110420929.py"", line 61, in <module>
    if is_image_processed(img_path):
       ^^^^^^^^^^^^^^^^^^
NameError: name 'is_image_processed' is not defined
",/Volumes/TVault2/datasets/sugvu24/extracted_frames/case_016/extraction_results.csv,38.0,
2025-04-05 15:55:11,ROW_PROCESSING_ERROR,Error processing row 39 in file /Volumes/TVault2/datasets/sugvu24/extracted_frames/case_016/extraction_results.csv: name 'is_image_processed' is not defined,"Traceback (most recent call last):
  File ""/var/folders/1j/2k5xpt896fdb5rnbdm6nktnr0000gn/T/ipykernel_14640/3110420929.py"", line 61, in <module>
    if is_image_processed(img_path):
       ^^^^^^^^^^^^^^^^^^
NameError: name 'is_image_processed' is not defined
",/Volumes/TVault2/datasets/sugvu24/extracted_frames/case_016/extraction_results.csv,39.0,
2025-04-05 15:55:11,ROW_PROCESSING_ERROR,Error processing row 40 in file /Volumes/TVault2/datasets/sugvu24/extracted_frames/case_016/extraction_results.csv: name 'is_image_processed' is not defined,"Traceback (most recent call last):
  File ""/var/folders/1j/2k5xpt896fdb5rnbdm6nktnr0000gn/T/ipykernel_14640/3110420929.py"", line 61, in <module>
    if is_image_processed(img_path):
       ^^^^^^^^^^^^^^^^^^
NameError: name 'is_image_processed' is not defined
",/Volumes/TVault2/datasets/sugvu24/extracted_frames/case_016/extraction_results.csv,40.0,
2025-04-05 15:55:11,ROW_PROCESSING_ERROR,Error processing row 41 in file /Volumes/TVault2/datasets/sugvu24/extracted_frames/case_016/extraction_results.csv: name 'is_image_processed' is not defined,"Traceback (most recent call last):
  File ""/var/folders/1j/2k5xpt896fdb5rnbdm6nktnr0000gn/T/ipykernel_14640/3110420929.py"", line 61, in <module>
    if is_image_processed(img_path):
       ^^^^^^^^^^^^^^^^^^
NameError: name 'is_image_processed' is not defined
",/Volumes/TVault2/datasets/sugvu24/extracted_frames/case_016/extraction_results.csv,41.0,
2025-04-05 15:55:11,ROW_PROCESSING_ERROR,Error processing row 42 in file /Volumes/TVault2/datasets/sugvu24/extracted_frames/case_016/extraction_results.csv: name 'is_image_processed' is not defined,"Traceback (most recent call last):
  File ""/var/folders/1j/2k5xpt896fdb5rnbdm6nktnr0000gn/T/ipykernel_14640/3110420929.py"", line 61, in <module>
    if is_image_processed(img_path):
       ^^^^^^^^^^^^^^^^^^
NameError: name 'is_image_processed' is not defined
",/Volumes/TVault2/datasets/sugvu24/extracted_frames/case_016/extraction_results.csv,42.0,
2025-04-05 15:55:11,ROW_PROCESSING_ERROR,Error processing row 43 in file /Volumes/TVault2/datasets/sugvu24/extracted_frames/case_016/extraction_results.csv: name 'is_image_processed' is not defined,"Traceback (most recent call last):
  File ""/var/folders/1j/2k5xpt896fdb5rnbdm6nktnr0000gn/T/ipykernel_14640/3110420929.py"", line 61, in <module>
    if is_image_processed(img_path):
       ^^^^^^^^^^^^^^^^^^
NameError: name 'is_image_processed' is not defined
",/Volumes/TVault2/datasets/sugvu24/extracted_frames/case_016/extraction_results.csv,43.0,
2025-04-05 15:55:11,ROW_PROCESSING_ERROR,Error processing row 44 in file /Volumes/TVault2/datasets/sugvu24/extracted_frames/case_016/extraction_results.csv: name 'is_image_processed' is not defined,"Traceback (most recent call last):
  File ""/var/folders/1j/2k5xpt896fdb5rnbdm6nktnr0000gn/T/ipykernel_14640/3110420929.py"", line 61, in <module>
    if is_image_processed(img_path):
       ^^^^^^^^^^^^^^^^^^
NameError: name 'is_image_processed' is not defined
",/Volumes/TVault2/datasets/sugvu24/extracted_frames/case_016/extraction_results.csv,44.0,
2025-04-05 15:55:11,ROW_PROCESSING_ERROR,Error processing row 45 in file /Volumes/TVault2/datasets/sugvu24/extracted_frames/case_016/extraction_results.csv: name 'is_image_processed' is not defined,"Traceback (most recent call last):
  File ""/var/folders/1j/2k5xpt896fdb5rnbdm6nktnr0000gn/T/ipykernel_14640/3110420929.py"", line 61, in <module>
    if is_image_processed(img_path):
       ^^^^^^^^^^^^^^^^^^
NameError: name 'is_image_processed' is not defined
",/Volumes/TVault2/datasets/sugvu24/extracted_frames/case_016/extraction_results.csv,45.0,
2025-04-05 15:55:11,ROW_PROCESSING_ERROR,Error processing row 46 in file /Volumes/TVault2/datasets/sugvu24/extracted_frames/case_016/extraction_results.csv: name 'is_image_processed' is not defined,"Traceback (most recent call last):
  File ""/var/folders/1j/2k5xpt896fdb5rnbdm6nktnr0000gn/T/ipykernel_14640/3110420929.py"", line 61, in <module>
    if is_image_processed(img_path):
       ^^^^^^^^^^^^^^^^^^
NameError: name 'is_image_processed' is not defined
",/Volumes/TVault2/datasets/sugvu24/extracted_frames/case_016/extraction_results.csv,46.0,
2025-04-05 15:55:11,ROW_PROCESSING_ERROR,Error processing row 47 in file /Volumes/TVault2/datasets/sugvu24/extracted_frames/case_016/extraction_results.csv: name 'is_image_processed' is not defined,"Traceback (most recent call last):
  File ""/var/folders/1j/2k5xpt896fdb5rnbdm6nktnr0000gn/T/ipykernel_14640/3110420929.py"", line 61, in <module>
    if is_image_processed(img_path):
       ^^^^^^^^^^^^^^^^^^
NameError: name 'is_image_processed' is not defined
",/Volumes/TVault2/datasets/sugvu24/extracted_frames/case_016/extraction_results.csv,47.0,
2025-04-05 15:55:11,ROW_PROCESSING_ERROR,Error processing row 48 in file /Volumes/TVault2/datasets/sugvu24/extracted_frames/case_016/extraction_results.csv: name 'is_image_processed' is not defined,"Traceback (most recent call last):
  File ""/var/folders/1j/2k5xpt896fdb5rnbdm6nktnr0000gn/T/ipykernel_14640/3110420929.py"", line 61, in <module>
    if is_image_processed(img_path):
       ^^^^^^^^^^^^^^^^^^
NameError: name 'is_image_processed' is not defined
",/Volumes/TVault2/datasets/sugvu24/extracted_frames/case_016/extraction_results.csv,48.0,
2025-04-05 15:55:11,ROW_PROCESSING_ERROR,Error processing row 49 in file /Volumes/TVault2/datasets/sugvu24/extracted_frames/case_016/extraction_results.csv: name 'is_image_processed' is not defined,"Traceback (most recent call last):
  File ""/var/folders/1j/2k5xpt896fdb5rnbdm6nktnr0000gn/T/ipykernel_14640/3110420929.py"", line 61, in <module>
    if is_image_processed(img_path):
       ^^^^^^^^^^^^^^^^^^
NameError: name 'is_image_processed' is not defined
",/Volumes/TVault2/datasets/sugvu24/extracted_frames/case_016/extraction_results.csv,49.0,
2025-04-05 15:55:11,ROW_PROCESSING_ERROR,Error processing row 50 in file /Volumes/TVault2/datasets/sugvu24/extracted_frames/case_016/extraction_results.csv: name 'is_image_processed' is not defined,"Traceback (most recent call last):
  File ""/var/folders/1j/2k5xpt896fdb5rnbdm6nktnr0000gn/T/ipykernel_14640/3110420929.py"", line 61, in <module>
    if is_image_processed(img_path):
       ^^^^^^^^^^^^^^^^^^
NameError: name 'is_image_processed' is not defined
",/Volumes/TVault2/datasets/sugvu24/extracted_frames/case_016/extraction_results.csv,50.0,
2025-04-05 15:55:11,ROW_PROCESSING_ERROR,Error processing row 51 in file /Volumes/TVault2/datasets/sugvu24/extracted_frames/case_016/extraction_results.csv: name 'is_image_processed' is not defined,"Traceback (most recent call last):
  File ""/var/folders/1j/2k5xpt896fdb5rnbdm6nktnr0000gn/T/ipykernel_14640/3110420929.py"", line 61, in <module>
    if is_image_processed(img_path):
       ^^^^^^^^^^^^^^^^^^
NameError: name 'is_image_processed' is not defined
",/Volumes/TVault2/datasets/sugvu24/extracted_frames/case_016/extraction_results.csv,51.0,
2025-04-05 15:55:11,ROW_PROCESSING_ERROR,Error processing row 52 in file /Volumes/TVault2/datasets/sugvu24/extracted_frames/case_016/extraction_results.csv: name 'is_image_processed' is not defined,"Traceback (most recent call last):
  File ""/var/folders/1j/2k5xpt896fdb5rnbdm6nktnr0000gn/T/ipykernel_14640/3110420929.py"", line 61, in <module>
    if is_image_processed(img_path):
       ^^^^^^^^^^^^^^^^^^
NameError: name 'is_image_processed' is not defined
",/Volumes/TVault2/datasets/sugvu24/extracted_frames/case_016/extraction_results.csv,52.0,
2025-04-05 15:55:11,ROW_PROCESSING_ERROR,Error processing row 53 in file /Volumes/TVault2/datasets/sugvu24/extracted_frames/case_016/extraction_results.csv: name 'is_image_processed' is not defined,"Traceback (most recent call last):
  File ""/var/folders/1j/2k5xpt896fdb5rnbdm6nktnr0000gn/T/ipykernel_14640/3110420929.py"", line 61, in <module>
    if is_image_processed(img_path):
       ^^^^^^^^^^^^^^^^^^
NameError: name 'is_image_processed' is not defined
",/Volumes/TVault2/datasets/sugvu24/extracted_frames/case_016/extraction_results.csv,53.0,
2025-04-05 15:55:11,ROW_PROCESSING_ERROR,Error processing row 54 in file /Volumes/TVault2/datasets/sugvu24/extracted_frames/case_016/extraction_results.csv: name 'is_image_processed' is not defined,"Traceback (most recent call last):
  File ""/var/folders/1j/2k5xpt896fdb5rnbdm6nktnr0000gn/T/ipykernel_14640/3110420929.py"", line 61, in <module>
    if is_image_processed(img_path):
       ^^^^^^^^^^^^^^^^^^
NameError: name 'is_image_processed' is not defined
",/Volumes/TVault2/datasets/sugvu24/extracted_frames/case_016/extraction_results.csv,54.0,
2025-04-05 15:55:11,ROW_PROCESSING_ERROR,"Error processing row 55 in file /Volumes/TVault2/datasets/sugvu24/extracted_frames/case_016/extraction_results.csv: join() argument must be str, bytes, or os.PathLike object, not 'float'","Traceback (most recent call last):
  File ""/var/folders/1j/2k5xpt896fdb5rnbdm6nktnr0000gn/T/ipykernel_14640/3110420929.py"", line 58, in <module>
    img_path = os.path.join(root, frame_file)
               ^^^^^^^^^^^^^^^^^^^^^^^^^^^^^^
  File ""<frozen posixpath>"", line 90, in join
  File ""<frozen genericpath>"", line 164, in _check_arg_types
TypeError: join() argument must be str, bytes, or os.PathLike object, not 'float'
",/Volumes/TVault2/datasets/sugvu24/extracted_frames/case_016/extraction_results.csv,55.0,
2025-04-05 15:55:11,ROW_PROCESSING_ERROR,"Error processing row 56 in file /Volumes/TVault2/datasets/sugvu24/extracted_frames/case_016/extraction_results.csv: join() argument must be str, bytes, or os.PathLike object, not 'float'","Traceback (most recent call last):
  File ""/var/folders/1j/2k5xpt896fdb5rnbdm6nktnr0000gn/T/ipykernel_14640/3110420929.py"", line 58, in <module>
    img_path = os.path.join(root, frame_file)
               ^^^^^^^^^^^^^^^^^^^^^^^^^^^^^^
  File ""<frozen posixpath>"", line 90, in join
  File ""<frozen genericpath>"", line 164, in _check_arg_types
TypeError: join() argument must be str, bytes, or os.PathLike object, not 'float'
",/Volumes/TVault2/datasets/sugvu24/extracted_frames/case_016/extraction_results.csv,56.0,
2025-04-05 15:55:11,ROW_PROCESSING_ERROR,"Error processing row 57 in file /Volumes/TVault2/datasets/sugvu24/extracted_frames/case_016/extraction_results.csv: join() argument must be str, bytes, or os.PathLike object, not 'float'","Traceback (most recent call last):
  File ""/var/folders/1j/2k5xpt896fdb5rnbdm6nktnr0000gn/T/ipykernel_14640/3110420929.py"", line 58, in <module>
    img_path = os.path.join(root, frame_file)
               ^^^^^^^^^^^^^^^^^^^^^^^^^^^^^^
  File ""<frozen posixpath>"", line 90, in join
  File ""<frozen genericpath>"", line 164, in _check_arg_types
TypeError: join() argument must be str, bytes, or os.PathLike object, not 'float'
",/Volumes/TVault2/datasets/sugvu24/extracted_frames/case_016/extraction_results.csv,57.0,
2025-04-05 15:55:11,ROW_PROCESSING_ERROR,"Error processing row 58 in file /Volumes/TVault2/datasets/sugvu24/extracted_frames/case_016/extraction_results.csv: join() argument must be str, bytes, or os.PathLike object, not 'float'","Traceback (most recent call last):
  File ""/var/folders/1j/2k5xpt896fdb5rnbdm6nktnr0000gn/T/ipykernel_14640/3110420929.py"", line 58, in <module>
    img_path = os.path.join(root, frame_file)
               ^^^^^^^^^^^^^^^^^^^^^^^^^^^^^^
  File ""<frozen posixpath>"", line 90, in join
  File ""<frozen genericpath>"", line 164, in _check_arg_types
TypeError: join() argument must be str, bytes, or os.PathLike object, not 'float'
",/Volumes/TVault2/datasets/sugvu24/extracted_frames/case_016/extraction_results.csv,58.0,
2025-04-05 15:55:11,ROW_PROCESSING_ERROR,"Error processing row 59 in file /Volumes/TVault2/datasets/sugvu24/extracted_frames/case_016/extraction_results.csv: join() argument must be str, bytes, or os.PathLike object, not 'float'","Traceback (most recent call last):
  File ""/var/folders/1j/2k5xpt896fdb5rnbdm6nktnr0000gn/T/ipykernel_14640/3110420929.py"", line 58, in <module>
    img_path = os.path.join(root, frame_file)
               ^^^^^^^^^^^^^^^^^^^^^^^^^^^^^^
  File ""<frozen posixpath>"", line 90, in join
  File ""<frozen genericpath>"", line 164, in _check_arg_types
TypeError: join() argument must be str, bytes, or os.PathLike object, not 'float'
",/Volumes/TVault2/datasets/sugvu24/extracted_frames/case_016/extraction_results.csv,59.0,
2025-04-05 15:55:11,ROW_PROCESSING_ERROR,"Error processing row 60 in file /Volumes/TVault2/datasets/sugvu24/extracted_frames/case_016/extraction_results.csv: join() argument must be str, bytes, or os.PathLike object, not 'float'","Traceback (most recent call last):
  File ""/var/folders/1j/2k5xpt896fdb5rnbdm6nktnr0000gn/T/ipykernel_14640/3110420929.py"", line 58, in <module>
    img_path = os.path.join(root, frame_file)
               ^^^^^^^^^^^^^^^^^^^^^^^^^^^^^^
  File ""<frozen posixpath>"", line 90, in join
  File ""<frozen genericpath>"", line 164, in _check_arg_types
TypeError: join() argument must be str, bytes, or os.PathLike object, not 'float'
",/Volumes/TVault2/datasets/sugvu24/extracted_frames/case_016/extraction_results.csv,60.0,
2025-04-05 15:55:11,ROW_PROCESSING_ERROR,"Error processing row 61 in file /Volumes/TVault2/datasets/sugvu24/extracted_frames/case_016/extraction_results.csv: join() argument must be str, bytes, or os.PathLike object, not 'float'","Traceback (most recent call last):
  File ""/var/folders/1j/2k5xpt896fdb5rnbdm6nktnr0000gn/T/ipykernel_14640/3110420929.py"", line 58, in <module>
    img_path = os.path.join(root, frame_file)
               ^^^^^^^^^^^^^^^^^^^^^^^^^^^^^^
  File ""<frozen posixpath>"", line 90, in join
  File ""<frozen genericpath>"", line 164, in _check_arg_types
TypeError: join() argument must be str, bytes, or os.PathLike object, not 'float'
",/Volumes/TVault2/datasets/sugvu24/extracted_frames/case_016/extraction_results.csv,61.0,
2025-04-05 15:55:11,ROW_PROCESSING_ERROR,"Error processing row 62 in file /Volumes/TVault2/datasets/sugvu24/extracted_frames/case_016/extraction_results.csv: join() argument must be str, bytes, or os.PathLike object, not 'float'","Traceback (most recent call last):
  File ""/var/folders/1j/2k5xpt896fdb5rnbdm6nktnr0000gn/T/ipykernel_14640/3110420929.py"", line 58, in <module>
    img_path = os.path.join(root, frame_file)
               ^^^^^^^^^^^^^^^^^^^^^^^^^^^^^^
  File ""<frozen posixpath>"", line 90, in join
  File ""<frozen genericpath>"", line 164, in _check_arg_types
TypeError: join() argument must be str, bytes, or os.PathLike object, not 'float'
",/Volumes/TVault2/datasets/sugvu24/extracted_frames/case_016/extraction_results.csv,62.0,
2025-04-05 15:55:11,ROW_PROCESSING_ERROR,"Error processing row 63 in file /Volumes/TVault2/datasets/sugvu24/extracted_frames/case_016/extraction_results.csv: join() argument must be str, bytes, or os.PathLike object, not 'float'","Traceback (most recent call last):
  File ""/var/folders/1j/2k5xpt896fdb5rnbdm6nktnr0000gn/T/ipykernel_14640/3110420929.py"", line 58, in <module>
    img_path = os.path.join(root, frame_file)
               ^^^^^^^^^^^^^^^^^^^^^^^^^^^^^^
  File ""<frozen posixpath>"", line 90, in join
  File ""<frozen genericpath>"", line 164, in _check_arg_types
TypeError: join() argument must be str, bytes, or os.PathLike object, not 'float'
",/Volumes/TVault2/datasets/sugvu24/extracted_frames/case_016/extraction_results.csv,63.0,
2025-04-05 15:55:11,ROW_PROCESSING_ERROR,"Error processing row 64 in file /Volumes/TVault2/datasets/sugvu24/extracted_frames/case_016/extraction_results.csv: join() argument must be str, bytes, or os.PathLike object, not 'float'","Traceback (most recent call last):
  File ""/var/folders/1j/2k5xpt896fdb5rnbdm6nktnr0000gn/T/ipykernel_14640/3110420929.py"", line 58, in <module>
    img_path = os.path.join(root, frame_file)
               ^^^^^^^^^^^^^^^^^^^^^^^^^^^^^^
  File ""<frozen posixpath>"", line 90, in join
  File ""<frozen genericpath>"", line 164, in _check_arg_types
TypeError: join() argument must be str, bytes, or os.PathLike object, not 'float'
",/Volumes/TVault2/datasets/sugvu24/extracted_frames/case_016/extraction_results.csv,64.0,
2025-04-05 15:55:11,ROW_PROCESSING_ERROR,"Error processing row 65 in file /Volumes/TVault2/datasets/sugvu24/extracted_frames/case_016/extraction_results.csv: join() argument must be str, bytes, or os.PathLike object, not 'float'","Traceback (most recent call last):
  File ""/var/folders/1j/2k5xpt896fdb5rnbdm6nktnr0000gn/T/ipykernel_14640/3110420929.py"", line 58, in <module>
    img_path = os.path.join(root, frame_file)
               ^^^^^^^^^^^^^^^^^^^^^^^^^^^^^^
  File ""<frozen posixpath>"", line 90, in join
  File ""<frozen genericpath>"", line 164, in _check_arg_types
TypeError: join() argument must be str, bytes, or os.PathLike object, not 'float'
",/Volumes/TVault2/datasets/sugvu24/extracted_frames/case_016/extraction_results.csv,65.0,
2025-04-05 15:55:11,ROW_PROCESSING_ERROR,"Error processing row 66 in file /Volumes/TVault2/datasets/sugvu24/extracted_frames/case_016/extraction_results.csv: join() argument must be str, bytes, or os.PathLike object, not 'float'","Traceback (most recent call last):
  File ""/var/folders/1j/2k5xpt896fdb5rnbdm6nktnr0000gn/T/ipykernel_14640/3110420929.py"", line 58, in <module>
    img_path = os.path.join(root, frame_file)
               ^^^^^^^^^^^^^^^^^^^^^^^^^^^^^^
  File ""<frozen posixpath>"", line 90, in join
  File ""<frozen genericpath>"", line 164, in _check_arg_types
TypeError: join() argument must be str, bytes, or os.PathLike object, not 'float'
",/Volumes/TVault2/datasets/sugvu24/extracted_frames/case_016/extraction_results.csv,66.0,
2025-04-05 15:55:11,ROW_PROCESSING_ERROR,"Error processing row 67 in file /Volumes/TVault2/datasets/sugvu24/extracted_frames/case_016/extraction_results.csv: join() argument must be str, bytes, or os.PathLike object, not 'float'","Traceback (most recent call last):
  File ""/var/folders/1j/2k5xpt896fdb5rnbdm6nktnr0000gn/T/ipykernel_14640/3110420929.py"", line 58, in <module>
    img_path = os.path.join(root, frame_file)
               ^^^^^^^^^^^^^^^^^^^^^^^^^^^^^^
  File ""<frozen posixpath>"", line 90, in join
  File ""<frozen genericpath>"", line 164, in _check_arg_types
TypeError: join() argument must be str, bytes, or os.PathLike object, not 'float'
",/Volumes/TVault2/datasets/sugvu24/extracted_frames/case_016/extraction_results.csv,67.0,
2025-04-05 15:55:11,ROW_PROCESSING_ERROR,"Error processing row 68 in file /Volumes/TVault2/datasets/sugvu24/extracted_frames/case_016/extraction_results.csv: join() argument must be str, bytes, or os.PathLike object, not 'float'","Traceback (most recent call last):
  File ""/var/folders/1j/2k5xpt896fdb5rnbdm6nktnr0000gn/T/ipykernel_14640/3110420929.py"", line 58, in <module>
    img_path = os.path.join(root, frame_file)
               ^^^^^^^^^^^^^^^^^^^^^^^^^^^^^^
  File ""<frozen posixpath>"", line 90, in join
  File ""<frozen genericpath>"", line 164, in _check_arg_types
TypeError: join() argument must be str, bytes, or os.PathLike object, not 'float'
",/Volumes/TVault2/datasets/sugvu24/extracted_frames/case_016/extraction_results.csv,68.0,
2025-04-05 15:55:11,ROW_PROCESSING_ERROR,"Error processing row 69 in file /Volumes/TVault2/datasets/sugvu24/extracted_frames/case_016/extraction_results.csv: join() argument must be str, bytes, or os.PathLike object, not 'float'","Traceback (most recent call last):
  File ""/var/folders/1j/2k5xpt896fdb5rnbdm6nktnr0000gn/T/ipykernel_14640/3110420929.py"", line 58, in <module>
    img_path = os.path.join(root, frame_file)
               ^^^^^^^^^^^^^^^^^^^^^^^^^^^^^^
  File ""<frozen posixpath>"", line 90, in join
  File ""<frozen genericpath>"", line 164, in _check_arg_types
TypeError: join() argument must be str, bytes, or os.PathLike object, not 'float'
",/Volumes/TVault2/datasets/sugvu24/extracted_frames/case_016/extraction_results.csv,69.0,
2025-04-05 15:55:11,ROW_PROCESSING_ERROR,"Error processing row 70 in file /Volumes/TVault2/datasets/sugvu24/extracted_frames/case_016/extraction_results.csv: join() argument must be str, bytes, or os.PathLike object, not 'float'","Traceback (most recent call last):
  File ""/var/folders/1j/2k5xpt896fdb5rnbdm6nktnr0000gn/T/ipykernel_14640/3110420929.py"", line 58, in <module>
    img_path = os.path.join(root, frame_file)
               ^^^^^^^^^^^^^^^^^^^^^^^^^^^^^^
  File ""<frozen posixpath>"", line 90, in join
  File ""<frozen genericpath>"", line 164, in _check_arg_types
TypeError: join() argument must be str, bytes, or os.PathLike object, not 'float'
",/Volumes/TVault2/datasets/sugvu24/extracted_frames/case_016/extraction_results.csv,70.0,
2025-04-05 15:55:11,ROW_PROCESSING_ERROR,"Error processing row 71 in file /Volumes/TVault2/datasets/sugvu24/extracted_frames/case_016/extraction_results.csv: join() argument must be str, bytes, or os.PathLike object, not 'float'","Traceback (most recent call last):
  File ""/var/folders/1j/2k5xpt896fdb5rnbdm6nktnr0000gn/T/ipykernel_14640/3110420929.py"", line 58, in <module>
    img_path = os.path.join(root, frame_file)
               ^^^^^^^^^^^^^^^^^^^^^^^^^^^^^^
  File ""<frozen posixpath>"", line 90, in join
  File ""<frozen genericpath>"", line 164, in _check_arg_types
TypeError: join() argument must be str, bytes, or os.PathLike object, not 'float'
",/Volumes/TVault2/datasets/sugvu24/extracted_frames/case_016/extraction_results.csv,71.0,
2025-04-05 15:55:11,ROW_PROCESSING_ERROR,Error processing row 72 in file /Volumes/TVault2/datasets/sugvu24/extracted_frames/case_016/extraction_results.csv: name 'is_image_processed' is not defined,"Traceback (most recent call last):
  File ""/var/folders/1j/2k5xpt896fdb5rnbdm6nktnr0000gn/T/ipykernel_14640/3110420929.py"", line 61, in <module>
    if is_image_processed(img_path):
       ^^^^^^^^^^^^^^^^^^
NameError: name 'is_image_processed' is not defined
",/Volumes/TVault2/datasets/sugvu24/extracted_frames/case_016/extraction_results.csv,72.0,
2025-04-05 15:55:11,ROW_PROCESSING_ERROR,Error processing row 73 in file /Volumes/TVault2/datasets/sugvu24/extracted_frames/case_016/extraction_results.csv: name 'is_image_processed' is not defined,"Traceback (most recent call last):
  File ""/var/folders/1j/2k5xpt896fdb5rnbdm6nktnr0000gn/T/ipykernel_14640/3110420929.py"", line 61, in <module>
    if is_image_processed(img_path):
       ^^^^^^^^^^^^^^^^^^
NameError: name 'is_image_processed' is not defined
",/Volumes/TVault2/datasets/sugvu24/extracted_frames/case_016/extraction_results.csv,73.0,
2025-04-05 15:55:11,ROW_PROCESSING_ERROR,Error processing row 74 in file /Volumes/TVault2/datasets/sugvu24/extracted_frames/case_016/extraction_results.csv: name 'is_image_processed' is not defined,"Traceback (most recent call last):
  File ""/var/folders/1j/2k5xpt896fdb5rnbdm6nktnr0000gn/T/ipykernel_14640/3110420929.py"", line 61, in <module>
    if is_image_processed(img_path):
       ^^^^^^^^^^^^^^^^^^
NameError: name 'is_image_processed' is not defined
",/Volumes/TVault2/datasets/sugvu24/extracted_frames/case_016/extraction_results.csv,74.0,
2025-04-05 15:55:11,ROW_PROCESSING_ERROR,Error processing row 75 in file /Volumes/TVault2/datasets/sugvu24/extracted_frames/case_016/extraction_results.csv: name 'is_image_processed' is not defined,"Traceback (most recent call last):
  File ""/var/folders/1j/2k5xpt896fdb5rnbdm6nktnr0000gn/T/ipykernel_14640/3110420929.py"", line 61, in <module>
    if is_image_processed(img_path):
       ^^^^^^^^^^^^^^^^^^
NameError: name 'is_image_processed' is not defined
",/Volumes/TVault2/datasets/sugvu24/extracted_frames/case_016/extraction_results.csv,75.0,
2025-04-05 15:55:11,ROW_PROCESSING_ERROR,Error processing row 76 in file /Volumes/TVault2/datasets/sugvu24/extracted_frames/case_016/extraction_results.csv: name 'is_image_processed' is not defined,"Traceback (most recent call last):
  File ""/var/folders/1j/2k5xpt896fdb5rnbdm6nktnr0000gn/T/ipykernel_14640/3110420929.py"", line 61, in <module>
    if is_image_processed(img_path):
       ^^^^^^^^^^^^^^^^^^
NameError: name 'is_image_processed' is not defined
",/Volumes/TVault2/datasets/sugvu24/extracted_frames/case_016/extraction_results.csv,76.0,
2025-04-05 15:55:11,ROW_PROCESSING_ERROR,Error processing row 77 in file /Volumes/TVault2/datasets/sugvu24/extracted_frames/case_016/extraction_results.csv: name 'is_image_processed' is not defined,"Traceback (most recent call last):
  File ""/var/folders/1j/2k5xpt896fdb5rnbdm6nktnr0000gn/T/ipykernel_14640/3110420929.py"", line 61, in <module>
    if is_image_processed(img_path):
       ^^^^^^^^^^^^^^^^^^
NameError: name 'is_image_processed' is not defined
",/Volumes/TVault2/datasets/sugvu24/extracted_frames/case_016/extraction_results.csv,77.0,
2025-04-05 15:55:11,ROW_PROCESSING_ERROR,Error processing row 78 in file /Volumes/TVault2/datasets/sugvu24/extracted_frames/case_016/extraction_results.csv: name 'is_image_processed' is not defined,"Traceback (most recent call last):
  File ""/var/folders/1j/2k5xpt896fdb5rnbdm6nktnr0000gn/T/ipykernel_14640/3110420929.py"", line 61, in <module>
    if is_image_processed(img_path):
       ^^^^^^^^^^^^^^^^^^
NameError: name 'is_image_processed' is not defined
",/Volumes/TVault2/datasets/sugvu24/extracted_frames/case_016/extraction_results.csv,78.0,
2025-04-05 15:55:11,ROW_PROCESSING_ERROR,Error processing row 79 in file /Volumes/TVault2/datasets/sugvu24/extracted_frames/case_016/extraction_results.csv: name 'is_image_processed' is not defined,"Traceback (most recent call last):
  File ""/var/folders/1j/2k5xpt896fdb5rnbdm6nktnr0000gn/T/ipykernel_14640/3110420929.py"", line 61, in <module>
    if is_image_processed(img_path):
       ^^^^^^^^^^^^^^^^^^
NameError: name 'is_image_processed' is not defined
",/Volumes/TVault2/datasets/sugvu24/extracted_frames/case_016/extraction_results.csv,79.0,
2025-04-05 15:55:11,ROW_PROCESSING_ERROR,Error processing row 80 in file /Volumes/TVault2/datasets/sugvu24/extracted_frames/case_016/extraction_results.csv: name 'is_image_processed' is not defined,"Traceback (most recent call last):
  File ""/var/folders/1j/2k5xpt896fdb5rnbdm6nktnr0000gn/T/ipykernel_14640/3110420929.py"", line 61, in <module>
    if is_image_processed(img_path):
       ^^^^^^^^^^^^^^^^^^
NameError: name 'is_image_processed' is not defined
",/Volumes/TVault2/datasets/sugvu24/extracted_frames/case_016/extraction_results.csv,80.0,
2025-04-05 15:55:11,ROW_PROCESSING_ERROR,Error processing row 81 in file /Volumes/TVault2/datasets/sugvu24/extracted_frames/case_016/extraction_results.csv: name 'is_image_processed' is not defined,"Traceback (most recent call last):
  File ""/var/folders/1j/2k5xpt896fdb5rnbdm6nktnr0000gn/T/ipykernel_14640/3110420929.py"", line 61, in <module>
    if is_image_processed(img_path):
       ^^^^^^^^^^^^^^^^^^
NameError: name 'is_image_processed' is not defined
",/Volumes/TVault2/datasets/sugvu24/extracted_frames/case_016/extraction_results.csv,81.0,
2025-04-05 15:55:11,ROW_PROCESSING_ERROR,Error processing row 82 in file /Volumes/TVault2/datasets/sugvu24/extracted_frames/case_016/extraction_results.csv: name 'is_image_processed' is not defined,"Traceback (most recent call last):
  File ""/var/folders/1j/2k5xpt896fdb5rnbdm6nktnr0000gn/T/ipykernel_14640/3110420929.py"", line 61, in <module>
    if is_image_processed(img_path):
       ^^^^^^^^^^^^^^^^^^
NameError: name 'is_image_processed' is not defined
",/Volumes/TVault2/datasets/sugvu24/extracted_frames/case_016/extraction_results.csv,82.0,
2025-04-05 15:55:11,ROW_PROCESSING_ERROR,Error processing row 83 in file /Volumes/TVault2/datasets/sugvu24/extracted_frames/case_016/extraction_results.csv: name 'is_image_processed' is not defined,"Traceback (most recent call last):
  File ""/var/folders/1j/2k5xpt896fdb5rnbdm6nktnr0000gn/T/ipykernel_14640/3110420929.py"", line 61, in <module>
    if is_image_processed(img_path):
       ^^^^^^^^^^^^^^^^^^
NameError: name 'is_image_processed' is not defined
",/Volumes/TVault2/datasets/sugvu24/extracted_frames/case_016/extraction_results.csv,83.0,
2025-04-05 15:55:11,ROW_PROCESSING_ERROR,Error processing row 0 in file /Volumes/TVault2/datasets/sugvu24/extracted_frames/case_017/extraction_results.csv: name 'is_image_processed' is not defined,"Traceback (most recent call last):
  File ""/var/folders/1j/2k5xpt896fdb5rnbdm6nktnr0000gn/T/ipykernel_14640/3110420929.py"", line 61, in <module>
    if is_image_processed(img_path):
       ^^^^^^^^^^^^^^^^^^
NameError: name 'is_image_processed' is not defined
",/Volumes/TVault2/datasets/sugvu24/extracted_frames/case_017/extraction_results.csv,0.0,
2025-04-05 15:55:11,ROW_PROCESSING_ERROR,Error processing row 1 in file /Volumes/TVault2/datasets/sugvu24/extracted_frames/case_017/extraction_results.csv: name 'is_image_processed' is not defined,"Traceback (most recent call last):
  File ""/var/folders/1j/2k5xpt896fdb5rnbdm6nktnr0000gn/T/ipykernel_14640/3110420929.py"", line 61, in <module>
    if is_image_processed(img_path):
       ^^^^^^^^^^^^^^^^^^
NameError: name 'is_image_processed' is not defined
",/Volumes/TVault2/datasets/sugvu24/extracted_frames/case_017/extraction_results.csv,1.0,
2025-04-05 15:55:11,ROW_PROCESSING_ERROR,Error processing row 2 in file /Volumes/TVault2/datasets/sugvu24/extracted_frames/case_017/extraction_results.csv: name 'is_image_processed' is not defined,"Traceback (most recent call last):
  File ""/var/folders/1j/2k5xpt896fdb5rnbdm6nktnr0000gn/T/ipykernel_14640/3110420929.py"", line 61, in <module>
    if is_image_processed(img_path):
       ^^^^^^^^^^^^^^^^^^
NameError: name 'is_image_processed' is not defined
",/Volumes/TVault2/datasets/sugvu24/extracted_frames/case_017/extraction_results.csv,2.0,
2025-04-05 15:55:11,ROW_PROCESSING_ERROR,"Error processing row 3 in file /Volumes/TVault2/datasets/sugvu24/extracted_frames/case_017/extraction_results.csv: join() argument must be str, bytes, or os.PathLike object, not 'float'","Traceback (most recent call last):
  File ""/var/folders/1j/2k5xpt896fdb5rnbdm6nktnr0000gn/T/ipykernel_14640/3110420929.py"", line 58, in <module>
    img_path = os.path.join(root, frame_file)
               ^^^^^^^^^^^^^^^^^^^^^^^^^^^^^^
  File ""<frozen posixpath>"", line 90, in join
  File ""<frozen genericpath>"", line 164, in _check_arg_types
TypeError: join() argument must be str, bytes, or os.PathLike object, not 'float'
",/Volumes/TVault2/datasets/sugvu24/extracted_frames/case_017/extraction_results.csv,3.0,
2025-04-05 15:55:11,ROW_PROCESSING_ERROR,Error processing row 4 in file /Volumes/TVault2/datasets/sugvu24/extracted_frames/case_017/extraction_results.csv: name 'is_image_processed' is not defined,"Traceback (most recent call last):
  File ""/var/folders/1j/2k5xpt896fdb5rnbdm6nktnr0000gn/T/ipykernel_14640/3110420929.py"", line 61, in <module>
    if is_image_processed(img_path):
       ^^^^^^^^^^^^^^^^^^
NameError: name 'is_image_processed' is not defined
",/Volumes/TVault2/datasets/sugvu24/extracted_frames/case_017/extraction_results.csv,4.0,
2025-04-05 15:55:11,ROW_PROCESSING_ERROR,Error processing row 5 in file /Volumes/TVault2/datasets/sugvu24/extracted_frames/case_017/extraction_results.csv: name 'is_image_processed' is not defined,"Traceback (most recent call last):
  File ""/var/folders/1j/2k5xpt896fdb5rnbdm6nktnr0000gn/T/ipykernel_14640/3110420929.py"", line 61, in <module>
    if is_image_processed(img_path):
       ^^^^^^^^^^^^^^^^^^
NameError: name 'is_image_processed' is not defined
",/Volumes/TVault2/datasets/sugvu24/extracted_frames/case_017/extraction_results.csv,5.0,
2025-04-05 15:55:11,ROW_PROCESSING_ERROR,Error processing row 6 in file /Volumes/TVault2/datasets/sugvu24/extracted_frames/case_017/extraction_results.csv: name 'is_image_processed' is not defined,"Traceback (most recent call last):
  File ""/var/folders/1j/2k5xpt896fdb5rnbdm6nktnr0000gn/T/ipykernel_14640/3110420929.py"", line 61, in <module>
    if is_image_processed(img_path):
       ^^^^^^^^^^^^^^^^^^
NameError: name 'is_image_processed' is not defined
",/Volumes/TVault2/datasets/sugvu24/extracted_frames/case_017/extraction_results.csv,6.0,
2025-04-05 15:55:11,ROW_PROCESSING_ERROR,Error processing row 7 in file /Volumes/TVault2/datasets/sugvu24/extracted_frames/case_017/extraction_results.csv: name 'is_image_processed' is not defined,"Traceback (most recent call last):
  File ""/var/folders/1j/2k5xpt896fdb5rnbdm6nktnr0000gn/T/ipykernel_14640/3110420929.py"", line 61, in <module>
    if is_image_processed(img_path):
       ^^^^^^^^^^^^^^^^^^
NameError: name 'is_image_processed' is not defined
",/Volumes/TVault2/datasets/sugvu24/extracted_frames/case_017/extraction_results.csv,7.0,
2025-04-05 15:55:11,ROW_PROCESSING_ERROR,Error processing row 8 in file /Volumes/TVault2/datasets/sugvu24/extracted_frames/case_017/extraction_results.csv: name 'is_image_processed' is not defined,"Traceback (most recent call last):
  File ""/var/folders/1j/2k5xpt896fdb5rnbdm6nktnr0000gn/T/ipykernel_14640/3110420929.py"", line 61, in <module>
    if is_image_processed(img_path):
       ^^^^^^^^^^^^^^^^^^
NameError: name 'is_image_processed' is not defined
",/Volumes/TVault2/datasets/sugvu24/extracted_frames/case_017/extraction_results.csv,8.0,
2025-04-05 15:55:11,ROW_PROCESSING_ERROR,Error processing row 9 in file /Volumes/TVault2/datasets/sugvu24/extracted_frames/case_017/extraction_results.csv: name 'is_image_processed' is not defined,"Traceback (most recent call last):
  File ""/var/folders/1j/2k5xpt896fdb5rnbdm6nktnr0000gn/T/ipykernel_14640/3110420929.py"", line 61, in <module>
    if is_image_processed(img_path):
       ^^^^^^^^^^^^^^^^^^
NameError: name 'is_image_processed' is not defined
",/Volumes/TVault2/datasets/sugvu24/extracted_frames/case_017/extraction_results.csv,9.0,
2025-04-05 15:55:11,ROW_PROCESSING_ERROR,Error processing row 10 in file /Volumes/TVault2/datasets/sugvu24/extracted_frames/case_017/extraction_results.csv: name 'is_image_processed' is not defined,"Traceback (most recent call last):
  File ""/var/folders/1j/2k5xpt896fdb5rnbdm6nktnr0000gn/T/ipykernel_14640/3110420929.py"", line 61, in <module>
    if is_image_processed(img_path):
       ^^^^^^^^^^^^^^^^^^
NameError: name 'is_image_processed' is not defined
",/Volumes/TVault2/datasets/sugvu24/extracted_frames/case_017/extraction_results.csv,10.0,
2025-04-05 15:55:11,ROW_PROCESSING_ERROR,Error processing row 11 in file /Volumes/TVault2/datasets/sugvu24/extracted_frames/case_017/extraction_results.csv: name 'is_image_processed' is not defined,"Traceback (most recent call last):
  File ""/var/folders/1j/2k5xpt896fdb5rnbdm6nktnr0000gn/T/ipykernel_14640/3110420929.py"", line 61, in <module>
    if is_image_processed(img_path):
       ^^^^^^^^^^^^^^^^^^
NameError: name 'is_image_processed' is not defined
",/Volumes/TVault2/datasets/sugvu24/extracted_frames/case_017/extraction_results.csv,11.0,
2025-04-05 15:55:11,ROW_PROCESSING_ERROR,Error processing row 12 in file /Volumes/TVault2/datasets/sugvu24/extracted_frames/case_017/extraction_results.csv: name 'is_image_processed' is not defined,"Traceback (most recent call last):
  File ""/var/folders/1j/2k5xpt896fdb5rnbdm6nktnr0000gn/T/ipykernel_14640/3110420929.py"", line 61, in <module>
    if is_image_processed(img_path):
       ^^^^^^^^^^^^^^^^^^
NameError: name 'is_image_processed' is not defined
",/Volumes/TVault2/datasets/sugvu24/extracted_frames/case_017/extraction_results.csv,12.0,
2025-04-05 15:55:11,ROW_PROCESSING_ERROR,Error processing row 13 in file /Volumes/TVault2/datasets/sugvu24/extracted_frames/case_017/extraction_results.csv: name 'is_image_processed' is not defined,"Traceback (most recent call last):
  File ""/var/folders/1j/2k5xpt896fdb5rnbdm6nktnr0000gn/T/ipykernel_14640/3110420929.py"", line 61, in <module>
    if is_image_processed(img_path):
       ^^^^^^^^^^^^^^^^^^
NameError: name 'is_image_processed' is not defined
",/Volumes/TVault2/datasets/sugvu24/extracted_frames/case_017/extraction_results.csv,13.0,
2025-04-05 15:55:11,ROW_PROCESSING_ERROR,Error processing row 14 in file /Volumes/TVault2/datasets/sugvu24/extracted_frames/case_017/extraction_results.csv: name 'is_image_processed' is not defined,"Traceback (most recent call last):
  File ""/var/folders/1j/2k5xpt896fdb5rnbdm6nktnr0000gn/T/ipykernel_14640/3110420929.py"", line 61, in <module>
    if is_image_processed(img_path):
       ^^^^^^^^^^^^^^^^^^
NameError: name 'is_image_processed' is not defined
",/Volumes/TVault2/datasets/sugvu24/extracted_frames/case_017/extraction_results.csv,14.0,
2025-04-05 15:55:11,ROW_PROCESSING_ERROR,Error processing row 15 in file /Volumes/TVault2/datasets/sugvu24/extracted_frames/case_017/extraction_results.csv: name 'is_image_processed' is not defined,"Traceback (most recent call last):
  File ""/var/folders/1j/2k5xpt896fdb5rnbdm6nktnr0000gn/T/ipykernel_14640/3110420929.py"", line 61, in <module>
    if is_image_processed(img_path):
       ^^^^^^^^^^^^^^^^^^
NameError: name 'is_image_processed' is not defined
",/Volumes/TVault2/datasets/sugvu24/extracted_frames/case_017/extraction_results.csv,15.0,
2025-04-05 15:55:11,ROW_PROCESSING_ERROR,Error processing row 16 in file /Volumes/TVault2/datasets/sugvu24/extracted_frames/case_017/extraction_results.csv: name 'is_image_processed' is not defined,"Traceback (most recent call last):
  File ""/var/folders/1j/2k5xpt896fdb5rnbdm6nktnr0000gn/T/ipykernel_14640/3110420929.py"", line 61, in <module>
    if is_image_processed(img_path):
       ^^^^^^^^^^^^^^^^^^
NameError: name 'is_image_processed' is not defined
",/Volumes/TVault2/datasets/sugvu24/extracted_frames/case_017/extraction_results.csv,16.0,
2025-04-05 15:55:11,ROW_PROCESSING_ERROR,Error processing row 17 in file /Volumes/TVault2/datasets/sugvu24/extracted_frames/case_017/extraction_results.csv: name 'is_image_processed' is not defined,"Traceback (most recent call last):
  File ""/var/folders/1j/2k5xpt896fdb5rnbdm6nktnr0000gn/T/ipykernel_14640/3110420929.py"", line 61, in <module>
    if is_image_processed(img_path):
       ^^^^^^^^^^^^^^^^^^
NameError: name 'is_image_processed' is not defined
",/Volumes/TVault2/datasets/sugvu24/extracted_frames/case_017/extraction_results.csv,17.0,
2025-04-05 15:55:11,ROW_PROCESSING_ERROR,Error processing row 18 in file /Volumes/TVault2/datasets/sugvu24/extracted_frames/case_017/extraction_results.csv: name 'is_image_processed' is not defined,"Traceback (most recent call last):
  File ""/var/folders/1j/2k5xpt896fdb5rnbdm6nktnr0000gn/T/ipykernel_14640/3110420929.py"", line 61, in <module>
    if is_image_processed(img_path):
       ^^^^^^^^^^^^^^^^^^
NameError: name 'is_image_processed' is not defined
",/Volumes/TVault2/datasets/sugvu24/extracted_frames/case_017/extraction_results.csv,18.0,
2025-04-05 15:55:11,ROW_PROCESSING_ERROR,Error processing row 19 in file /Volumes/TVault2/datasets/sugvu24/extracted_frames/case_017/extraction_results.csv: name 'is_image_processed' is not defined,"Traceback (most recent call last):
  File ""/var/folders/1j/2k5xpt896fdb5rnbdm6nktnr0000gn/T/ipykernel_14640/3110420929.py"", line 61, in <module>
    if is_image_processed(img_path):
       ^^^^^^^^^^^^^^^^^^
NameError: name 'is_image_processed' is not defined
",/Volumes/TVault2/datasets/sugvu24/extracted_frames/case_017/extraction_results.csv,19.0,
2025-04-05 15:55:11,ROW_PROCESSING_ERROR,Error processing row 20 in file /Volumes/TVault2/datasets/sugvu24/extracted_frames/case_017/extraction_results.csv: name 'is_image_processed' is not defined,"Traceback (most recent call last):
  File ""/var/folders/1j/2k5xpt896fdb5rnbdm6nktnr0000gn/T/ipykernel_14640/3110420929.py"", line 61, in <module>
    if is_image_processed(img_path):
       ^^^^^^^^^^^^^^^^^^
NameError: name 'is_image_processed' is not defined
",/Volumes/TVault2/datasets/sugvu24/extracted_frames/case_017/extraction_results.csv,20.0,
2025-04-05 15:55:11,ROW_PROCESSING_ERROR,Error processing row 21 in file /Volumes/TVault2/datasets/sugvu24/extracted_frames/case_017/extraction_results.csv: name 'is_image_processed' is not defined,"Traceback (most recent call last):
  File ""/var/folders/1j/2k5xpt896fdb5rnbdm6nktnr0000gn/T/ipykernel_14640/3110420929.py"", line 61, in <module>
    if is_image_processed(img_path):
       ^^^^^^^^^^^^^^^^^^
NameError: name 'is_image_processed' is not defined
",/Volumes/TVault2/datasets/sugvu24/extracted_frames/case_017/extraction_results.csv,21.0,
2025-04-05 15:55:11,ROW_PROCESSING_ERROR,Error processing row 22 in file /Volumes/TVault2/datasets/sugvu24/extracted_frames/case_017/extraction_results.csv: name 'is_image_processed' is not defined,"Traceback (most recent call last):
  File ""/var/folders/1j/2k5xpt896fdb5rnbdm6nktnr0000gn/T/ipykernel_14640/3110420929.py"", line 61, in <module>
    if is_image_processed(img_path):
       ^^^^^^^^^^^^^^^^^^
NameError: name 'is_image_processed' is not defined
",/Volumes/TVault2/datasets/sugvu24/extracted_frames/case_017/extraction_results.csv,22.0,
2025-04-05 15:55:11,ROW_PROCESSING_ERROR,Error processing row 23 in file /Volumes/TVault2/datasets/sugvu24/extracted_frames/case_017/extraction_results.csv: name 'is_image_processed' is not defined,"Traceback (most recent call last):
  File ""/var/folders/1j/2k5xpt896fdb5rnbdm6nktnr0000gn/T/ipykernel_14640/3110420929.py"", line 61, in <module>
    if is_image_processed(img_path):
       ^^^^^^^^^^^^^^^^^^
NameError: name 'is_image_processed' is not defined
",/Volumes/TVault2/datasets/sugvu24/extracted_frames/case_017/extraction_results.csv,23.0,
2025-04-05 15:55:11,ROW_PROCESSING_ERROR,Error processing row 24 in file /Volumes/TVault2/datasets/sugvu24/extracted_frames/case_017/extraction_results.csv: name 'is_image_processed' is not defined,"Traceback (most recent call last):
  File ""/var/folders/1j/2k5xpt896fdb5rnbdm6nktnr0000gn/T/ipykernel_14640/3110420929.py"", line 61, in <module>
    if is_image_processed(img_path):
       ^^^^^^^^^^^^^^^^^^
NameError: name 'is_image_processed' is not defined
",/Volumes/TVault2/datasets/sugvu24/extracted_frames/case_017/extraction_results.csv,24.0,
2025-04-05 15:55:11,ROW_PROCESSING_ERROR,Error processing row 25 in file /Volumes/TVault2/datasets/sugvu24/extracted_frames/case_017/extraction_results.csv: name 'is_image_processed' is not defined,"Traceback (most recent call last):
  File ""/var/folders/1j/2k5xpt896fdb5rnbdm6nktnr0000gn/T/ipykernel_14640/3110420929.py"", line 61, in <module>
    if is_image_processed(img_path):
       ^^^^^^^^^^^^^^^^^^
NameError: name 'is_image_processed' is not defined
",/Volumes/TVault2/datasets/sugvu24/extracted_frames/case_017/extraction_results.csv,25.0,
2025-04-05 15:55:11,ROW_PROCESSING_ERROR,Error processing row 26 in file /Volumes/TVault2/datasets/sugvu24/extracted_frames/case_017/extraction_results.csv: name 'is_image_processed' is not defined,"Traceback (most recent call last):
  File ""/var/folders/1j/2k5xpt896fdb5rnbdm6nktnr0000gn/T/ipykernel_14640/3110420929.py"", line 61, in <module>
    if is_image_processed(img_path):
       ^^^^^^^^^^^^^^^^^^
NameError: name 'is_image_processed' is not defined
",/Volumes/TVault2/datasets/sugvu24/extracted_frames/case_017/extraction_results.csv,26.0,
2025-04-05 15:55:11,ROW_PROCESSING_ERROR,Error processing row 27 in file /Volumes/TVault2/datasets/sugvu24/extracted_frames/case_017/extraction_results.csv: name 'is_image_processed' is not defined,"Traceback (most recent call last):
  File ""/var/folders/1j/2k5xpt896fdb5rnbdm6nktnr0000gn/T/ipykernel_14640/3110420929.py"", line 61, in <module>
    if is_image_processed(img_path):
       ^^^^^^^^^^^^^^^^^^
NameError: name 'is_image_processed' is not defined
",/Volumes/TVault2/datasets/sugvu24/extracted_frames/case_017/extraction_results.csv,27.0,
2025-04-05 15:55:11,ROW_PROCESSING_ERROR,Error processing row 28 in file /Volumes/TVault2/datasets/sugvu24/extracted_frames/case_017/extraction_results.csv: name 'is_image_processed' is not defined,"Traceback (most recent call last):
  File ""/var/folders/1j/2k5xpt896fdb5rnbdm6nktnr0000gn/T/ipykernel_14640/3110420929.py"", line 61, in <module>
    if is_image_processed(img_path):
       ^^^^^^^^^^^^^^^^^^
NameError: name 'is_image_processed' is not defined
",/Volumes/TVault2/datasets/sugvu24/extracted_frames/case_017/extraction_results.csv,28.0,
2025-04-05 15:55:11,ROW_PROCESSING_ERROR,Error processing row 29 in file /Volumes/TVault2/datasets/sugvu24/extracted_frames/case_017/extraction_results.csv: name 'is_image_processed' is not defined,"Traceback (most recent call last):
  File ""/var/folders/1j/2k5xpt896fdb5rnbdm6nktnr0000gn/T/ipykernel_14640/3110420929.py"", line 61, in <module>
    if is_image_processed(img_path):
       ^^^^^^^^^^^^^^^^^^
NameError: name 'is_image_processed' is not defined
",/Volumes/TVault2/datasets/sugvu24/extracted_frames/case_017/extraction_results.csv,29.0,
2025-04-05 15:55:11,ROW_PROCESSING_ERROR,Error processing row 30 in file /Volumes/TVault2/datasets/sugvu24/extracted_frames/case_017/extraction_results.csv: name 'is_image_processed' is not defined,"Traceback (most recent call last):
  File ""/var/folders/1j/2k5xpt896fdb5rnbdm6nktnr0000gn/T/ipykernel_14640/3110420929.py"", line 61, in <module>
    if is_image_processed(img_path):
       ^^^^^^^^^^^^^^^^^^
NameError: name 'is_image_processed' is not defined
",/Volumes/TVault2/datasets/sugvu24/extracted_frames/case_017/extraction_results.csv,30.0,
2025-04-05 15:55:12,ROW_PROCESSING_ERROR,Error processing row 31 in file /Volumes/TVault2/datasets/sugvu24/extracted_frames/case_017/extraction_results.csv: name 'is_image_processed' is not defined,"Traceback (most recent call last):
  File ""/var/folders/1j/2k5xpt896fdb5rnbdm6nktnr0000gn/T/ipykernel_14640/3110420929.py"", line 61, in <module>
    if is_image_processed(img_path):
       ^^^^^^^^^^^^^^^^^^
NameError: name 'is_image_processed' is not defined
",/Volumes/TVault2/datasets/sugvu24/extracted_frames/case_017/extraction_results.csv,31.0,
2025-04-05 15:55:12,ROW_PROCESSING_ERROR,Error processing row 32 in file /Volumes/TVault2/datasets/sugvu24/extracted_frames/case_017/extraction_results.csv: name 'is_image_processed' is not defined,"Traceback (most recent call last):
  File ""/var/folders/1j/2k5xpt896fdb5rnbdm6nktnr0000gn/T/ipykernel_14640/3110420929.py"", line 61, in <module>
    if is_image_processed(img_path):
       ^^^^^^^^^^^^^^^^^^
NameError: name 'is_image_processed' is not defined
",/Volumes/TVault2/datasets/sugvu24/extracted_frames/case_017/extraction_results.csv,32.0,
2025-04-05 15:55:12,ROW_PROCESSING_ERROR,Error processing row 33 in file /Volumes/TVault2/datasets/sugvu24/extracted_frames/case_017/extraction_results.csv: name 'is_image_processed' is not defined,"Traceback (most recent call last):
  File ""/var/folders/1j/2k5xpt896fdb5rnbdm6nktnr0000gn/T/ipykernel_14640/3110420929.py"", line 61, in <module>
    if is_image_processed(img_path):
       ^^^^^^^^^^^^^^^^^^
NameError: name 'is_image_processed' is not defined
",/Volumes/TVault2/datasets/sugvu24/extracted_frames/case_017/extraction_results.csv,33.0,
2025-04-05 15:55:12,ROW_PROCESSING_ERROR,Error processing row 34 in file /Volumes/TVault2/datasets/sugvu24/extracted_frames/case_017/extraction_results.csv: name 'is_image_processed' is not defined,"Traceback (most recent call last):
  File ""/var/folders/1j/2k5xpt896fdb5rnbdm6nktnr0000gn/T/ipykernel_14640/3110420929.py"", line 61, in <module>
    if is_image_processed(img_path):
       ^^^^^^^^^^^^^^^^^^
NameError: name 'is_image_processed' is not defined
",/Volumes/TVault2/datasets/sugvu24/extracted_frames/case_017/extraction_results.csv,34.0,
2025-04-05 15:55:12,ROW_PROCESSING_ERROR,Error processing row 35 in file /Volumes/TVault2/datasets/sugvu24/extracted_frames/case_017/extraction_results.csv: name 'is_image_processed' is not defined,"Traceback (most recent call last):
  File ""/var/folders/1j/2k5xpt896fdb5rnbdm6nktnr0000gn/T/ipykernel_14640/3110420929.py"", line 61, in <module>
    if is_image_processed(img_path):
       ^^^^^^^^^^^^^^^^^^
NameError: name 'is_image_processed' is not defined
",/Volumes/TVault2/datasets/sugvu24/extracted_frames/case_017/extraction_results.csv,35.0,
2025-04-05 15:55:12,ROW_PROCESSING_ERROR,Error processing row 36 in file /Volumes/TVault2/datasets/sugvu24/extracted_frames/case_017/extraction_results.csv: name 'is_image_processed' is not defined,"Traceback (most recent call last):
  File ""/var/folders/1j/2k5xpt896fdb5rnbdm6nktnr0000gn/T/ipykernel_14640/3110420929.py"", line 61, in <module>
    if is_image_processed(img_path):
       ^^^^^^^^^^^^^^^^^^
NameError: name 'is_image_processed' is not defined
",/Volumes/TVault2/datasets/sugvu24/extracted_frames/case_017/extraction_results.csv,36.0,
2025-04-05 15:55:12,ROW_PROCESSING_ERROR,Error processing row 37 in file /Volumes/TVault2/datasets/sugvu24/extracted_frames/case_017/extraction_results.csv: name 'is_image_processed' is not defined,"Traceback (most recent call last):
  File ""/var/folders/1j/2k5xpt896fdb5rnbdm6nktnr0000gn/T/ipykernel_14640/3110420929.py"", line 61, in <module>
    if is_image_processed(img_path):
       ^^^^^^^^^^^^^^^^^^
NameError: name 'is_image_processed' is not defined
",/Volumes/TVault2/datasets/sugvu24/extracted_frames/case_017/extraction_results.csv,37.0,
2025-04-05 15:55:12,ROW_PROCESSING_ERROR,Error processing row 38 in file /Volumes/TVault2/datasets/sugvu24/extracted_frames/case_017/extraction_results.csv: name 'is_image_processed' is not defined,"Traceback (most recent call last):
  File ""/var/folders/1j/2k5xpt896fdb5rnbdm6nktnr0000gn/T/ipykernel_14640/3110420929.py"", line 61, in <module>
    if is_image_processed(img_path):
       ^^^^^^^^^^^^^^^^^^
NameError: name 'is_image_processed' is not defined
",/Volumes/TVault2/datasets/sugvu24/extracted_frames/case_017/extraction_results.csv,38.0,
2025-04-05 15:55:12,ROW_PROCESSING_ERROR,Error processing row 39 in file /Volumes/TVault2/datasets/sugvu24/extracted_frames/case_017/extraction_results.csv: name 'is_image_processed' is not defined,"Traceback (most recent call last):
  File ""/var/folders/1j/2k5xpt896fdb5rnbdm6nktnr0000gn/T/ipykernel_14640/3110420929.py"", line 61, in <module>
    if is_image_processed(img_path):
       ^^^^^^^^^^^^^^^^^^
NameError: name 'is_image_processed' is not defined
",/Volumes/TVault2/datasets/sugvu24/extracted_frames/case_017/extraction_results.csv,39.0,
2025-04-05 15:55:12,ROW_PROCESSING_ERROR,Error processing row 40 in file /Volumes/TVault2/datasets/sugvu24/extracted_frames/case_017/extraction_results.csv: name 'is_image_processed' is not defined,"Traceback (most recent call last):
  File ""/var/folders/1j/2k5xpt896fdb5rnbdm6nktnr0000gn/T/ipykernel_14640/3110420929.py"", line 61, in <module>
    if is_image_processed(img_path):
       ^^^^^^^^^^^^^^^^^^
NameError: name 'is_image_processed' is not defined
",/Volumes/TVault2/datasets/sugvu24/extracted_frames/case_017/extraction_results.csv,40.0,
2025-04-05 15:55:12,ROW_PROCESSING_ERROR,Error processing row 41 in file /Volumes/TVault2/datasets/sugvu24/extracted_frames/case_017/extraction_results.csv: name 'is_image_processed' is not defined,"Traceback (most recent call last):
  File ""/var/folders/1j/2k5xpt896fdb5rnbdm6nktnr0000gn/T/ipykernel_14640/3110420929.py"", line 61, in <module>
    if is_image_processed(img_path):
       ^^^^^^^^^^^^^^^^^^
NameError: name 'is_image_processed' is not defined
",/Volumes/TVault2/datasets/sugvu24/extracted_frames/case_017/extraction_results.csv,41.0,
2025-04-05 15:55:12,ROW_PROCESSING_ERROR,Error processing row 42 in file /Volumes/TVault2/datasets/sugvu24/extracted_frames/case_017/extraction_results.csv: name 'is_image_processed' is not defined,"Traceback (most recent call last):
  File ""/var/folders/1j/2k5xpt896fdb5rnbdm6nktnr0000gn/T/ipykernel_14640/3110420929.py"", line 61, in <module>
    if is_image_processed(img_path):
       ^^^^^^^^^^^^^^^^^^
NameError: name 'is_image_processed' is not defined
",/Volumes/TVault2/datasets/sugvu24/extracted_frames/case_017/extraction_results.csv,42.0,
2025-04-05 15:55:12,ROW_PROCESSING_ERROR,Error processing row 43 in file /Volumes/TVault2/datasets/sugvu24/extracted_frames/case_017/extraction_results.csv: name 'is_image_processed' is not defined,"Traceback (most recent call last):
  File ""/var/folders/1j/2k5xpt896fdb5rnbdm6nktnr0000gn/T/ipykernel_14640/3110420929.py"", line 61, in <module>
    if is_image_processed(img_path):
       ^^^^^^^^^^^^^^^^^^
NameError: name 'is_image_processed' is not defined
",/Volumes/TVault2/datasets/sugvu24/extracted_frames/case_017/extraction_results.csv,43.0,
2025-04-05 15:55:12,ROW_PROCESSING_ERROR,Error processing row 44 in file /Volumes/TVault2/datasets/sugvu24/extracted_frames/case_017/extraction_results.csv: name 'is_image_processed' is not defined,"Traceback (most recent call last):
  File ""/var/folders/1j/2k5xpt896fdb5rnbdm6nktnr0000gn/T/ipykernel_14640/3110420929.py"", line 61, in <module>
    if is_image_processed(img_path):
       ^^^^^^^^^^^^^^^^^^
NameError: name 'is_image_processed' is not defined
",/Volumes/TVault2/datasets/sugvu24/extracted_frames/case_017/extraction_results.csv,44.0,
2025-04-05 15:55:12,ROW_PROCESSING_ERROR,Error processing row 45 in file /Volumes/TVault2/datasets/sugvu24/extracted_frames/case_017/extraction_results.csv: name 'is_image_processed' is not defined,"Traceback (most recent call last):
  File ""/var/folders/1j/2k5xpt896fdb5rnbdm6nktnr0000gn/T/ipykernel_14640/3110420929.py"", line 61, in <module>
    if is_image_processed(img_path):
       ^^^^^^^^^^^^^^^^^^
NameError: name 'is_image_processed' is not defined
",/Volumes/TVault2/datasets/sugvu24/extracted_frames/case_017/extraction_results.csv,45.0,
2025-04-05 15:55:12,ROW_PROCESSING_ERROR,Error processing row 46 in file /Volumes/TVault2/datasets/sugvu24/extracted_frames/case_017/extraction_results.csv: name 'is_image_processed' is not defined,"Traceback (most recent call last):
  File ""/var/folders/1j/2k5xpt896fdb5rnbdm6nktnr0000gn/T/ipykernel_14640/3110420929.py"", line 61, in <module>
    if is_image_processed(img_path):
       ^^^^^^^^^^^^^^^^^^
NameError: name 'is_image_processed' is not defined
",/Volumes/TVault2/datasets/sugvu24/extracted_frames/case_017/extraction_results.csv,46.0,
2025-04-05 15:55:12,ROW_PROCESSING_ERROR,Error processing row 47 in file /Volumes/TVault2/datasets/sugvu24/extracted_frames/case_017/extraction_results.csv: name 'is_image_processed' is not defined,"Traceback (most recent call last):
  File ""/var/folders/1j/2k5xpt896fdb5rnbdm6nktnr0000gn/T/ipykernel_14640/3110420929.py"", line 61, in <module>
    if is_image_processed(img_path):
       ^^^^^^^^^^^^^^^^^^
NameError: name 'is_image_processed' is not defined
",/Volumes/TVault2/datasets/sugvu24/extracted_frames/case_017/extraction_results.csv,47.0,
2025-04-05 15:55:12,ROW_PROCESSING_ERROR,Error processing row 48 in file /Volumes/TVault2/datasets/sugvu24/extracted_frames/case_017/extraction_results.csv: name 'is_image_processed' is not defined,"Traceback (most recent call last):
  File ""/var/folders/1j/2k5xpt896fdb5rnbdm6nktnr0000gn/T/ipykernel_14640/3110420929.py"", line 61, in <module>
    if is_image_processed(img_path):
       ^^^^^^^^^^^^^^^^^^
NameError: name 'is_image_processed' is not defined
",/Volumes/TVault2/datasets/sugvu24/extracted_frames/case_017/extraction_results.csv,48.0,
2025-04-05 15:55:12,ROW_PROCESSING_ERROR,Error processing row 49 in file /Volumes/TVault2/datasets/sugvu24/extracted_frames/case_017/extraction_results.csv: name 'is_image_processed' is not defined,"Traceback (most recent call last):
  File ""/var/folders/1j/2k5xpt896fdb5rnbdm6nktnr0000gn/T/ipykernel_14640/3110420929.py"", line 61, in <module>
    if is_image_processed(img_path):
       ^^^^^^^^^^^^^^^^^^
NameError: name 'is_image_processed' is not defined
",/Volumes/TVault2/datasets/sugvu24/extracted_frames/case_017/extraction_results.csv,49.0,
2025-04-05 15:55:12,ROW_PROCESSING_ERROR,"Error processing row 50 in file /Volumes/TVault2/datasets/sugvu24/extracted_frames/case_017/extraction_results.csv: join() argument must be str, bytes, or os.PathLike object, not 'float'","Traceback (most recent call last):
  File ""/var/folders/1j/2k5xpt896fdb5rnbdm6nktnr0000gn/T/ipykernel_14640/3110420929.py"", line 58, in <module>
    img_path = os.path.join(root, frame_file)
               ^^^^^^^^^^^^^^^^^^^^^^^^^^^^^^
  File ""<frozen posixpath>"", line 90, in join
  File ""<frozen genericpath>"", line 164, in _check_arg_types
TypeError: join() argument must be str, bytes, or os.PathLike object, not 'float'
",/Volumes/TVault2/datasets/sugvu24/extracted_frames/case_017/extraction_results.csv,50.0,
2025-04-05 15:55:12,ROW_PROCESSING_ERROR,"Error processing row 51 in file /Volumes/TVault2/datasets/sugvu24/extracted_frames/case_017/extraction_results.csv: join() argument must be str, bytes, or os.PathLike object, not 'float'","Traceback (most recent call last):
  File ""/var/folders/1j/2k5xpt896fdb5rnbdm6nktnr0000gn/T/ipykernel_14640/3110420929.py"", line 58, in <module>
    img_path = os.path.join(root, frame_file)
               ^^^^^^^^^^^^^^^^^^^^^^^^^^^^^^
  File ""<frozen posixpath>"", line 90, in join
  File ""<frozen genericpath>"", line 164, in _check_arg_types
TypeError: join() argument must be str, bytes, or os.PathLike object, not 'float'
",/Volumes/TVault2/datasets/sugvu24/extracted_frames/case_017/extraction_results.csv,51.0,
2025-04-05 15:55:12,ROW_PROCESSING_ERROR,"Error processing row 52 in file /Volumes/TVault2/datasets/sugvu24/extracted_frames/case_017/extraction_results.csv: join() argument must be str, bytes, or os.PathLike object, not 'float'","Traceback (most recent call last):
  File ""/var/folders/1j/2k5xpt896fdb5rnbdm6nktnr0000gn/T/ipykernel_14640/3110420929.py"", line 58, in <module>
    img_path = os.path.join(root, frame_file)
               ^^^^^^^^^^^^^^^^^^^^^^^^^^^^^^
  File ""<frozen posixpath>"", line 90, in join
  File ""<frozen genericpath>"", line 164, in _check_arg_types
TypeError: join() argument must be str, bytes, or os.PathLike object, not 'float'
",/Volumes/TVault2/datasets/sugvu24/extracted_frames/case_017/extraction_results.csv,52.0,
2025-04-05 15:55:12,ROW_PROCESSING_ERROR,Error processing row 53 in file /Volumes/TVault2/datasets/sugvu24/extracted_frames/case_017/extraction_results.csv: name 'is_image_processed' is not defined,"Traceback (most recent call last):
  File ""/var/folders/1j/2k5xpt896fdb5rnbdm6nktnr0000gn/T/ipykernel_14640/3110420929.py"", line 61, in <module>
    if is_image_processed(img_path):
       ^^^^^^^^^^^^^^^^^^
NameError: name 'is_image_processed' is not defined
",/Volumes/TVault2/datasets/sugvu24/extracted_frames/case_017/extraction_results.csv,53.0,
2025-04-05 15:55:12,ROW_PROCESSING_ERROR,Error processing row 54 in file /Volumes/TVault2/datasets/sugvu24/extracted_frames/case_017/extraction_results.csv: name 'is_image_processed' is not defined,"Traceback (most recent call last):
  File ""/var/folders/1j/2k5xpt896fdb5rnbdm6nktnr0000gn/T/ipykernel_14640/3110420929.py"", line 61, in <module>
    if is_image_processed(img_path):
       ^^^^^^^^^^^^^^^^^^
NameError: name 'is_image_processed' is not defined
",/Volumes/TVault2/datasets/sugvu24/extracted_frames/case_017/extraction_results.csv,54.0,
2025-04-05 15:55:12,ROW_PROCESSING_ERROR,Error processing row 55 in file /Volumes/TVault2/datasets/sugvu24/extracted_frames/case_017/extraction_results.csv: name 'is_image_processed' is not defined,"Traceback (most recent call last):
  File ""/var/folders/1j/2k5xpt896fdb5rnbdm6nktnr0000gn/T/ipykernel_14640/3110420929.py"", line 61, in <module>
    if is_image_processed(img_path):
       ^^^^^^^^^^^^^^^^^^
NameError: name 'is_image_processed' is not defined
",/Volumes/TVault2/datasets/sugvu24/extracted_frames/case_017/extraction_results.csv,55.0,
2025-04-05 15:55:12,ROW_PROCESSING_ERROR,"Error processing row 56 in file /Volumes/TVault2/datasets/sugvu24/extracted_frames/case_017/extraction_results.csv: join() argument must be str, bytes, or os.PathLike object, not 'float'","Traceback (most recent call last):
  File ""/var/folders/1j/2k5xpt896fdb5rnbdm6nktnr0000gn/T/ipykernel_14640/3110420929.py"", line 58, in <module>
    img_path = os.path.join(root, frame_file)
               ^^^^^^^^^^^^^^^^^^^^^^^^^^^^^^
  File ""<frozen posixpath>"", line 90, in join
  File ""<frozen genericpath>"", line 164, in _check_arg_types
TypeError: join() argument must be str, bytes, or os.PathLike object, not 'float'
",/Volumes/TVault2/datasets/sugvu24/extracted_frames/case_017/extraction_results.csv,56.0,
2025-04-05 15:55:12,ROW_PROCESSING_ERROR,Error processing row 57 in file /Volumes/TVault2/datasets/sugvu24/extracted_frames/case_017/extraction_results.csv: name 'is_image_processed' is not defined,"Traceback (most recent call last):
  File ""/var/folders/1j/2k5xpt896fdb5rnbdm6nktnr0000gn/T/ipykernel_14640/3110420929.py"", line 61, in <module>
    if is_image_processed(img_path):
       ^^^^^^^^^^^^^^^^^^
NameError: name 'is_image_processed' is not defined
",/Volumes/TVault2/datasets/sugvu24/extracted_frames/case_017/extraction_results.csv,57.0,
2025-04-05 15:55:12,ROW_PROCESSING_ERROR,Error processing row 58 in file /Volumes/TVault2/datasets/sugvu24/extracted_frames/case_017/extraction_results.csv: name 'is_image_processed' is not defined,"Traceback (most recent call last):
  File ""/var/folders/1j/2k5xpt896fdb5rnbdm6nktnr0000gn/T/ipykernel_14640/3110420929.py"", line 61, in <module>
    if is_image_processed(img_path):
       ^^^^^^^^^^^^^^^^^^
NameError: name 'is_image_processed' is not defined
",/Volumes/TVault2/datasets/sugvu24/extracted_frames/case_017/extraction_results.csv,58.0,
2025-04-05 15:55:12,ROW_PROCESSING_ERROR,Error processing row 59 in file /Volumes/TVault2/datasets/sugvu24/extracted_frames/case_017/extraction_results.csv: name 'is_image_processed' is not defined,"Traceback (most recent call last):
  File ""/var/folders/1j/2k5xpt896fdb5rnbdm6nktnr0000gn/T/ipykernel_14640/3110420929.py"", line 61, in <module>
    if is_image_processed(img_path):
       ^^^^^^^^^^^^^^^^^^
NameError: name 'is_image_processed' is not defined
",/Volumes/TVault2/datasets/sugvu24/extracted_frames/case_017/extraction_results.csv,59.0,
2025-04-05 15:55:12,ROW_PROCESSING_ERROR,Error processing row 60 in file /Volumes/TVault2/datasets/sugvu24/extracted_frames/case_017/extraction_results.csv: name 'is_image_processed' is not defined,"Traceback (most recent call last):
  File ""/var/folders/1j/2k5xpt896fdb5rnbdm6nktnr0000gn/T/ipykernel_14640/3110420929.py"", line 61, in <module>
    if is_image_processed(img_path):
       ^^^^^^^^^^^^^^^^^^
NameError: name 'is_image_processed' is not defined
",/Volumes/TVault2/datasets/sugvu24/extracted_frames/case_017/extraction_results.csv,60.0,
2025-04-05 15:55:12,ROW_PROCESSING_ERROR,Error processing row 61 in file /Volumes/TVault2/datasets/sugvu24/extracted_frames/case_017/extraction_results.csv: name 'is_image_processed' is not defined,"Traceback (most recent call last):
  File ""/var/folders/1j/2k5xpt896fdb5rnbdm6nktnr0000gn/T/ipykernel_14640/3110420929.py"", line 61, in <module>
    if is_image_processed(img_path):
       ^^^^^^^^^^^^^^^^^^
NameError: name 'is_image_processed' is not defined
",/Volumes/TVault2/datasets/sugvu24/extracted_frames/case_017/extraction_results.csv,61.0,
2025-04-05 15:55:12,ROW_PROCESSING_ERROR,Error processing row 62 in file /Volumes/TVault2/datasets/sugvu24/extracted_frames/case_017/extraction_results.csv: name 'is_image_processed' is not defined,"Traceback (most recent call last):
  File ""/var/folders/1j/2k5xpt896fdb5rnbdm6nktnr0000gn/T/ipykernel_14640/3110420929.py"", line 61, in <module>
    if is_image_processed(img_path):
       ^^^^^^^^^^^^^^^^^^
NameError: name 'is_image_processed' is not defined
",/Volumes/TVault2/datasets/sugvu24/extracted_frames/case_017/extraction_results.csv,62.0,
2025-04-05 15:55:12,ROW_PROCESSING_ERROR,Error processing row 63 in file /Volumes/TVault2/datasets/sugvu24/extracted_frames/case_017/extraction_results.csv: name 'is_image_processed' is not defined,"Traceback (most recent call last):
  File ""/var/folders/1j/2k5xpt896fdb5rnbdm6nktnr0000gn/T/ipykernel_14640/3110420929.py"", line 61, in <module>
    if is_image_processed(img_path):
       ^^^^^^^^^^^^^^^^^^
NameError: name 'is_image_processed' is not defined
",/Volumes/TVault2/datasets/sugvu24/extracted_frames/case_017/extraction_results.csv,63.0,
2025-04-05 15:55:12,ROW_PROCESSING_ERROR,"Error processing row 64 in file /Volumes/TVault2/datasets/sugvu24/extracted_frames/case_017/extraction_results.csv: join() argument must be str, bytes, or os.PathLike object, not 'float'","Traceback (most recent call last):
  File ""/var/folders/1j/2k5xpt896fdb5rnbdm6nktnr0000gn/T/ipykernel_14640/3110420929.py"", line 58, in <module>
    img_path = os.path.join(root, frame_file)
               ^^^^^^^^^^^^^^^^^^^^^^^^^^^^^^
  File ""<frozen posixpath>"", line 90, in join
  File ""<frozen genericpath>"", line 164, in _check_arg_types
TypeError: join() argument must be str, bytes, or os.PathLike object, not 'float'
",/Volumes/TVault2/datasets/sugvu24/extracted_frames/case_017/extraction_results.csv,64.0,
2025-04-05 15:55:12,ROW_PROCESSING_ERROR,"Error processing row 65 in file /Volumes/TVault2/datasets/sugvu24/extracted_frames/case_017/extraction_results.csv: join() argument must be str, bytes, or os.PathLike object, not 'float'","Traceback (most recent call last):
  File ""/var/folders/1j/2k5xpt896fdb5rnbdm6nktnr0000gn/T/ipykernel_14640/3110420929.py"", line 58, in <module>
    img_path = os.path.join(root, frame_file)
               ^^^^^^^^^^^^^^^^^^^^^^^^^^^^^^
  File ""<frozen posixpath>"", line 90, in join
  File ""<frozen genericpath>"", line 164, in _check_arg_types
TypeError: join() argument must be str, bytes, or os.PathLike object, not 'float'
",/Volumes/TVault2/datasets/sugvu24/extracted_frames/case_017/extraction_results.csv,65.0,
2025-04-05 15:55:12,ROW_PROCESSING_ERROR,"Error processing row 66 in file /Volumes/TVault2/datasets/sugvu24/extracted_frames/case_017/extraction_results.csv: join() argument must be str, bytes, or os.PathLike object, not 'float'","Traceback (most recent call last):
  File ""/var/folders/1j/2k5xpt896fdb5rnbdm6nktnr0000gn/T/ipykernel_14640/3110420929.py"", line 58, in <module>
    img_path = os.path.join(root, frame_file)
               ^^^^^^^^^^^^^^^^^^^^^^^^^^^^^^
  File ""<frozen posixpath>"", line 90, in join
  File ""<frozen genericpath>"", line 164, in _check_arg_types
TypeError: join() argument must be str, bytes, or os.PathLike object, not 'float'
",/Volumes/TVault2/datasets/sugvu24/extracted_frames/case_017/extraction_results.csv,66.0,
2025-04-05 15:55:12,ROW_PROCESSING_ERROR,"Error processing row 67 in file /Volumes/TVault2/datasets/sugvu24/extracted_frames/case_017/extraction_results.csv: join() argument must be str, bytes, or os.PathLike object, not 'float'","Traceback (most recent call last):
  File ""/var/folders/1j/2k5xpt896fdb5rnbdm6nktnr0000gn/T/ipykernel_14640/3110420929.py"", line 58, in <module>
    img_path = os.path.join(root, frame_file)
               ^^^^^^^^^^^^^^^^^^^^^^^^^^^^^^
  File ""<frozen posixpath>"", line 90, in join
  File ""<frozen genericpath>"", line 164, in _check_arg_types
TypeError: join() argument must be str, bytes, or os.PathLike object, not 'float'
",/Volumes/TVault2/datasets/sugvu24/extracted_frames/case_017/extraction_results.csv,67.0,
2025-04-05 15:55:12,ROW_PROCESSING_ERROR,"Error processing row 68 in file /Volumes/TVault2/datasets/sugvu24/extracted_frames/case_017/extraction_results.csv: join() argument must be str, bytes, or os.PathLike object, not 'float'","Traceback (most recent call last):
  File ""/var/folders/1j/2k5xpt896fdb5rnbdm6nktnr0000gn/T/ipykernel_14640/3110420929.py"", line 58, in <module>
    img_path = os.path.join(root, frame_file)
               ^^^^^^^^^^^^^^^^^^^^^^^^^^^^^^
  File ""<frozen posixpath>"", line 90, in join
  File ""<frozen genericpath>"", line 164, in _check_arg_types
TypeError: join() argument must be str, bytes, or os.PathLike object, not 'float'
",/Volumes/TVault2/datasets/sugvu24/extracted_frames/case_017/extraction_results.csv,68.0,
2025-04-05 15:55:12,ROW_PROCESSING_ERROR,"Error processing row 69 in file /Volumes/TVault2/datasets/sugvu24/extracted_frames/case_017/extraction_results.csv: join() argument must be str, bytes, or os.PathLike object, not 'float'","Traceback (most recent call last):
  File ""/var/folders/1j/2k5xpt896fdb5rnbdm6nktnr0000gn/T/ipykernel_14640/3110420929.py"", line 58, in <module>
    img_path = os.path.join(root, frame_file)
               ^^^^^^^^^^^^^^^^^^^^^^^^^^^^^^
  File ""<frozen posixpath>"", line 90, in join
  File ""<frozen genericpath>"", line 164, in _check_arg_types
TypeError: join() argument must be str, bytes, or os.PathLike object, not 'float'
",/Volumes/TVault2/datasets/sugvu24/extracted_frames/case_017/extraction_results.csv,69.0,
2025-04-05 15:55:12,ROW_PROCESSING_ERROR,Error processing row 70 in file /Volumes/TVault2/datasets/sugvu24/extracted_frames/case_017/extraction_results.csv: name 'is_image_processed' is not defined,"Traceback (most recent call last):
  File ""/var/folders/1j/2k5xpt896fdb5rnbdm6nktnr0000gn/T/ipykernel_14640/3110420929.py"", line 61, in <module>
    if is_image_processed(img_path):
       ^^^^^^^^^^^^^^^^^^
NameError: name 'is_image_processed' is not defined
",/Volumes/TVault2/datasets/sugvu24/extracted_frames/case_017/extraction_results.csv,70.0,
2025-04-05 15:55:12,ROW_PROCESSING_ERROR,Error processing row 71 in file /Volumes/TVault2/datasets/sugvu24/extracted_frames/case_017/extraction_results.csv: name 'is_image_processed' is not defined,"Traceback (most recent call last):
  File ""/var/folders/1j/2k5xpt896fdb5rnbdm6nktnr0000gn/T/ipykernel_14640/3110420929.py"", line 61, in <module>
    if is_image_processed(img_path):
       ^^^^^^^^^^^^^^^^^^
NameError: name 'is_image_processed' is not defined
",/Volumes/TVault2/datasets/sugvu24/extracted_frames/case_017/extraction_results.csv,71.0,
2025-04-05 15:55:12,ROW_PROCESSING_ERROR,Error processing row 72 in file /Volumes/TVault2/datasets/sugvu24/extracted_frames/case_017/extraction_results.csv: name 'is_image_processed' is not defined,"Traceback (most recent call last):
  File ""/var/folders/1j/2k5xpt896fdb5rnbdm6nktnr0000gn/T/ipykernel_14640/3110420929.py"", line 61, in <module>
    if is_image_processed(img_path):
       ^^^^^^^^^^^^^^^^^^
NameError: name 'is_image_processed' is not defined
",/Volumes/TVault2/datasets/sugvu24/extracted_frames/case_017/extraction_results.csv,72.0,
2025-04-05 15:55:12,ROW_PROCESSING_ERROR,Error processing row 73 in file /Volumes/TVault2/datasets/sugvu24/extracted_frames/case_017/extraction_results.csv: name 'is_image_processed' is not defined,"Traceback (most recent call last):
  File ""/var/folders/1j/2k5xpt896fdb5rnbdm6nktnr0000gn/T/ipykernel_14640/3110420929.py"", line 61, in <module>
    if is_image_processed(img_path):
       ^^^^^^^^^^^^^^^^^^
NameError: name 'is_image_processed' is not defined
",/Volumes/TVault2/datasets/sugvu24/extracted_frames/case_017/extraction_results.csv,73.0,
2025-04-05 15:55:12,ROW_PROCESSING_ERROR,Error processing row 74 in file /Volumes/TVault2/datasets/sugvu24/extracted_frames/case_017/extraction_results.csv: name 'is_image_processed' is not defined,"Traceback (most recent call last):
  File ""/var/folders/1j/2k5xpt896fdb5rnbdm6nktnr0000gn/T/ipykernel_14640/3110420929.py"", line 61, in <module>
    if is_image_processed(img_path):
       ^^^^^^^^^^^^^^^^^^
NameError: name 'is_image_processed' is not defined
",/Volumes/TVault2/datasets/sugvu24/extracted_frames/case_017/extraction_results.csv,74.0,
2025-04-05 15:55:12,ROW_PROCESSING_ERROR,Error processing row 75 in file /Volumes/TVault2/datasets/sugvu24/extracted_frames/case_017/extraction_results.csv: name 'is_image_processed' is not defined,"Traceback (most recent call last):
  File ""/var/folders/1j/2k5xpt896fdb5rnbdm6nktnr0000gn/T/ipykernel_14640/3110420929.py"", line 61, in <module>
    if is_image_processed(img_path):
       ^^^^^^^^^^^^^^^^^^
NameError: name 'is_image_processed' is not defined
",/Volumes/TVault2/datasets/sugvu24/extracted_frames/case_017/extraction_results.csv,75.0,
2025-04-05 15:55:12,ROW_PROCESSING_ERROR,Error processing row 76 in file /Volumes/TVault2/datasets/sugvu24/extracted_frames/case_017/extraction_results.csv: name 'is_image_processed' is not defined,"Traceback (most recent call last):
  File ""/var/folders/1j/2k5xpt896fdb5rnbdm6nktnr0000gn/T/ipykernel_14640/3110420929.py"", line 61, in <module>
    if is_image_processed(img_path):
       ^^^^^^^^^^^^^^^^^^
NameError: name 'is_image_processed' is not defined
",/Volumes/TVault2/datasets/sugvu24/extracted_frames/case_017/extraction_results.csv,76.0,
2025-04-05 15:55:12,ROW_PROCESSING_ERROR,Error processing row 77 in file /Volumes/TVault2/datasets/sugvu24/extracted_frames/case_017/extraction_results.csv: name 'is_image_processed' is not defined,"Traceback (most recent call last):
  File ""/var/folders/1j/2k5xpt896fdb5rnbdm6nktnr0000gn/T/ipykernel_14640/3110420929.py"", line 61, in <module>
    if is_image_processed(img_path):
       ^^^^^^^^^^^^^^^^^^
NameError: name 'is_image_processed' is not defined
",/Volumes/TVault2/datasets/sugvu24/extracted_frames/case_017/extraction_results.csv,77.0,
2025-04-05 15:55:12,ROW_PROCESSING_ERROR,Error processing row 78 in file /Volumes/TVault2/datasets/sugvu24/extracted_frames/case_017/extraction_results.csv: name 'is_image_processed' is not defined,"Traceback (most recent call last):
  File ""/var/folders/1j/2k5xpt896fdb5rnbdm6nktnr0000gn/T/ipykernel_14640/3110420929.py"", line 61, in <module>
    if is_image_processed(img_path):
       ^^^^^^^^^^^^^^^^^^
NameError: name 'is_image_processed' is not defined
",/Volumes/TVault2/datasets/sugvu24/extracted_frames/case_017/extraction_results.csv,78.0,
2025-04-05 15:55:12,ROW_PROCESSING_ERROR,Error processing row 79 in file /Volumes/TVault2/datasets/sugvu24/extracted_frames/case_017/extraction_results.csv: name 'is_image_processed' is not defined,"Traceback (most recent call last):
  File ""/var/folders/1j/2k5xpt896fdb5rnbdm6nktnr0000gn/T/ipykernel_14640/3110420929.py"", line 61, in <module>
    if is_image_processed(img_path):
       ^^^^^^^^^^^^^^^^^^
NameError: name 'is_image_processed' is not defined
",/Volumes/TVault2/datasets/sugvu24/extracted_frames/case_017/extraction_results.csv,79.0,
2025-04-05 15:55:12,ROW_PROCESSING_ERROR,Error processing row 80 in file /Volumes/TVault2/datasets/sugvu24/extracted_frames/case_017/extraction_results.csv: name 'is_image_processed' is not defined,"Traceback (most recent call last):
  File ""/var/folders/1j/2k5xpt896fdb5rnbdm6nktnr0000gn/T/ipykernel_14640/3110420929.py"", line 61, in <module>
    if is_image_processed(img_path):
       ^^^^^^^^^^^^^^^^^^
NameError: name 'is_image_processed' is not defined
",/Volumes/TVault2/datasets/sugvu24/extracted_frames/case_017/extraction_results.csv,80.0,
2025-04-05 15:55:12,ROW_PROCESSING_ERROR,"Error processing row 81 in file /Volumes/TVault2/datasets/sugvu24/extracted_frames/case_017/extraction_results.csv: join() argument must be str, bytes, or os.PathLike object, not 'float'","Traceback (most recent call last):
  File ""/var/folders/1j/2k5xpt896fdb5rnbdm6nktnr0000gn/T/ipykernel_14640/3110420929.py"", line 58, in <module>
    img_path = os.path.join(root, frame_file)
               ^^^^^^^^^^^^^^^^^^^^^^^^^^^^^^
  File ""<frozen posixpath>"", line 90, in join
  File ""<frozen genericpath>"", line 164, in _check_arg_types
TypeError: join() argument must be str, bytes, or os.PathLike object, not 'float'
",/Volumes/TVault2/datasets/sugvu24/extracted_frames/case_017/extraction_results.csv,81.0,
2025-04-05 15:55:12,ROW_PROCESSING_ERROR,Error processing row 82 in file /Volumes/TVault2/datasets/sugvu24/extracted_frames/case_017/extraction_results.csv: name 'is_image_processed' is not defined,"Traceback (most recent call last):
  File ""/var/folders/1j/2k5xpt896fdb5rnbdm6nktnr0000gn/T/ipykernel_14640/3110420929.py"", line 61, in <module>
    if is_image_processed(img_path):
       ^^^^^^^^^^^^^^^^^^
NameError: name 'is_image_processed' is not defined
",/Volumes/TVault2/datasets/sugvu24/extracted_frames/case_017/extraction_results.csv,82.0,
2025-04-05 15:55:12,ROW_PROCESSING_ERROR,Error processing row 83 in file /Volumes/TVault2/datasets/sugvu24/extracted_frames/case_017/extraction_results.csv: name 'is_image_processed' is not defined,"Traceback (most recent call last):
  File ""/var/folders/1j/2k5xpt896fdb5rnbdm6nktnr0000gn/T/ipykernel_14640/3110420929.py"", line 61, in <module>
    if is_image_processed(img_path):
       ^^^^^^^^^^^^^^^^^^
NameError: name 'is_image_processed' is not defined
",/Volumes/TVault2/datasets/sugvu24/extracted_frames/case_017/extraction_results.csv,83.0,
2025-04-05 15:55:12,ROW_PROCESSING_ERROR,Error processing row 84 in file /Volumes/TVault2/datasets/sugvu24/extracted_frames/case_017/extraction_results.csv: name 'is_image_processed' is not defined,"Traceback (most recent call last):
  File ""/var/folders/1j/2k5xpt896fdb5rnbdm6nktnr0000gn/T/ipykernel_14640/3110420929.py"", line 61, in <module>
    if is_image_processed(img_path):
       ^^^^^^^^^^^^^^^^^^
NameError: name 'is_image_processed' is not defined
",/Volumes/TVault2/datasets/sugvu24/extracted_frames/case_017/extraction_results.csv,84.0,
2025-04-05 15:55:12,ROW_PROCESSING_ERROR,Error processing row 85 in file /Volumes/TVault2/datasets/sugvu24/extracted_frames/case_017/extraction_results.csv: name 'is_image_processed' is not defined,"Traceback (most recent call last):
  File ""/var/folders/1j/2k5xpt896fdb5rnbdm6nktnr0000gn/T/ipykernel_14640/3110420929.py"", line 61, in <module>
    if is_image_processed(img_path):
       ^^^^^^^^^^^^^^^^^^
NameError: name 'is_image_processed' is not defined
",/Volumes/TVault2/datasets/sugvu24/extracted_frames/case_017/extraction_results.csv,85.0,
2025-04-05 15:55:12,ROW_PROCESSING_ERROR,Error processing row 86 in file /Volumes/TVault2/datasets/sugvu24/extracted_frames/case_017/extraction_results.csv: name 'is_image_processed' is not defined,"Traceback (most recent call last):
  File ""/var/folders/1j/2k5xpt896fdb5rnbdm6nktnr0000gn/T/ipykernel_14640/3110420929.py"", line 61, in <module>
    if is_image_processed(img_path):
       ^^^^^^^^^^^^^^^^^^
NameError: name 'is_image_processed' is not defined
",/Volumes/TVault2/datasets/sugvu24/extracted_frames/case_017/extraction_results.csv,86.0,
2025-04-05 15:55:12,ROW_PROCESSING_ERROR,Error processing row 87 in file /Volumes/TVault2/datasets/sugvu24/extracted_frames/case_017/extraction_results.csv: name 'is_image_processed' is not defined,"Traceback (most recent call last):
  File ""/var/folders/1j/2k5xpt896fdb5rnbdm6nktnr0000gn/T/ipykernel_14640/3110420929.py"", line 61, in <module>
    if is_image_processed(img_path):
       ^^^^^^^^^^^^^^^^^^
NameError: name 'is_image_processed' is not defined
",/Volumes/TVault2/datasets/sugvu24/extracted_frames/case_017/extraction_results.csv,87.0,
2025-04-05 15:55:12,ROW_PROCESSING_ERROR,Error processing row 88 in file /Volumes/TVault2/datasets/sugvu24/extracted_frames/case_017/extraction_results.csv: name 'is_image_processed' is not defined,"Traceback (most recent call last):
  File ""/var/folders/1j/2k5xpt896fdb5rnbdm6nktnr0000gn/T/ipykernel_14640/3110420929.py"", line 61, in <module>
    if is_image_processed(img_path):
       ^^^^^^^^^^^^^^^^^^
NameError: name 'is_image_processed' is not defined
",/Volumes/TVault2/datasets/sugvu24/extracted_frames/case_017/extraction_results.csv,88.0,
2025-04-05 15:55:12,ROW_PROCESSING_ERROR,Error processing row 89 in file /Volumes/TVault2/datasets/sugvu24/extracted_frames/case_017/extraction_results.csv: name 'is_image_processed' is not defined,"Traceback (most recent call last):
  File ""/var/folders/1j/2k5xpt896fdb5rnbdm6nktnr0000gn/T/ipykernel_14640/3110420929.py"", line 61, in <module>
    if is_image_processed(img_path):
       ^^^^^^^^^^^^^^^^^^
NameError: name 'is_image_processed' is not defined
",/Volumes/TVault2/datasets/sugvu24/extracted_frames/case_017/extraction_results.csv,89.0,
2025-04-05 15:55:12,ROW_PROCESSING_ERROR,Error processing row 90 in file /Volumes/TVault2/datasets/sugvu24/extracted_frames/case_017/extraction_results.csv: name 'is_image_processed' is not defined,"Traceback (most recent call last):
  File ""/var/folders/1j/2k5xpt896fdb5rnbdm6nktnr0000gn/T/ipykernel_14640/3110420929.py"", line 61, in <module>
    if is_image_processed(img_path):
       ^^^^^^^^^^^^^^^^^^
NameError: name 'is_image_processed' is not defined
",/Volumes/TVault2/datasets/sugvu24/extracted_frames/case_017/extraction_results.csv,90.0,
2025-04-05 15:55:12,ROW_PROCESSING_ERROR,Error processing row 91 in file /Volumes/TVault2/datasets/sugvu24/extracted_frames/case_017/extraction_results.csv: name 'is_image_processed' is not defined,"Traceback (most recent call last):
  File ""/var/folders/1j/2k5xpt896fdb5rnbdm6nktnr0000gn/T/ipykernel_14640/3110420929.py"", line 61, in <module>
    if is_image_processed(img_path):
       ^^^^^^^^^^^^^^^^^^
NameError: name 'is_image_processed' is not defined
",/Volumes/TVault2/datasets/sugvu24/extracted_frames/case_017/extraction_results.csv,91.0,
2025-04-05 15:55:12,ROW_PROCESSING_ERROR,Error processing row 92 in file /Volumes/TVault2/datasets/sugvu24/extracted_frames/case_017/extraction_results.csv: name 'is_image_processed' is not defined,"Traceback (most recent call last):
  File ""/var/folders/1j/2k5xpt896fdb5rnbdm6nktnr0000gn/T/ipykernel_14640/3110420929.py"", line 61, in <module>
    if is_image_processed(img_path):
       ^^^^^^^^^^^^^^^^^^
NameError: name 'is_image_processed' is not defined
",/Volumes/TVault2/datasets/sugvu24/extracted_frames/case_017/extraction_results.csv,92.0,
2025-04-05 15:55:12,ROW_PROCESSING_ERROR,Error processing row 93 in file /Volumes/TVault2/datasets/sugvu24/extracted_frames/case_017/extraction_results.csv: name 'is_image_processed' is not defined,"Traceback (most recent call last):
  File ""/var/folders/1j/2k5xpt896fdb5rnbdm6nktnr0000gn/T/ipykernel_14640/3110420929.py"", line 61, in <module>
    if is_image_processed(img_path):
       ^^^^^^^^^^^^^^^^^^
NameError: name 'is_image_processed' is not defined
",/Volumes/TVault2/datasets/sugvu24/extracted_frames/case_017/extraction_results.csv,93.0,
2025-04-05 15:55:12,ROW_PROCESSING_ERROR,Error processing row 94 in file /Volumes/TVault2/datasets/sugvu24/extracted_frames/case_017/extraction_results.csv: name 'is_image_processed' is not defined,"Traceback (most recent call last):
  File ""/var/folders/1j/2k5xpt896fdb5rnbdm6nktnr0000gn/T/ipykernel_14640/3110420929.py"", line 61, in <module>
    if is_image_processed(img_path):
       ^^^^^^^^^^^^^^^^^^
NameError: name 'is_image_processed' is not defined
",/Volumes/TVault2/datasets/sugvu24/extracted_frames/case_017/extraction_results.csv,94.0,
2025-04-05 15:55:12,ROW_PROCESSING_ERROR,Error processing row 95 in file /Volumes/TVault2/datasets/sugvu24/extracted_frames/case_017/extraction_results.csv: name 'is_image_processed' is not defined,"Traceback (most recent call last):
  File ""/var/folders/1j/2k5xpt896fdb5rnbdm6nktnr0000gn/T/ipykernel_14640/3110420929.py"", line 61, in <module>
    if is_image_processed(img_path):
       ^^^^^^^^^^^^^^^^^^
NameError: name 'is_image_processed' is not defined
",/Volumes/TVault2/datasets/sugvu24/extracted_frames/case_017/extraction_results.csv,95.0,
2025-04-05 15:55:12,ROW_PROCESSING_ERROR,Error processing row 96 in file /Volumes/TVault2/datasets/sugvu24/extracted_frames/case_017/extraction_results.csv: name 'is_image_processed' is not defined,"Traceback (most recent call last):
  File ""/var/folders/1j/2k5xpt896fdb5rnbdm6nktnr0000gn/T/ipykernel_14640/3110420929.py"", line 61, in <module>
    if is_image_processed(img_path):
       ^^^^^^^^^^^^^^^^^^
NameError: name 'is_image_processed' is not defined
",/Volumes/TVault2/datasets/sugvu24/extracted_frames/case_017/extraction_results.csv,96.0,
2025-04-05 15:55:12,ROW_PROCESSING_ERROR,Error processing row 0 in file /Volumes/TVault2/datasets/sugvu24/extracted_frames/case_018/extraction_results.csv: name 'is_image_processed' is not defined,"Traceback (most recent call last):
  File ""/var/folders/1j/2k5xpt896fdb5rnbdm6nktnr0000gn/T/ipykernel_14640/3110420929.py"", line 61, in <module>
    if is_image_processed(img_path):
       ^^^^^^^^^^^^^^^^^^
NameError: name 'is_image_processed' is not defined
",/Volumes/TVault2/datasets/sugvu24/extracted_frames/case_018/extraction_results.csv,0.0,
2025-04-05 15:55:41,DB_QUERY_ERROR,Error checking if image is processed: name 'engine' is not defined,"Traceback (most recent call last):
  File ""/var/folders/1j/2k5xpt896fdb5rnbdm6nktnr0000gn/T/ipykernel_14640/3385417593.py"", line 3, in check_duplicate
    with engine.connect() as conn:
         ^^^^^^
NameError: name 'engine' is not defined
",/Volumes/TVault2/datasets/sugvu24/extracted_frames/case_001/row0_monopolar_curved_scissors.png,,
2025-04-05 15:55:41,GPT_PROCESSING_ERROR,GPT processing error for /Volumes/TVault2/datasets/sugvu24/extracted_frames/case_001/row0_monopolar_curved_scissors.png: name 'generate_gpt_response' is not defined,"Traceback (most recent call last):
  File ""/var/folders/1j/2k5xpt896fdb5rnbdm6nktnr0000gn/T/ipykernel_14640/3315841500.py"", line 89, in <module>
    gpt_response = generate_gpt_response(""Identify the tool name"", img_path)
                   ^^^^^^^^^^^^^^^^^^^^^
NameError: name 'generate_gpt_response' is not defined
",/Volumes/TVault2/datasets/sugvu24/extracted_frames/case_001/row0_monopolar_curved_scissors.png,,
2025-04-05 15:55:41,DB_INSERT_ERROR,Error inserting record: name 'engine' is not defined,"Traceback (most recent call last):
  File ""/var/folders/1j/2k5xpt896fdb5rnbdm6nktnr0000gn/T/ipykernel_14640/3315841500.py"", line 89, in <module>
    gpt_response = generate_gpt_response(""Identify the tool name"", img_path)
                   ^^^^^^^^^^^^^^^^^^^^^
NameError: name 'generate_gpt_response' is not defined

During handling of the above exception, another exception occurred:

Traceback (most recent call last):
  File ""/var/folders/1j/2k5xpt896fdb5rnbdm6nktnr0000gn/T/ipykernel_14640/2760519357.py"", line 3, in insert_record
    with engine.connect() as conn:
         ^^^^^^
NameError: name 'engine' is not defined
",/Volumes/TVault2/datasets/sugvu24/extracted_frames/case_001/row0_monopolar_curved_scissors.png,,
2025-04-05 15:55:46,DB_QUERY_ERROR,Error checking if image is processed: name 'engine' is not defined,"Traceback (most recent call last):
  File ""/var/folders/1j/2k5xpt896fdb5rnbdm6nktnr0000gn/T/ipykernel_14640/3385417593.py"", line 3, in check_duplicate
    with engine.connect() as conn:
         ^^^^^^
NameError: name 'engine' is not defined
",/Volumes/TVault2/datasets/sugvu24/extracted_frames/case_001/row1_bipolar_forceps.png,,
2025-04-05 15:55:47,GPT_PROCESSING_ERROR,GPT processing error for /Volumes/TVault2/datasets/sugvu24/extracted_frames/case_001/row1_bipolar_forceps.png: name 'generate_gpt_response' is not defined,"Traceback (most recent call last):
  File ""/var/folders/1j/2k5xpt896fdb5rnbdm6nktnr0000gn/T/ipykernel_14640/3315841500.py"", line 89, in <module>
    gpt_response = generate_gpt_response(""Identify the tool name"", img_path)
                   ^^^^^^^^^^^^^^^^^^^^^
NameError: name 'generate_gpt_response' is not defined
",/Volumes/TVault2/datasets/sugvu24/extracted_frames/case_001/row1_bipolar_forceps.png,,
2025-04-05 15:55:47,DB_INSERT_ERROR,Error inserting record: name 'engine' is not defined,"Traceback (most recent call last):
  File ""/var/folders/1j/2k5xpt896fdb5rnbdm6nktnr0000gn/T/ipykernel_14640/3315841500.py"", line 89, in <module>
    gpt_response = generate_gpt_response(""Identify the tool name"", img_path)
                   ^^^^^^^^^^^^^^^^^^^^^
NameError: name 'generate_gpt_response' is not defined

During handling of the above exception, another exception occurred:

Traceback (most recent call last):
  File ""/var/folders/1j/2k5xpt896fdb5rnbdm6nktnr0000gn/T/ipykernel_14640/2760519357.py"", line 3, in insert_record
    with engine.connect() as conn:
         ^^^^^^
NameError: name 'engine' is not defined
",/Volumes/TVault2/datasets/sugvu24/extracted_frames/case_001/row1_bipolar_forceps.png,,
2025-04-05 15:55:52,DB_QUERY_ERROR,Error checking if image is processed: name 'engine' is not defined,"Traceback (most recent call last):
  File ""/var/folders/1j/2k5xpt896fdb5rnbdm6nktnr0000gn/T/ipykernel_14640/3385417593.py"", line 3, in check_duplicate
    with engine.connect() as conn:
         ^^^^^^
NameError: name 'engine' is not defined
",/Volumes/TVault2/datasets/sugvu24/extracted_frames/case_001/row2_bipolar_forceps.png,,
2025-04-05 15:55:52,GPT_PROCESSING_ERROR,GPT processing error for /Volumes/TVault2/datasets/sugvu24/extracted_frames/case_001/row2_bipolar_forceps.png: name 'generate_gpt_response' is not defined,"Traceback (most recent call last):
  File ""/var/folders/1j/2k5xpt896fdb5rnbdm6nktnr0000gn/T/ipykernel_14640/3315841500.py"", line 89, in <module>
    gpt_response = generate_gpt_response(""Identify the tool name"", img_path)
                   ^^^^^^^^^^^^^^^^^^^^^
NameError: name 'generate_gpt_response' is not defined
",/Volumes/TVault2/datasets/sugvu24/extracted_frames/case_001/row2_bipolar_forceps.png,,
2025-04-05 15:55:52,DB_INSERT_ERROR,Error inserting record: name 'engine' is not defined,"Traceback (most recent call last):
  File ""/var/folders/1j/2k5xpt896fdb5rnbdm6nktnr0000gn/T/ipykernel_14640/3315841500.py"", line 89, in <module>
    gpt_response = generate_gpt_response(""Identify the tool name"", img_path)
                   ^^^^^^^^^^^^^^^^^^^^^
NameError: name 'generate_gpt_response' is not defined

During handling of the above exception, another exception occurred:

Traceback (most recent call last):
  File ""/var/folders/1j/2k5xpt896fdb5rnbdm6nktnr0000gn/T/ipykernel_14640/2760519357.py"", line 3, in insert_record
    with engine.connect() as conn:
         ^^^^^^
NameError: name 'engine' is not defined
",/Volumes/TVault2/datasets/sugvu24/extracted_frames/case_001/row2_bipolar_forceps.png,,
2025-04-05 15:55:57,DB_QUERY_ERROR,Error checking if image is processed: name 'engine' is not defined,"Traceback (most recent call last):
  File ""/var/folders/1j/2k5xpt896fdb5rnbdm6nktnr0000gn/T/ipykernel_14640/3385417593.py"", line 3, in check_duplicate
    with engine.connect() as conn:
         ^^^^^^
NameError: name 'engine' is not defined
",/Volumes/TVault2/datasets/sugvu24/extracted_frames/case_001/row3_grasping_retractor.png,,
2025-04-05 15:55:57,GPT_PROCESSING_ERROR,GPT processing error for /Volumes/TVault2/datasets/sugvu24/extracted_frames/case_001/row3_grasping_retractor.png: name 'generate_gpt_response' is not defined,"Traceback (most recent call last):
  File ""/var/folders/1j/2k5xpt896fdb5rnbdm6nktnr0000gn/T/ipykernel_14640/3315841500.py"", line 89, in <module>
    gpt_response = generate_gpt_response(""Identify the tool name"", img_path)
                   ^^^^^^^^^^^^^^^^^^^^^
NameError: name 'generate_gpt_response' is not defined
",/Volumes/TVault2/datasets/sugvu24/extracted_frames/case_001/row3_grasping_retractor.png,,
2025-04-05 15:55:57,DB_INSERT_ERROR,Error inserting record: name 'engine' is not defined,"Traceback (most recent call last):
  File ""/var/folders/1j/2k5xpt896fdb5rnbdm6nktnr0000gn/T/ipykernel_14640/3315841500.py"", line 89, in <module>
    gpt_response = generate_gpt_response(""Identify the tool name"", img_path)
                   ^^^^^^^^^^^^^^^^^^^^^
NameError: name 'generate_gpt_response' is not defined

During handling of the above exception, another exception occurred:

Traceback (most recent call last):
  File ""/var/folders/1j/2k5xpt896fdb5rnbdm6nktnr0000gn/T/ipykernel_14640/2760519357.py"", line 3, in insert_record
    with engine.connect() as conn:
         ^^^^^^
NameError: name 'engine' is not defined
",/Volumes/TVault2/datasets/sugvu24/extracted_frames/case_001/row3_grasping_retractor.png,,
2025-04-05 15:56:02,DB_QUERY_ERROR,Error checking if image is processed: name 'engine' is not defined,"Traceback (most recent call last):
  File ""/var/folders/1j/2k5xpt896fdb5rnbdm6nktnr0000gn/T/ipykernel_14640/3385417593.py"", line 3, in check_duplicate
    with engine.connect() as conn:
         ^^^^^^
NameError: name 'engine' is not defined
",/Volumes/TVault2/datasets/sugvu24/extracted_frames/case_001/row4_grasping_retractor.png,,
2025-04-05 15:56:02,GPT_PROCESSING_ERROR,GPT processing error for /Volumes/TVault2/datasets/sugvu24/extracted_frames/case_001/row4_grasping_retractor.png: name 'generate_gpt_response' is not defined,"Traceback (most recent call last):
  File ""/var/folders/1j/2k5xpt896fdb5rnbdm6nktnr0000gn/T/ipykernel_14640/3315841500.py"", line 89, in <module>
    gpt_response = generate_gpt_response(""Identify the tool name"", img_path)
                   ^^^^^^^^^^^^^^^^^^^^^
NameError: name 'generate_gpt_response' is not defined
",/Volumes/TVault2/datasets/sugvu24/extracted_frames/case_001/row4_grasping_retractor.png,,
2025-04-05 15:56:02,DB_INSERT_ERROR,Error inserting record: name 'engine' is not defined,"Traceback (most recent call last):
  File ""/var/folders/1j/2k5xpt896fdb5rnbdm6nktnr0000gn/T/ipykernel_14640/3315841500.py"", line 89, in <module>
    gpt_response = generate_gpt_response(""Identify the tool name"", img_path)
                   ^^^^^^^^^^^^^^^^^^^^^
NameError: name 'generate_gpt_response' is not defined

During handling of the above exception, another exception occurred:

Traceback (most recent call last):
  File ""/var/folders/1j/2k5xpt896fdb5rnbdm6nktnr0000gn/T/ipykernel_14640/2760519357.py"", line 3, in insert_record
    with engine.connect() as conn:
         ^^^^^^
NameError: name 'engine' is not defined
",/Volumes/TVault2/datasets/sugvu24/extracted_frames/case_001/row4_grasping_retractor.png,,
2025-04-05 15:56:07,DB_QUERY_ERROR,Error checking if image is processed: name 'engine' is not defined,"Traceback (most recent call last):
  File ""/var/folders/1j/2k5xpt896fdb5rnbdm6nktnr0000gn/T/ipykernel_14640/3385417593.py"", line 3, in check_duplicate
    with engine.connect() as conn:
         ^^^^^^
NameError: name 'engine' is not defined
",/Volumes/TVault2/datasets/sugvu24/extracted_frames/case_001/row5_needle_driver.png,,
2025-04-05 15:56:08,GPT_PROCESSING_ERROR,GPT processing error for /Volumes/TVault2/datasets/sugvu24/extracted_frames/case_001/row5_needle_driver.png: name 'generate_gpt_response' is not defined,"Traceback (most recent call last):
  File ""/var/folders/1j/2k5xpt896fdb5rnbdm6nktnr0000gn/T/ipykernel_14640/3315841500.py"", line 89, in <module>
    gpt_response = generate_gpt_response(""Identify the tool name"", img_path)
                   ^^^^^^^^^^^^^^^^^^^^^
NameError: name 'generate_gpt_response' is not defined
",/Volumes/TVault2/datasets/sugvu24/extracted_frames/case_001/row5_needle_driver.png,,
2025-04-05 15:56:08,DB_INSERT_ERROR,Error inserting record: name 'engine' is not defined,"Traceback (most recent call last):
  File ""/var/folders/1j/2k5xpt896fdb5rnbdm6nktnr0000gn/T/ipykernel_14640/3315841500.py"", line 89, in <module>
    gpt_response = generate_gpt_response(""Identify the tool name"", img_path)
                   ^^^^^^^^^^^^^^^^^^^^^
NameError: name 'generate_gpt_response' is not defined

During handling of the above exception, another exception occurred:

Traceback (most recent call last):
  File ""/var/folders/1j/2k5xpt896fdb5rnbdm6nktnr0000gn/T/ipykernel_14640/2760519357.py"", line 3, in insert_record
    with engine.connect() as conn:
         ^^^^^^
NameError: name 'engine' is not defined
",/Volumes/TVault2/datasets/sugvu24/extracted_frames/case_001/row5_needle_driver.png,,
2025-04-05 15:56:30,DB_QUERY_ERROR,Error checking if image is processed: name 'engine' is not defined,"Traceback (most recent call last):
  File ""/var/folders/1j/2k5xpt896fdb5rnbdm6nktnr0000gn/T/ipykernel_14640/3385417593.py"", line 3, in check_duplicate
    with engine.connect() as conn:
         ^^^^^^
NameError: name 'engine' is not defined
",/Volumes/TVault2/datasets/sugvu24/extracted_frames/case_001/row0_monopolar_curved_scissors.png,,
2025-04-05 15:56:30,GPT_PROCESSING_ERROR,GPT processing error for /Volumes/TVault2/datasets/sugvu24/extracted_frames/case_001/row0_monopolar_curved_scissors.png: name 'base64' is not defined,"Traceback (most recent call last):
  File ""/var/folders/1j/2k5xpt896fdb5rnbdm6nktnr0000gn/T/ipykernel_14640/3315841500.py"", line 89, in <module>
    gpt_response = generate_gpt_response(""Identify the tool name"", img_path)
                   ^^^^^^^^^^^^^^^^^^^^^^^^^^^^^^^^^^^^^^^^^^^^^^^^^^^^^^^^^
  File ""/var/folders/1j/2k5xpt896fdb5rnbdm6nktnr0000gn/T/ipykernel_14640/1253877937.py"", line 9, in generate_gpt_response
    base64_image = encode_image_stream(image_link)
                   ^^^^^^^^^^^^^^^^^^^^^^^^^^^^^^^
  File ""/var/folders/1j/2k5xpt896fdb5rnbdm6nktnr0000gn/T/ipykernel_14640/1253877937.py"", line 4, in encode_image_stream
    return base64.b64encode(img_file.read()).decode(""utf-8"")
           ^^^^^^
NameError: name 'base64' is not defined. Did you forget to import 'base64'
",/Volumes/TVault2/datasets/sugvu24/extracted_frames/case_001/row0_monopolar_curved_scissors.png,,
2025-04-05 15:56:30,DB_INSERT_ERROR,Error inserting record: name 'engine' is not defined,"Traceback (most recent call last):
  File ""/var/folders/1j/2k5xpt896fdb5rnbdm6nktnr0000gn/T/ipykernel_14640/3315841500.py"", line 89, in <module>
    gpt_response = generate_gpt_response(""Identify the tool name"", img_path)
                   ^^^^^^^^^^^^^^^^^^^^^^^^^^^^^^^^^^^^^^^^^^^^^^^^^^^^^^^^^
  File ""/var/folders/1j/2k5xpt896fdb5rnbdm6nktnr0000gn/T/ipykernel_14640/1253877937.py"", line 9, in generate_gpt_response
    base64_image = encode_image_stream(image_link)
                   ^^^^^^^^^^^^^^^^^^^^^^^^^^^^^^^
  File ""/var/folders/1j/2k5xpt896fdb5rnbdm6nktnr0000gn/T/ipykernel_14640/1253877937.py"", line 4, in encode_image_stream
    return base64.b64encode(img_file.read()).decode(""utf-8"")
           ^^^^^^
NameError: name 'base64' is not defined. Did you forget to import 'base64'

During handling of the above exception, another exception occurred:

Traceback (most recent call last):
  File ""/var/folders/1j/2k5xpt896fdb5rnbdm6nktnr0000gn/T/ipykernel_14640/2760519357.py"", line 3, in insert_record
    with engine.connect() as conn:
         ^^^^^^
NameError: name 'engine' is not defined
",/Volumes/TVault2/datasets/sugvu24/extracted_frames/case_001/row0_monopolar_curved_scissors.png,,
2025-04-05 15:56:35,DB_QUERY_ERROR,Error checking if image is processed: name 'engine' is not defined,"Traceback (most recent call last):
  File ""/var/folders/1j/2k5xpt896fdb5rnbdm6nktnr0000gn/T/ipykernel_14640/3385417593.py"", line 3, in check_duplicate
    with engine.connect() as conn:
         ^^^^^^
NameError: name 'engine' is not defined
",/Volumes/TVault2/datasets/sugvu24/extracted_frames/case_001/row1_bipolar_forceps.png,,
2025-04-05 15:56:36,GPT_PROCESSING_ERROR,GPT processing error for /Volumes/TVault2/datasets/sugvu24/extracted_frames/case_001/row1_bipolar_forceps.png: name 'base64' is not defined,"Traceback (most recent call last):
  File ""/var/folders/1j/2k5xpt896fdb5rnbdm6nktnr0000gn/T/ipykernel_14640/3315841500.py"", line 89, in <module>
    gpt_response = generate_gpt_response(""Identify the tool name"", img_path)
                   ^^^^^^^^^^^^^^^^^^^^^^^^^^^^^^^^^^^^^^^^^^^^^^^^^^^^^^^^^
  File ""/var/folders/1j/2k5xpt896fdb5rnbdm6nktnr0000gn/T/ipykernel_14640/1253877937.py"", line 9, in generate_gpt_response
    base64_image = encode_image_stream(image_link)
                   ^^^^^^^^^^^^^^^^^^^^^^^^^^^^^^^
  File ""/var/folders/1j/2k5xpt896fdb5rnbdm6nktnr0000gn/T/ipykernel_14640/1253877937.py"", line 4, in encode_image_stream
    return base64.b64encode(img_file.read()).decode(""utf-8"")
           ^^^^^^
NameError: name 'base64' is not defined. Did you forget to import 'base64'
",/Volumes/TVault2/datasets/sugvu24/extracted_frames/case_001/row1_bipolar_forceps.png,,
2025-04-05 15:56:36,DB_INSERT_ERROR,Error inserting record: name 'engine' is not defined,"Traceback (most recent call last):
  File ""/var/folders/1j/2k5xpt896fdb5rnbdm6nktnr0000gn/T/ipykernel_14640/3315841500.py"", line 89, in <module>
    gpt_response = generate_gpt_response(""Identify the tool name"", img_path)
                   ^^^^^^^^^^^^^^^^^^^^^^^^^^^^^^^^^^^^^^^^^^^^^^^^^^^^^^^^^
  File ""/var/folders/1j/2k5xpt896fdb5rnbdm6nktnr0000gn/T/ipykernel_14640/1253877937.py"", line 9, in generate_gpt_response
    base64_image = encode_image_stream(image_link)
                   ^^^^^^^^^^^^^^^^^^^^^^^^^^^^^^^
  File ""/var/folders/1j/2k5xpt896fdb5rnbdm6nktnr0000gn/T/ipykernel_14640/1253877937.py"", line 4, in encode_image_stream
    return base64.b64encode(img_file.read()).decode(""utf-8"")
           ^^^^^^
NameError: name 'base64' is not defined. Did you forget to import 'base64'

During handling of the above exception, another exception occurred:

Traceback (most recent call last):
  File ""/var/folders/1j/2k5xpt896fdb5rnbdm6nktnr0000gn/T/ipykernel_14640/2760519357.py"", line 3, in insert_record
    with engine.connect() as conn:
         ^^^^^^
NameError: name 'engine' is not defined
",/Volumes/TVault2/datasets/sugvu24/extracted_frames/case_001/row1_bipolar_forceps.png,,
2025-04-05 15:56:41,DB_QUERY_ERROR,Error checking if image is processed: name 'engine' is not defined,"Traceback (most recent call last):
  File ""/var/folders/1j/2k5xpt896fdb5rnbdm6nktnr0000gn/T/ipykernel_14640/3385417593.py"", line 3, in check_duplicate
    with engine.connect() as conn:
         ^^^^^^
NameError: name 'engine' is not defined
",/Volumes/TVault2/datasets/sugvu24/extracted_frames/case_001/row2_bipolar_forceps.png,,
2025-04-05 15:56:41,GPT_PROCESSING_ERROR,GPT processing error for /Volumes/TVault2/datasets/sugvu24/extracted_frames/case_001/row2_bipolar_forceps.png: name 'base64' is not defined,"Traceback (most recent call last):
  File ""/var/folders/1j/2k5xpt896fdb5rnbdm6nktnr0000gn/T/ipykernel_14640/3315841500.py"", line 89, in <module>
    gpt_response = generate_gpt_response(""Identify the tool name"", img_path)
                   ^^^^^^^^^^^^^^^^^^^^^^^^^^^^^^^^^^^^^^^^^^^^^^^^^^^^^^^^^
  File ""/var/folders/1j/2k5xpt896fdb5rnbdm6nktnr0000gn/T/ipykernel_14640/1253877937.py"", line 9, in generate_gpt_response
    base64_image = encode_image_stream(image_link)
                   ^^^^^^^^^^^^^^^^^^^^^^^^^^^^^^^
  File ""/var/folders/1j/2k5xpt896fdb5rnbdm6nktnr0000gn/T/ipykernel_14640/1253877937.py"", line 4, in encode_image_stream
    return base64.b64encode(img_file.read()).decode(""utf-8"")
           ^^^^^^
NameError: name 'base64' is not defined. Did you forget to import 'base64'
",/Volumes/TVault2/datasets/sugvu24/extracted_frames/case_001/row2_bipolar_forceps.png,,
2025-04-05 15:56:41,DB_INSERT_ERROR,Error inserting record: name 'engine' is not defined,"Traceback (most recent call last):
  File ""/var/folders/1j/2k5xpt896fdb5rnbdm6nktnr0000gn/T/ipykernel_14640/3315841500.py"", line 89, in <module>
    gpt_response = generate_gpt_response(""Identify the tool name"", img_path)
                   ^^^^^^^^^^^^^^^^^^^^^^^^^^^^^^^^^^^^^^^^^^^^^^^^^^^^^^^^^
  File ""/var/folders/1j/2k5xpt896fdb5rnbdm6nktnr0000gn/T/ipykernel_14640/1253877937.py"", line 9, in generate_gpt_response
    base64_image = encode_image_stream(image_link)
                   ^^^^^^^^^^^^^^^^^^^^^^^^^^^^^^^
  File ""/var/folders/1j/2k5xpt896fdb5rnbdm6nktnr0000gn/T/ipykernel_14640/1253877937.py"", line 4, in encode_image_stream
    return base64.b64encode(img_file.read()).decode(""utf-8"")
           ^^^^^^
NameError: name 'base64' is not defined. Did you forget to import 'base64'

During handling of the above exception, another exception occurred:

Traceback (most recent call last):
  File ""/var/folders/1j/2k5xpt896fdb5rnbdm6nktnr0000gn/T/ipykernel_14640/2760519357.py"", line 3, in insert_record
    with engine.connect() as conn:
         ^^^^^^
NameError: name 'engine' is not defined
",/Volumes/TVault2/datasets/sugvu24/extracted_frames/case_001/row2_bipolar_forceps.png,,
2025-04-05 15:56:46,DB_QUERY_ERROR,Error checking if image is processed: name 'engine' is not defined,"Traceback (most recent call last):
  File ""/var/folders/1j/2k5xpt896fdb5rnbdm6nktnr0000gn/T/ipykernel_14640/3385417593.py"", line 3, in check_duplicate
    with engine.connect() as conn:
         ^^^^^^
NameError: name 'engine' is not defined
",/Volumes/TVault2/datasets/sugvu24/extracted_frames/case_001/row3_grasping_retractor.png,,
2025-04-05 15:56:46,GPT_PROCESSING_ERROR,GPT processing error for /Volumes/TVault2/datasets/sugvu24/extracted_frames/case_001/row3_grasping_retractor.png: name 'base64' is not defined,"Traceback (most recent call last):
  File ""/var/folders/1j/2k5xpt896fdb5rnbdm6nktnr0000gn/T/ipykernel_14640/3315841500.py"", line 89, in <module>
    gpt_response = generate_gpt_response(""Identify the tool name"", img_path)
                   ^^^^^^^^^^^^^^^^^^^^^^^^^^^^^^^^^^^^^^^^^^^^^^^^^^^^^^^^^
  File ""/var/folders/1j/2k5xpt896fdb5rnbdm6nktnr0000gn/T/ipykernel_14640/1253877937.py"", line 9, in generate_gpt_response
    base64_image = encode_image_stream(image_link)
                   ^^^^^^^^^^^^^^^^^^^^^^^^^^^^^^^
  File ""/var/folders/1j/2k5xpt896fdb5rnbdm6nktnr0000gn/T/ipykernel_14640/1253877937.py"", line 4, in encode_image_stream
    return base64.b64encode(img_file.read()).decode(""utf-8"")
           ^^^^^^
NameError: name 'base64' is not defined. Did you forget to import 'base64'
",/Volumes/TVault2/datasets/sugvu24/extracted_frames/case_001/row3_grasping_retractor.png,,
2025-04-05 15:56:46,DB_INSERT_ERROR,Error inserting record: name 'engine' is not defined,"Traceback (most recent call last):
  File ""/var/folders/1j/2k5xpt896fdb5rnbdm6nktnr0000gn/T/ipykernel_14640/3315841500.py"", line 89, in <module>
    gpt_response = generate_gpt_response(""Identify the tool name"", img_path)
                   ^^^^^^^^^^^^^^^^^^^^^^^^^^^^^^^^^^^^^^^^^^^^^^^^^^^^^^^^^
  File ""/var/folders/1j/2k5xpt896fdb5rnbdm6nktnr0000gn/T/ipykernel_14640/1253877937.py"", line 9, in generate_gpt_response
    base64_image = encode_image_stream(image_link)
                   ^^^^^^^^^^^^^^^^^^^^^^^^^^^^^^^
  File ""/var/folders/1j/2k5xpt896fdb5rnbdm6nktnr0000gn/T/ipykernel_14640/1253877937.py"", line 4, in encode_image_stream
    return base64.b64encode(img_file.read()).decode(""utf-8"")
           ^^^^^^
NameError: name 'base64' is not defined. Did you forget to import 'base64'

During handling of the above exception, another exception occurred:

Traceback (most recent call last):
  File ""/var/folders/1j/2k5xpt896fdb5rnbdm6nktnr0000gn/T/ipykernel_14640/2760519357.py"", line 3, in insert_record
    with engine.connect() as conn:
         ^^^^^^
NameError: name 'engine' is not defined
",/Volumes/TVault2/datasets/sugvu24/extracted_frames/case_001/row3_grasping_retractor.png,,
2025-04-05 15:56:51,DB_QUERY_ERROR,Error checking if image is processed: name 'engine' is not defined,"Traceback (most recent call last):
  File ""/var/folders/1j/2k5xpt896fdb5rnbdm6nktnr0000gn/T/ipykernel_14640/3385417593.py"", line 3, in check_duplicate
    with engine.connect() as conn:
         ^^^^^^
NameError: name 'engine' is not defined
",/Volumes/TVault2/datasets/sugvu24/extracted_frames/case_001/row4_grasping_retractor.png,,
2025-04-05 15:56:51,GPT_PROCESSING_ERROR,GPT processing error for /Volumes/TVault2/datasets/sugvu24/extracted_frames/case_001/row4_grasping_retractor.png: name 'base64' is not defined,"Traceback (most recent call last):
  File ""/var/folders/1j/2k5xpt896fdb5rnbdm6nktnr0000gn/T/ipykernel_14640/3315841500.py"", line 89, in <module>
    gpt_response = generate_gpt_response(""Identify the tool name"", img_path)
                   ^^^^^^^^^^^^^^^^^^^^^^^^^^^^^^^^^^^^^^^^^^^^^^^^^^^^^^^^^
  File ""/var/folders/1j/2k5xpt896fdb5rnbdm6nktnr0000gn/T/ipykernel_14640/1253877937.py"", line 9, in generate_gpt_response
    base64_image = encode_image_stream(image_link)
                   ^^^^^^^^^^^^^^^^^^^^^^^^^^^^^^^
  File ""/var/folders/1j/2k5xpt896fdb5rnbdm6nktnr0000gn/T/ipykernel_14640/1253877937.py"", line 4, in encode_image_stream
    return base64.b64encode(img_file.read()).decode(""utf-8"")
           ^^^^^^
NameError: name 'base64' is not defined. Did you forget to import 'base64'
",/Volumes/TVault2/datasets/sugvu24/extracted_frames/case_001/row4_grasping_retractor.png,,
2025-04-05 15:56:51,DB_INSERT_ERROR,Error inserting record: name 'engine' is not defined,"Traceback (most recent call last):
  File ""/var/folders/1j/2k5xpt896fdb5rnbdm6nktnr0000gn/T/ipykernel_14640/3315841500.py"", line 89, in <module>
    gpt_response = generate_gpt_response(""Identify the tool name"", img_path)
                   ^^^^^^^^^^^^^^^^^^^^^^^^^^^^^^^^^^^^^^^^^^^^^^^^^^^^^^^^^
  File ""/var/folders/1j/2k5xpt896fdb5rnbdm6nktnr0000gn/T/ipykernel_14640/1253877937.py"", line 9, in generate_gpt_response
    base64_image = encode_image_stream(image_link)
                   ^^^^^^^^^^^^^^^^^^^^^^^^^^^^^^^
  File ""/var/folders/1j/2k5xpt896fdb5rnbdm6nktnr0000gn/T/ipykernel_14640/1253877937.py"", line 4, in encode_image_stream
    return base64.b64encode(img_file.read()).decode(""utf-8"")
           ^^^^^^
NameError: name 'base64' is not defined. Did you forget to import 'base64'

During handling of the above exception, another exception occurred:

Traceback (most recent call last):
  File ""/var/folders/1j/2k5xpt896fdb5rnbdm6nktnr0000gn/T/ipykernel_14640/2760519357.py"", line 3, in insert_record
    with engine.connect() as conn:
         ^^^^^^
NameError: name 'engine' is not defined
",/Volumes/TVault2/datasets/sugvu24/extracted_frames/case_001/row4_grasping_retractor.png,,
2025-04-05 15:56:56,DB_QUERY_ERROR,Error checking if image is processed: name 'engine' is not defined,"Traceback (most recent call last):
  File ""/var/folders/1j/2k5xpt896fdb5rnbdm6nktnr0000gn/T/ipykernel_14640/3385417593.py"", line 3, in check_duplicate
    with engine.connect() as conn:
         ^^^^^^
NameError: name 'engine' is not defined
",/Volumes/TVault2/datasets/sugvu24/extracted_frames/case_001/row5_needle_driver.png,,
2025-04-05 15:56:57,GPT_PROCESSING_ERROR,GPT processing error for /Volumes/TVault2/datasets/sugvu24/extracted_frames/case_001/row5_needle_driver.png: name 'base64' is not defined,"Traceback (most recent call last):
  File ""/var/folders/1j/2k5xpt896fdb5rnbdm6nktnr0000gn/T/ipykernel_14640/3315841500.py"", line 89, in <module>
    gpt_response = generate_gpt_response(""Identify the tool name"", img_path)
                   ^^^^^^^^^^^^^^^^^^^^^^^^^^^^^^^^^^^^^^^^^^^^^^^^^^^^^^^^^
  File ""/var/folders/1j/2k5xpt896fdb5rnbdm6nktnr0000gn/T/ipykernel_14640/1253877937.py"", line 9, in generate_gpt_response
    base64_image = encode_image_stream(image_link)
                   ^^^^^^^^^^^^^^^^^^^^^^^^^^^^^^^
  File ""/var/folders/1j/2k5xpt896fdb5rnbdm6nktnr0000gn/T/ipykernel_14640/1253877937.py"", line 4, in encode_image_stream
    return base64.b64encode(img_file.read()).decode(""utf-8"")
           ^^^^^^
NameError: name 'base64' is not defined. Did you forget to import 'base64'
",/Volumes/TVault2/datasets/sugvu24/extracted_frames/case_001/row5_needle_driver.png,,
2025-04-05 15:56:57,DB_INSERT_ERROR,Error inserting record: name 'engine' is not defined,"Traceback (most recent call last):
  File ""/var/folders/1j/2k5xpt896fdb5rnbdm6nktnr0000gn/T/ipykernel_14640/3315841500.py"", line 89, in <module>
    gpt_response = generate_gpt_response(""Identify the tool name"", img_path)
                   ^^^^^^^^^^^^^^^^^^^^^^^^^^^^^^^^^^^^^^^^^^^^^^^^^^^^^^^^^
  File ""/var/folders/1j/2k5xpt896fdb5rnbdm6nktnr0000gn/T/ipykernel_14640/1253877937.py"", line 9, in generate_gpt_response
    base64_image = encode_image_stream(image_link)
                   ^^^^^^^^^^^^^^^^^^^^^^^^^^^^^^^
  File ""/var/folders/1j/2k5xpt896fdb5rnbdm6nktnr0000gn/T/ipykernel_14640/1253877937.py"", line 4, in encode_image_stream
    return base64.b64encode(img_file.read()).decode(""utf-8"")
           ^^^^^^
NameError: name 'base64' is not defined. Did you forget to import 'base64'

During handling of the above exception, another exception occurred:

Traceback (most recent call last):
  File ""/var/folders/1j/2k5xpt896fdb5rnbdm6nktnr0000gn/T/ipykernel_14640/2760519357.py"", line 3, in insert_record
    with engine.connect() as conn:
         ^^^^^^
NameError: name 'engine' is not defined
",/Volumes/TVault2/datasets/sugvu24/extracted_frames/case_001/row5_needle_driver.png,,
2025-04-05 15:57:02,DB_QUERY_ERROR,Error checking if image is processed: name 'engine' is not defined,"Traceback (most recent call last):
  File ""/var/folders/1j/2k5xpt896fdb5rnbdm6nktnr0000gn/T/ipykernel_14640/3385417593.py"", line 3, in check_duplicate
    with engine.connect() as conn:
         ^^^^^^
NameError: name 'engine' is not defined
",/Volumes/TVault2/datasets/sugvu24/extracted_frames/case_001/row6_needle_driver.png,,
2025-04-05 15:57:02,GPT_PROCESSING_ERROR,GPT processing error for /Volumes/TVault2/datasets/sugvu24/extracted_frames/case_001/row6_needle_driver.png: name 'base64' is not defined,"Traceback (most recent call last):
  File ""/var/folders/1j/2k5xpt896fdb5rnbdm6nktnr0000gn/T/ipykernel_14640/3315841500.py"", line 89, in <module>
    gpt_response = generate_gpt_response(""Identify the tool name"", img_path)
                   ^^^^^^^^^^^^^^^^^^^^^^^^^^^^^^^^^^^^^^^^^^^^^^^^^^^^^^^^^
  File ""/var/folders/1j/2k5xpt896fdb5rnbdm6nktnr0000gn/T/ipykernel_14640/1253877937.py"", line 9, in generate_gpt_response
    base64_image = encode_image_stream(image_link)
                   ^^^^^^^^^^^^^^^^^^^^^^^^^^^^^^^
  File ""/var/folders/1j/2k5xpt896fdb5rnbdm6nktnr0000gn/T/ipykernel_14640/1253877937.py"", line 4, in encode_image_stream
    return base64.b64encode(img_file.read()).decode(""utf-8"")
           ^^^^^^
NameError: name 'base64' is not defined. Did you forget to import 'base64'
",/Volumes/TVault2/datasets/sugvu24/extracted_frames/case_001/row6_needle_driver.png,,
2025-04-05 15:57:02,DB_INSERT_ERROR,Error inserting record: name 'engine' is not defined,"Traceback (most recent call last):
  File ""/var/folders/1j/2k5xpt896fdb5rnbdm6nktnr0000gn/T/ipykernel_14640/3315841500.py"", line 89, in <module>
    gpt_response = generate_gpt_response(""Identify the tool name"", img_path)
                   ^^^^^^^^^^^^^^^^^^^^^^^^^^^^^^^^^^^^^^^^^^^^^^^^^^^^^^^^^
  File ""/var/folders/1j/2k5xpt896fdb5rnbdm6nktnr0000gn/T/ipykernel_14640/1253877937.py"", line 9, in generate_gpt_response
    base64_image = encode_image_stream(image_link)
                   ^^^^^^^^^^^^^^^^^^^^^^^^^^^^^^^
  File ""/var/folders/1j/2k5xpt896fdb5rnbdm6nktnr0000gn/T/ipykernel_14640/1253877937.py"", line 4, in encode_image_stream
    return base64.b64encode(img_file.read()).decode(""utf-8"")
           ^^^^^^
NameError: name 'base64' is not defined. Did you forget to import 'base64'

During handling of the above exception, another exception occurred:

Traceback (most recent call last):
  File ""/var/folders/1j/2k5xpt896fdb5rnbdm6nktnr0000gn/T/ipykernel_14640/2760519357.py"", line 3, in insert_record
    with engine.connect() as conn:
         ^^^^^^
NameError: name 'engine' is not defined
",/Volumes/TVault2/datasets/sugvu24/extracted_frames/case_001/row6_needle_driver.png,,
2025-04-05 15:57:25,DB_QUERY_ERROR,Error checking if image is processed: name 'engine' is not defined,"Traceback (most recent call last):
  File ""/var/folders/1j/2k5xpt896fdb5rnbdm6nktnr0000gn/T/ipykernel_14640/3385417593.py"", line 3, in check_duplicate
    with engine.connect() as conn:
         ^^^^^^
NameError: name 'engine' is not defined
",/Volumes/TVault2/datasets/sugvu24/extracted_frames/case_001/row0_monopolar_curved_scissors.png,,
2025-04-05 15:57:25,GPT_PROCESSING_ERROR,GPT processing error for /Volumes/TVault2/datasets/sugvu24/extracted_frames/case_001/row0_monopolar_curved_scissors.png: name 'oai_key' is not defined,"Traceback (most recent call last):
  File ""/var/folders/1j/2k5xpt896fdb5rnbdm6nktnr0000gn/T/ipykernel_14640/3315841500.py"", line 89, in <module>
    gpt_response = generate_gpt_response(""Identify the tool name"", img_path)
                   ^^^^^^^^^^^^^^^^^^^^^^^^^^^^^^^^^^^^^^^^^^^^^^^^^^^^^^^^^
  File ""/var/folders/1j/2k5xpt896fdb5rnbdm6nktnr0000gn/T/ipykernel_14640/1253877937.py"", line 14, in generate_gpt_response
    client = OpenAI(api_key=oai_key)
                            ^^^^^^^
NameError: name 'oai_key' is not defined
",/Volumes/TVault2/datasets/sugvu24/extracted_frames/case_001/row0_monopolar_curved_scissors.png,,
2025-04-05 15:57:25,DB_INSERT_ERROR,Error inserting record: name 'engine' is not defined,"Traceback (most recent call last):
  File ""/var/folders/1j/2k5xpt896fdb5rnbdm6nktnr0000gn/T/ipykernel_14640/3315841500.py"", line 89, in <module>
    gpt_response = generate_gpt_response(""Identify the tool name"", img_path)
                   ^^^^^^^^^^^^^^^^^^^^^^^^^^^^^^^^^^^^^^^^^^^^^^^^^^^^^^^^^
  File ""/var/folders/1j/2k5xpt896fdb5rnbdm6nktnr0000gn/T/ipykernel_14640/1253877937.py"", line 14, in generate_gpt_response
    client = OpenAI(api_key=oai_key)
                            ^^^^^^^
NameError: name 'oai_key' is not defined

During handling of the above exception, another exception occurred:

Traceback (most recent call last):
  File ""/var/folders/1j/2k5xpt896fdb5rnbdm6nktnr0000gn/T/ipykernel_14640/2760519357.py"", line 3, in insert_record
    with engine.connect() as conn:
         ^^^^^^
NameError: name 'engine' is not defined
",/Volumes/TVault2/datasets/sugvu24/extracted_frames/case_001/row0_monopolar_curved_scissors.png,,
2025-04-05 15:57:59,DB_QUERY_ERROR,"Error checking if image is processed: (psycopg2.OperationalError) connection to server at ""uneven-dingo-4829.jxf.gcp-us-east1.cockroachlabs.cloud"" (35.185.88.236), port 26257 failed: FATAL:  codeParamsRoutingFailed: cluster uneven-dingo-4829 not found
connection to server at ""uneven-dingo-4829.jxf.gcp-us-east1.cockroachlabs.cloud"" (35.185.88.236), port 26257 failed: FATAL:  server requires encryption

(Background on this error at: https://sqlalche.me/e/20/e3q8)","Traceback (most recent call last):
  File ""/opt/miniconda3/envs/explore/lib/python3.12/site-packages/sqlalchemy/engine/base.py"", line 146, in __init__
    self._dbapi_connection = engine.raw_connection()
                             ^^^^^^^^^^^^^^^^^^^^^^^
  File ""/opt/miniconda3/envs/explore/lib/python3.12/site-packages/sqlalchemy/engine/base.py"", line 3298, in raw_connection
    return self.pool.connect()
           ^^^^^^^^^^^^^^^^^^^
  File ""/opt/miniconda3/envs/explore/lib/python3.12/site-packages/sqlalchemy/pool/base.py"", line 449, in connect
    return _ConnectionFairy._checkout(self)
           ^^^^^^^^^^^^^^^^^^^^^^^^^^^^^^^^
  File ""/opt/miniconda3/envs/explore/lib/python3.12/site-packages/sqlalchemy/pool/base.py"", line 1263, in _checkout
    fairy = _ConnectionRecord.checkout(pool)
            ^^^^^^^^^^^^^^^^^^^^^^^^^^^^^^^^
  File ""/opt/miniconda3/envs/explore/lib/python3.12/site-packages/sqlalchemy/pool/base.py"", line 712, in checkout
    rec = pool._do_get()
          ^^^^^^^^^^^^^^
  File ""/opt/miniconda3/envs/explore/lib/python3.12/site-packages/sqlalchemy/pool/impl.py"", line 179, in _do_get
    with util.safe_reraise():
  File ""/opt/miniconda3/envs/explore/lib/python3.12/site-packages/sqlalchemy/util/langhelpers.py"", line 146, in __exit__
    raise exc_value.with_traceback(exc_tb)
  File ""/opt/miniconda3/envs/explore/lib/python3.12/site-packages/sqlalchemy/pool/impl.py"", line 177, in _do_get
    return self._create_connection()
           ^^^^^^^^^^^^^^^^^^^^^^^^^
  File ""/opt/miniconda3/envs/explore/lib/python3.12/site-packages/sqlalchemy/pool/base.py"", line 390, in _create_connection
    return _ConnectionRecord(self)
           ^^^^^^^^^^^^^^^^^^^^^^^
  File ""/opt/miniconda3/envs/explore/lib/python3.12/site-packages/sqlalchemy/pool/base.py"", line 674, in __init__
    self.__connect()
  File ""/opt/miniconda3/envs/explore/lib/python3.12/site-packages/sqlalchemy/pool/base.py"", line 900, in __connect
    with util.safe_reraise():
  File ""/opt/miniconda3/envs/explore/lib/python3.12/site-packages/sqlalchemy/util/langhelpers.py"", line 146, in __exit__
    raise exc_value.with_traceback(exc_tb)
  File ""/opt/miniconda3/envs/explore/lib/python3.12/site-packages/sqlalchemy/pool/base.py"", line 896, in __connect
    self.dbapi_connection = connection = pool._invoke_creator(self)
                                         ^^^^^^^^^^^^^^^^^^^^^^^^^^
  File ""/opt/miniconda3/envs/explore/lib/python3.12/site-packages/sqlalchemy/engine/create.py"", line 646, in connect
    return dialect.connect(*cargs, **cparams)
           ^^^^^^^^^^^^^^^^^^^^^^^^^^^^^^^^^^
  File ""/opt/miniconda3/envs/explore/lib/python3.12/site-packages/sqlalchemy/engine/default.py"", line 622, in connect
    return self.loaded_dbapi.connect(*cargs, **cparams)
           ^^^^^^^^^^^^^^^^^^^^^^^^^^^^^^^^^^^^^^^^^^^^
  File ""/opt/miniconda3/envs/explore/lib/python3.12/site-packages/psycopg2/__init__.py"", line 122, in connect
    conn = _connect(dsn, connection_factory=connection_factory, **kwasync)
           ^^^^^^^^^^^^^^^^^^^^^^^^^^^^^^^^^^^^^^^^^^^^^^^^^^^^^^^^^^^^^^^
psycopg2.OperationalError: connection to server at ""uneven-dingo-4829.jxf.gcp-us-east1.cockroachlabs.cloud"" (35.185.88.236), port 26257 failed: FATAL:  codeParamsRoutingFailed: cluster uneven-dingo-4829 not found
connection to server at ""uneven-dingo-4829.jxf.gcp-us-east1.cockroachlabs.cloud"" (35.185.88.236), port 26257 failed: FATAL:  server requires encryption


The above exception was the direct cause of the following exception:

Traceback (most recent call last):
  File ""/var/folders/1j/2k5xpt896fdb5rnbdm6nktnr0000gn/T/ipykernel_14640/3385417593.py"", line 3, in check_duplicate
    with engine.connect() as conn:
         ^^^^^^^^^^^^^^^^
  File ""/opt/miniconda3/envs/explore/lib/python3.12/site-packages/sqlalchemy/engine/base.py"", line 3274, in connect
    return self._connection_cls(self)
           ^^^^^^^^^^^^^^^^^^^^^^^^^^
  File ""/opt/miniconda3/envs/explore/lib/python3.12/site-packages/sqlalchemy/engine/base.py"", line 148, in __init__
    Connection._handle_dbapi_exception_noconnection(
  File ""/opt/miniconda3/envs/explore/lib/python3.12/site-packages/sqlalchemy/engine/base.py"", line 2439, in _handle_dbapi_exception_noconnection
    raise sqlalchemy_exception.with_traceback(exc_info[2]) from e
  File ""/opt/miniconda3/envs/explore/lib/python3.12/site-packages/sqlalchemy/engine/base.py"", line 146, in __init__
    self._dbapi_connection = engine.raw_connection()
                             ^^^^^^^^^^^^^^^^^^^^^^^
  File ""/opt/miniconda3/envs/explore/lib/python3.12/site-packages/sqlalchemy/engine/base.py"", line 3298, in raw_connection
    return self.pool.connect()
           ^^^^^^^^^^^^^^^^^^^
  File ""/opt/miniconda3/envs/explore/lib/python3.12/site-packages/sqlalchemy/pool/base.py"", line 449, in connect
    return _ConnectionFairy._checkout(self)
           ^^^^^^^^^^^^^^^^^^^^^^^^^^^^^^^^
  File ""/opt/miniconda3/envs/explore/lib/python3.12/site-packages/sqlalchemy/pool/base.py"", line 1263, in _checkout
    fairy = _ConnectionRecord.checkout(pool)
            ^^^^^^^^^^^^^^^^^^^^^^^^^^^^^^^^
  File ""/opt/miniconda3/envs/explore/lib/python3.12/site-packages/sqlalchemy/pool/base.py"", line 712, in checkout
    rec = pool._do_get()
          ^^^^^^^^^^^^^^
  File ""/opt/miniconda3/envs/explore/lib/python3.12/site-packages/sqlalchemy/pool/impl.py"", line 179, in _do_get
    with util.safe_reraise():
  File ""/opt/miniconda3/envs/explore/lib/python3.12/site-packages/sqlalchemy/util/langhelpers.py"", line 146, in __exit__
    raise exc_value.with_traceback(exc_tb)
  File ""/opt/miniconda3/envs/explore/lib/python3.12/site-packages/sqlalchemy/pool/impl.py"", line 177, in _do_get
    return self._create_connection()
           ^^^^^^^^^^^^^^^^^^^^^^^^^
  File ""/opt/miniconda3/envs/explore/lib/python3.12/site-packages/sqlalchemy/pool/base.py"", line 390, in _create_connection
    return _ConnectionRecord(self)
           ^^^^^^^^^^^^^^^^^^^^^^^
  File ""/opt/miniconda3/envs/explore/lib/python3.12/site-packages/sqlalchemy/pool/base.py"", line 674, in __init__
    self.__connect()
  File ""/opt/miniconda3/envs/explore/lib/python3.12/site-packages/sqlalchemy/pool/base.py"", line 900, in __connect
    with util.safe_reraise():
  File ""/opt/miniconda3/envs/explore/lib/python3.12/site-packages/sqlalchemy/util/langhelpers.py"", line 146, in __exit__
    raise exc_value.with_traceback(exc_tb)
  File ""/opt/miniconda3/envs/explore/lib/python3.12/site-packages/sqlalchemy/pool/base.py"", line 896, in __connect
    self.dbapi_connection = connection = pool._invoke_creator(self)
                                         ^^^^^^^^^^^^^^^^^^^^^^^^^^
  File ""/opt/miniconda3/envs/explore/lib/python3.12/site-packages/sqlalchemy/engine/create.py"", line 646, in connect
    return dialect.connect(*cargs, **cparams)
           ^^^^^^^^^^^^^^^^^^^^^^^^^^^^^^^^^^
  File ""/opt/miniconda3/envs/explore/lib/python3.12/site-packages/sqlalchemy/engine/default.py"", line 622, in connect
    return self.loaded_dbapi.connect(*cargs, **cparams)
           ^^^^^^^^^^^^^^^^^^^^^^^^^^^^^^^^^^^^^^^^^^^^
  File ""/opt/miniconda3/envs/explore/lib/python3.12/site-packages/psycopg2/__init__.py"", line 122, in connect
    conn = _connect(dsn, connection_factory=connection_factory, **kwasync)
           ^^^^^^^^^^^^^^^^^^^^^^^^^^^^^^^^^^^^^^^^^^^^^^^^^^^^^^^^^^^^^^^
sqlalchemy.exc.OperationalError: (psycopg2.OperationalError) connection to server at ""uneven-dingo-4829.jxf.gcp-us-east1.cockroachlabs.cloud"" (35.185.88.236), port 26257 failed: FATAL:  codeParamsRoutingFailed: cluster uneven-dingo-4829 not found
connection to server at ""uneven-dingo-4829.jxf.gcp-us-east1.cockroachlabs.cloud"" (35.185.88.236), port 26257 failed: FATAL:  server requires encryption

(Background on this error at: https://sqlalche.me/e/20/e3q8)
",/Volumes/TVault2/datasets/sugvu24/extracted_frames/case_001/row0_monopolar_curved_scissors.png,,
2025-04-05 15:58:05,DB_INSERT_ERROR,"Error inserting record: (psycopg2.OperationalError) connection to server at ""uneven-dingo-4829.jxf.gcp-us-east1.cockroachlabs.cloud"" (35.185.88.236), port 26257 failed: FATAL:  codeParamsRoutingFailed: cluster uneven-dingo-4829 not found
connection to server at ""uneven-dingo-4829.jxf.gcp-us-east1.cockroachlabs.cloud"" (35.185.88.236), port 26257 failed: FATAL:  server requires encryption

(Background on this error at: https://sqlalche.me/e/20/e3q8)","Traceback (most recent call last):
  File ""/opt/miniconda3/envs/explore/lib/python3.12/site-packages/sqlalchemy/engine/base.py"", line 146, in __init__
    self._dbapi_connection = engine.raw_connection()
                             ^^^^^^^^^^^^^^^^^^^^^^^
  File ""/opt/miniconda3/envs/explore/lib/python3.12/site-packages/sqlalchemy/engine/base.py"", line 3298, in raw_connection
    return self.pool.connect()
           ^^^^^^^^^^^^^^^^^^^
  File ""/opt/miniconda3/envs/explore/lib/python3.12/site-packages/sqlalchemy/pool/base.py"", line 449, in connect
    return _ConnectionFairy._checkout(self)
           ^^^^^^^^^^^^^^^^^^^^^^^^^^^^^^^^
  File ""/opt/miniconda3/envs/explore/lib/python3.12/site-packages/sqlalchemy/pool/base.py"", line 1263, in _checkout
    fairy = _ConnectionRecord.checkout(pool)
            ^^^^^^^^^^^^^^^^^^^^^^^^^^^^^^^^
  File ""/opt/miniconda3/envs/explore/lib/python3.12/site-packages/sqlalchemy/pool/base.py"", line 712, in checkout
    rec = pool._do_get()
          ^^^^^^^^^^^^^^
  File ""/opt/miniconda3/envs/explore/lib/python3.12/site-packages/sqlalchemy/pool/impl.py"", line 179, in _do_get
    with util.safe_reraise():
  File ""/opt/miniconda3/envs/explore/lib/python3.12/site-packages/sqlalchemy/util/langhelpers.py"", line 146, in __exit__
    raise exc_value.with_traceback(exc_tb)
  File ""/opt/miniconda3/envs/explore/lib/python3.12/site-packages/sqlalchemy/pool/impl.py"", line 177, in _do_get
    return self._create_connection()
           ^^^^^^^^^^^^^^^^^^^^^^^^^
  File ""/opt/miniconda3/envs/explore/lib/python3.12/site-packages/sqlalchemy/pool/base.py"", line 390, in _create_connection
    return _ConnectionRecord(self)
           ^^^^^^^^^^^^^^^^^^^^^^^
  File ""/opt/miniconda3/envs/explore/lib/python3.12/site-packages/sqlalchemy/pool/base.py"", line 674, in __init__
    self.__connect()
  File ""/opt/miniconda3/envs/explore/lib/python3.12/site-packages/sqlalchemy/pool/base.py"", line 900, in __connect
    with util.safe_reraise():
  File ""/opt/miniconda3/envs/explore/lib/python3.12/site-packages/sqlalchemy/util/langhelpers.py"", line 146, in __exit__
    raise exc_value.with_traceback(exc_tb)
  File ""/opt/miniconda3/envs/explore/lib/python3.12/site-packages/sqlalchemy/pool/base.py"", line 896, in __connect
    self.dbapi_connection = connection = pool._invoke_creator(self)
                                         ^^^^^^^^^^^^^^^^^^^^^^^^^^
  File ""/opt/miniconda3/envs/explore/lib/python3.12/site-packages/sqlalchemy/engine/create.py"", line 646, in connect
    return dialect.connect(*cargs, **cparams)
           ^^^^^^^^^^^^^^^^^^^^^^^^^^^^^^^^^^
  File ""/opt/miniconda3/envs/explore/lib/python3.12/site-packages/sqlalchemy/engine/default.py"", line 622, in connect
    return self.loaded_dbapi.connect(*cargs, **cparams)
           ^^^^^^^^^^^^^^^^^^^^^^^^^^^^^^^^^^^^^^^^^^^^
  File ""/opt/miniconda3/envs/explore/lib/python3.12/site-packages/psycopg2/__init__.py"", line 122, in connect
    conn = _connect(dsn, connection_factory=connection_factory, **kwasync)
           ^^^^^^^^^^^^^^^^^^^^^^^^^^^^^^^^^^^^^^^^^^^^^^^^^^^^^^^^^^^^^^^
psycopg2.OperationalError: connection to server at ""uneven-dingo-4829.jxf.gcp-us-east1.cockroachlabs.cloud"" (35.185.88.236), port 26257 failed: FATAL:  codeParamsRoutingFailed: cluster uneven-dingo-4829 not found
connection to server at ""uneven-dingo-4829.jxf.gcp-us-east1.cockroachlabs.cloud"" (35.185.88.236), port 26257 failed: FATAL:  server requires encryption


The above exception was the direct cause of the following exception:

Traceback (most recent call last):
  File ""/var/folders/1j/2k5xpt896fdb5rnbdm6nktnr0000gn/T/ipykernel_14640/2760519357.py"", line 3, in insert_record
    with engine.connect() as conn:
         ^^^^^^^^^^^^^^^^
  File ""/opt/miniconda3/envs/explore/lib/python3.12/site-packages/sqlalchemy/engine/base.py"", line 3274, in connect
    return self._connection_cls(self)
           ^^^^^^^^^^^^^^^^^^^^^^^^^^
  File ""/opt/miniconda3/envs/explore/lib/python3.12/site-packages/sqlalchemy/engine/base.py"", line 148, in __init__
    Connection._handle_dbapi_exception_noconnection(
  File ""/opt/miniconda3/envs/explore/lib/python3.12/site-packages/sqlalchemy/engine/base.py"", line 2439, in _handle_dbapi_exception_noconnection
    raise sqlalchemy_exception.with_traceback(exc_info[2]) from e
  File ""/opt/miniconda3/envs/explore/lib/python3.12/site-packages/sqlalchemy/engine/base.py"", line 146, in __init__
    self._dbapi_connection = engine.raw_connection()
                             ^^^^^^^^^^^^^^^^^^^^^^^
  File ""/opt/miniconda3/envs/explore/lib/python3.12/site-packages/sqlalchemy/engine/base.py"", line 3298, in raw_connection
    return self.pool.connect()
           ^^^^^^^^^^^^^^^^^^^
  File ""/opt/miniconda3/envs/explore/lib/python3.12/site-packages/sqlalchemy/pool/base.py"", line 449, in connect
    return _ConnectionFairy._checkout(self)
           ^^^^^^^^^^^^^^^^^^^^^^^^^^^^^^^^
  File ""/opt/miniconda3/envs/explore/lib/python3.12/site-packages/sqlalchemy/pool/base.py"", line 1263, in _checkout
    fairy = _ConnectionRecord.checkout(pool)
            ^^^^^^^^^^^^^^^^^^^^^^^^^^^^^^^^
  File ""/opt/miniconda3/envs/explore/lib/python3.12/site-packages/sqlalchemy/pool/base.py"", line 712, in checkout
    rec = pool._do_get()
          ^^^^^^^^^^^^^^
  File ""/opt/miniconda3/envs/explore/lib/python3.12/site-packages/sqlalchemy/pool/impl.py"", line 179, in _do_get
    with util.safe_reraise():
  File ""/opt/miniconda3/envs/explore/lib/python3.12/site-packages/sqlalchemy/util/langhelpers.py"", line 146, in __exit__
    raise exc_value.with_traceback(exc_tb)
  File ""/opt/miniconda3/envs/explore/lib/python3.12/site-packages/sqlalchemy/pool/impl.py"", line 177, in _do_get
    return self._create_connection()
           ^^^^^^^^^^^^^^^^^^^^^^^^^
  File ""/opt/miniconda3/envs/explore/lib/python3.12/site-packages/sqlalchemy/pool/base.py"", line 390, in _create_connection
    return _ConnectionRecord(self)
           ^^^^^^^^^^^^^^^^^^^^^^^
  File ""/opt/miniconda3/envs/explore/lib/python3.12/site-packages/sqlalchemy/pool/base.py"", line 674, in __init__
    self.__connect()
  File ""/opt/miniconda3/envs/explore/lib/python3.12/site-packages/sqlalchemy/pool/base.py"", line 900, in __connect
    with util.safe_reraise():
  File ""/opt/miniconda3/envs/explore/lib/python3.12/site-packages/sqlalchemy/util/langhelpers.py"", line 146, in __exit__
    raise exc_value.with_traceback(exc_tb)
  File ""/opt/miniconda3/envs/explore/lib/python3.12/site-packages/sqlalchemy/pool/base.py"", line 896, in __connect
    self.dbapi_connection = connection = pool._invoke_creator(self)
                                         ^^^^^^^^^^^^^^^^^^^^^^^^^^
  File ""/opt/miniconda3/envs/explore/lib/python3.12/site-packages/sqlalchemy/engine/create.py"", line 646, in connect
    return dialect.connect(*cargs, **cparams)
           ^^^^^^^^^^^^^^^^^^^^^^^^^^^^^^^^^^
  File ""/opt/miniconda3/envs/explore/lib/python3.12/site-packages/sqlalchemy/engine/default.py"", line 622, in connect
    return self.loaded_dbapi.connect(*cargs, **cparams)
           ^^^^^^^^^^^^^^^^^^^^^^^^^^^^^^^^^^^^^^^^^^^^
  File ""/opt/miniconda3/envs/explore/lib/python3.12/site-packages/psycopg2/__init__.py"", line 122, in connect
    conn = _connect(dsn, connection_factory=connection_factory, **kwasync)
           ^^^^^^^^^^^^^^^^^^^^^^^^^^^^^^^^^^^^^^^^^^^^^^^^^^^^^^^^^^^^^^^
sqlalchemy.exc.OperationalError: (psycopg2.OperationalError) connection to server at ""uneven-dingo-4829.jxf.gcp-us-east1.cockroachlabs.cloud"" (35.185.88.236), port 26257 failed: FATAL:  codeParamsRoutingFailed: cluster uneven-dingo-4829 not found
connection to server at ""uneven-dingo-4829.jxf.gcp-us-east1.cockroachlabs.cloud"" (35.185.88.236), port 26257 failed: FATAL:  server requires encryption

(Background on this error at: https://sqlalche.me/e/20/e3q8)
",/Volumes/TVault2/datasets/sugvu24/extracted_frames/case_001/row0_monopolar_curved_scissors.png,,
2025-04-05 17:14:37,DB_INSERT_ERROR,"Error inserting record: (psycopg2.OperationalError) server closed the connection unexpectedly
	This probably means the server terminated abnormally
	before or while processing the request.

[SQL: 
                    INSERT INTO mimicxp.svu_all_qns
                    (case_id, frame_file, full_file_path, ground_truth, gpt_response, original_response)
                    VALUES (%(case_id)s, %(frame_file)s, %(full_file_path)s, %(ground_truth)s, %(gpt_response)s, %(original_response)s)
                ]
[parameters: {'case_id': 1, 'frame_file': 'row31_stapler.png', 'full_file_path': '/Volumes/TVault2/datasets/sugvu24/extracted_frames/case_001/row31_stapler.png', 'ground_truth': 'stapler', 'gpt_response': 'Force Bipolar, Cadier Forceps, SureForm 45', 'original_response': '{\n  ""instruments"": [\n    ""Force Bipolar"",\n    ""Cadier Forceps"",\n    ""SureForm 45""\n  ]\n}'}]
(Background on this error at: https://sqlalche.me/e/20/e3q8)","Traceback (most recent call last):
  File ""/opt/miniconda3/envs/explore/lib/python3.12/site-packages/sqlalchemy/engine/base.py"", line 1964, in _exec_single_context
    self.dialect.do_execute(
  File ""/opt/miniconda3/envs/explore/lib/python3.12/site-packages/sqlalchemy/engine/default.py"", line 942, in do_execute
    cursor.execute(statement, parameters)
psycopg2.OperationalError: server closed the connection unexpectedly
	This probably means the server terminated abnormally
	before or while processing the request.


The above exception was the direct cause of the following exception:

Traceback (most recent call last):
  File ""/var/folders/1j/2k5xpt896fdb5rnbdm6nktnr0000gn/T/ipykernel_14640/2760519357.py"", line 23, in insert_record
    raise e
  File ""/var/folders/1j/2k5xpt896fdb5rnbdm6nktnr0000gn/T/ipykernel_14640/2760519357.py"", line 6, in insert_record
    conn.execute(text(""""""
  File ""/opt/miniconda3/envs/explore/lib/python3.12/site-packages/sqlalchemy/engine/base.py"", line 1416, in execute
    return meth(
           ^^^^^
  File ""/opt/miniconda3/envs/explore/lib/python3.12/site-packages/sqlalchemy/sql/elements.py"", line 516, in _execute_on_connection
    return connection._execute_clauseelement(
           ^^^^^^^^^^^^^^^^^^^^^^^^^^^^^^^^^^
  File ""/opt/miniconda3/envs/explore/lib/python3.12/site-packages/sqlalchemy/engine/base.py"", line 1638, in _execute_clauseelement
    ret = self._execute_context(
          ^^^^^^^^^^^^^^^^^^^^^^
  File ""/opt/miniconda3/envs/explore/lib/python3.12/site-packages/sqlalchemy/engine/base.py"", line 1843, in _execute_context
    return self._exec_single_context(
           ^^^^^^^^^^^^^^^^^^^^^^^^^^
  File ""/opt/miniconda3/envs/explore/lib/python3.12/site-packages/sqlalchemy/engine/base.py"", line 1983, in _exec_single_context
    self._handle_dbapi_exception(
  File ""/opt/miniconda3/envs/explore/lib/python3.12/site-packages/sqlalchemy/engine/base.py"", line 2352, in _handle_dbapi_exception
    raise sqlalchemy_exception.with_traceback(exc_info[2]) from e
  File ""/opt/miniconda3/envs/explore/lib/python3.12/site-packages/sqlalchemy/engine/base.py"", line 1964, in _exec_single_context
    self.dialect.do_execute(
  File ""/opt/miniconda3/envs/explore/lib/python3.12/site-packages/sqlalchemy/engine/default.py"", line 942, in do_execute
    cursor.execute(statement, parameters)
sqlalchemy.exc.OperationalError: (psycopg2.OperationalError) server closed the connection unexpectedly
	This probably means the server terminated abnormally
	before or while processing the request.

[SQL: 
                    INSERT INTO mimicxp.svu_all_qns
                    (case_id, frame_file, full_file_path, ground_truth, gpt_response, original_response)
                    VALUES (%(case_id)s, %(frame_file)s, %(full_file_path)s, %(ground_truth)s, %(gpt_response)s, %(original_response)s)
                ]
[parameters: {'case_id': 1, 'frame_file': 'row31_stapler.png', 'full_file_path': '/Volumes/TVault2/datasets/sugvu24/extracted_frames/case_001/row31_stapler.png', 'ground_truth': 'stapler', 'gpt_response': 'Force Bipolar, Cadier Forceps, SureForm 45', 'original_response': '{\n  ""instruments"": [\n    ""Force Bipolar"",\n    ""Cadier Forceps"",\n    ""SureForm 45""\n  ]\n}'}]
(Background on this error at: https://sqlalche.me/e/20/e3q8)
",/Volumes/TVault2/datasets/sugvu24/extracted_frames/case_001/row31_stapler.png,,
2025-04-05 17:15:11,ROW_PROCESSING_ERROR,"Error processing row 35 in file /Volumes/TVault2/datasets/sugvu24/extracted_frames/case_001/extraction_results.csv: join() argument must be str, bytes, or os.PathLike object, not 'float'","Traceback (most recent call last):
  File ""/var/folders/1j/2k5xpt896fdb5rnbdm6nktnr0000gn/T/ipykernel_14640/1010041031.py"", line 47, in <module>
    img_path = os.path.join(root, frame_file)
               ^^^^^^^^^^^^^^^^^^^^^^^^^^^^^^
  File ""<frozen posixpath>"", line 90, in join
  File ""<frozen genericpath>"", line 164, in _check_arg_types
TypeError: join() argument must be str, bytes, or os.PathLike object, not 'float'
",/Volumes/TVault2/datasets/sugvu24/extracted_frames/case_001/extraction_results.csv,35.0,
2025-04-05 17:15:11,ROW_PROCESSING_ERROR,"Error processing row 36 in file /Volumes/TVault2/datasets/sugvu24/extracted_frames/case_001/extraction_results.csv: join() argument must be str, bytes, or os.PathLike object, not 'float'","Traceback (most recent call last):
  File ""/var/folders/1j/2k5xpt896fdb5rnbdm6nktnr0000gn/T/ipykernel_14640/1010041031.py"", line 47, in <module>
    img_path = os.path.join(root, frame_file)
               ^^^^^^^^^^^^^^^^^^^^^^^^^^^^^^
  File ""<frozen posixpath>"", line 90, in join
  File ""<frozen genericpath>"", line 164, in _check_arg_types
TypeError: join() argument must be str, bytes, or os.PathLike object, not 'float'
",/Volumes/TVault2/datasets/sugvu24/extracted_frames/case_001/extraction_results.csv,36.0,
2025-04-05 17:15:11,ROW_PROCESSING_ERROR,"Error processing row 37 in file /Volumes/TVault2/datasets/sugvu24/extracted_frames/case_001/extraction_results.csv: join() argument must be str, bytes, or os.PathLike object, not 'float'","Traceback (most recent call last):
  File ""/var/folders/1j/2k5xpt896fdb5rnbdm6nktnr0000gn/T/ipykernel_14640/1010041031.py"", line 47, in <module>
    img_path = os.path.join(root, frame_file)
               ^^^^^^^^^^^^^^^^^^^^^^^^^^^^^^
  File ""<frozen posixpath>"", line 90, in join
  File ""<frozen genericpath>"", line 164, in _check_arg_types
TypeError: join() argument must be str, bytes, or os.PathLike object, not 'float'
",/Volumes/TVault2/datasets/sugvu24/extracted_frames/case_001/extraction_results.csv,37.0,
2025-04-05 17:15:11,ROW_PROCESSING_ERROR,"Error processing row 38 in file /Volumes/TVault2/datasets/sugvu24/extracted_frames/case_001/extraction_results.csv: join() argument must be str, bytes, or os.PathLike object, not 'float'","Traceback (most recent call last):
  File ""/var/folders/1j/2k5xpt896fdb5rnbdm6nktnr0000gn/T/ipykernel_14640/1010041031.py"", line 47, in <module>
    img_path = os.path.join(root, frame_file)
               ^^^^^^^^^^^^^^^^^^^^^^^^^^^^^^
  File ""<frozen posixpath>"", line 90, in join
  File ""<frozen genericpath>"", line 164, in _check_arg_types
TypeError: join() argument must be str, bytes, or os.PathLike object, not 'float'
",/Volumes/TVault2/datasets/sugvu24/extracted_frames/case_001/extraction_results.csv,38.0,
2025-04-05 17:15:11,ROW_PROCESSING_ERROR,"Error processing row 39 in file /Volumes/TVault2/datasets/sugvu24/extracted_frames/case_001/extraction_results.csv: join() argument must be str, bytes, or os.PathLike object, not 'float'","Traceback (most recent call last):
  File ""/var/folders/1j/2k5xpt896fdb5rnbdm6nktnr0000gn/T/ipykernel_14640/1010041031.py"", line 47, in <module>
    img_path = os.path.join(root, frame_file)
               ^^^^^^^^^^^^^^^^^^^^^^^^^^^^^^
  File ""<frozen posixpath>"", line 90, in join
  File ""<frozen genericpath>"", line 164, in _check_arg_types
TypeError: join() argument must be str, bytes, or os.PathLike object, not 'float'
",/Volumes/TVault2/datasets/sugvu24/extracted_frames/case_001/extraction_results.csv,39.0,
2025-04-05 17:15:11,ROW_PROCESSING_ERROR,"Error processing row 40 in file /Volumes/TVault2/datasets/sugvu24/extracted_frames/case_001/extraction_results.csv: join() argument must be str, bytes, or os.PathLike object, not 'float'","Traceback (most recent call last):
  File ""/var/folders/1j/2k5xpt896fdb5rnbdm6nktnr0000gn/T/ipykernel_14640/1010041031.py"", line 47, in <module>
    img_path = os.path.join(root, frame_file)
               ^^^^^^^^^^^^^^^^^^^^^^^^^^^^^^
  File ""<frozen posixpath>"", line 90, in join
  File ""<frozen genericpath>"", line 164, in _check_arg_types
TypeError: join() argument must be str, bytes, or os.PathLike object, not 'float'
",/Volumes/TVault2/datasets/sugvu24/extracted_frames/case_001/extraction_results.csv,40.0,
2025-04-05 17:15:11,ROW_PROCESSING_ERROR,"Error processing row 41 in file /Volumes/TVault2/datasets/sugvu24/extracted_frames/case_001/extraction_results.csv: join() argument must be str, bytes, or os.PathLike object, not 'float'","Traceback (most recent call last):
  File ""/var/folders/1j/2k5xpt896fdb5rnbdm6nktnr0000gn/T/ipykernel_14640/1010041031.py"", line 47, in <module>
    img_path = os.path.join(root, frame_file)
               ^^^^^^^^^^^^^^^^^^^^^^^^^^^^^^
  File ""<frozen posixpath>"", line 90, in join
  File ""<frozen genericpath>"", line 164, in _check_arg_types
TypeError: join() argument must be str, bytes, or os.PathLike object, not 'float'
",/Volumes/TVault2/datasets/sugvu24/extracted_frames/case_001/extraction_results.csv,41.0,
2025-04-05 17:15:20,ROW_PROCESSING_ERROR,"Error processing row 43 in file /Volumes/TVault2/datasets/sugvu24/extracted_frames/case_001/extraction_results.csv: join() argument must be str, bytes, or os.PathLike object, not 'float'","Traceback (most recent call last):
  File ""/var/folders/1j/2k5xpt896fdb5rnbdm6nktnr0000gn/T/ipykernel_14640/1010041031.py"", line 47, in <module>
    img_path = os.path.join(root, frame_file)
               ^^^^^^^^^^^^^^^^^^^^^^^^^^^^^^
  File ""<frozen posixpath>"", line 90, in join
  File ""<frozen genericpath>"", line 164, in _check_arg_types
TypeError: join() argument must be str, bytes, or os.PathLike object, not 'float'
",/Volumes/TVault2/datasets/sugvu24/extracted_frames/case_001/extraction_results.csv,43.0,
2025-04-05 17:15:20,ROW_PROCESSING_ERROR,"Error processing row 44 in file /Volumes/TVault2/datasets/sugvu24/extracted_frames/case_001/extraction_results.csv: join() argument must be str, bytes, or os.PathLike object, not 'float'","Traceback (most recent call last):
  File ""/var/folders/1j/2k5xpt896fdb5rnbdm6nktnr0000gn/T/ipykernel_14640/1010041031.py"", line 47, in <module>
    img_path = os.path.join(root, frame_file)
               ^^^^^^^^^^^^^^^^^^^^^^^^^^^^^^
  File ""<frozen posixpath>"", line 90, in join
  File ""<frozen genericpath>"", line 164, in _check_arg_types
TypeError: join() argument must be str, bytes, or os.PathLike object, not 'float'
",/Volumes/TVault2/datasets/sugvu24/extracted_frames/case_001/extraction_results.csv,44.0,
2025-04-05 17:20:55,ROW_PROCESSING_ERROR,"Error processing row 0 in file /Volumes/TVault2/datasets/sugvu24/extracted_frames/case_002/extraction_results.csv: join() argument must be str, bytes, or os.PathLike object, not 'float'","Traceback (most recent call last):
  File ""/var/folders/1j/2k5xpt896fdb5rnbdm6nktnr0000gn/T/ipykernel_14640/1010041031.py"", line 47, in <module>
    img_path = os.path.join(root, frame_file)
               ^^^^^^^^^^^^^^^^^^^^^^^^^^^^^^
  File ""<frozen posixpath>"", line 90, in join
  File ""<frozen genericpath>"", line 164, in _check_arg_types
TypeError: join() argument must be str, bytes, or os.PathLike object, not 'float'
",/Volumes/TVault2/datasets/sugvu24/extracted_frames/case_002/extraction_results.csv,0.0,
2025-04-05 17:20:55,ROW_PROCESSING_ERROR,"Error processing row 1 in file /Volumes/TVault2/datasets/sugvu24/extracted_frames/case_002/extraction_results.csv: join() argument must be str, bytes, or os.PathLike object, not 'float'","Traceback (most recent call last):
  File ""/var/folders/1j/2k5xpt896fdb5rnbdm6nktnr0000gn/T/ipykernel_14640/1010041031.py"", line 47, in <module>
    img_path = os.path.join(root, frame_file)
               ^^^^^^^^^^^^^^^^^^^^^^^^^^^^^^
  File ""<frozen posixpath>"", line 90, in join
  File ""<frozen genericpath>"", line 164, in _check_arg_types
TypeError: join() argument must be str, bytes, or os.PathLike object, not 'float'
",/Volumes/TVault2/datasets/sugvu24/extracted_frames/case_002/extraction_results.csv,1.0,
2025-04-05 17:20:55,ROW_PROCESSING_ERROR,"Error processing row 2 in file /Volumes/TVault2/datasets/sugvu24/extracted_frames/case_002/extraction_results.csv: join() argument must be str, bytes, or os.PathLike object, not 'float'","Traceback (most recent call last):
  File ""/var/folders/1j/2k5xpt896fdb5rnbdm6nktnr0000gn/T/ipykernel_14640/1010041031.py"", line 47, in <module>
    img_path = os.path.join(root, frame_file)
               ^^^^^^^^^^^^^^^^^^^^^^^^^^^^^^
  File ""<frozen posixpath>"", line 90, in join
  File ""<frozen genericpath>"", line 164, in _check_arg_types
TypeError: join() argument must be str, bytes, or os.PathLike object, not 'float'
",/Volumes/TVault2/datasets/sugvu24/extracted_frames/case_002/extraction_results.csv,2.0,
2025-04-05 17:20:55,ROW_PROCESSING_ERROR,"Error processing row 3 in file /Volumes/TVault2/datasets/sugvu24/extracted_frames/case_002/extraction_results.csv: join() argument must be str, bytes, or os.PathLike object, not 'float'","Traceback (most recent call last):
  File ""/var/folders/1j/2k5xpt896fdb5rnbdm6nktnr0000gn/T/ipykernel_14640/1010041031.py"", line 47, in <module>
    img_path = os.path.join(root, frame_file)
               ^^^^^^^^^^^^^^^^^^^^^^^^^^^^^^
  File ""<frozen posixpath>"", line 90, in join
  File ""<frozen genericpath>"", line 164, in _check_arg_types
TypeError: join() argument must be str, bytes, or os.PathLike object, not 'float'
",/Volumes/TVault2/datasets/sugvu24/extracted_frames/case_002/extraction_results.csv,3.0,
2025-04-05 17:20:55,ROW_PROCESSING_ERROR,"Error processing row 4 in file /Volumes/TVault2/datasets/sugvu24/extracted_frames/case_002/extraction_results.csv: join() argument must be str, bytes, or os.PathLike object, not 'float'","Traceback (most recent call last):
  File ""/var/folders/1j/2k5xpt896fdb5rnbdm6nktnr0000gn/T/ipykernel_14640/1010041031.py"", line 47, in <module>
    img_path = os.path.join(root, frame_file)
               ^^^^^^^^^^^^^^^^^^^^^^^^^^^^^^
  File ""<frozen posixpath>"", line 90, in join
  File ""<frozen genericpath>"", line 164, in _check_arg_types
TypeError: join() argument must be str, bytes, or os.PathLike object, not 'float'
",/Volumes/TVault2/datasets/sugvu24/extracted_frames/case_002/extraction_results.csv,4.0,
2025-04-05 17:20:55,ROW_PROCESSING_ERROR,"Error processing row 5 in file /Volumes/TVault2/datasets/sugvu24/extracted_frames/case_002/extraction_results.csv: join() argument must be str, bytes, or os.PathLike object, not 'float'","Traceback (most recent call last):
  File ""/var/folders/1j/2k5xpt896fdb5rnbdm6nktnr0000gn/T/ipykernel_14640/1010041031.py"", line 47, in <module>
    img_path = os.path.join(root, frame_file)
               ^^^^^^^^^^^^^^^^^^^^^^^^^^^^^^
  File ""<frozen posixpath>"", line 90, in join
  File ""<frozen genericpath>"", line 164, in _check_arg_types
TypeError: join() argument must be str, bytes, or os.PathLike object, not 'float'
",/Volumes/TVault2/datasets/sugvu24/extracted_frames/case_002/extraction_results.csv,5.0,
2025-04-05 17:20:55,ROW_PROCESSING_ERROR,"Error processing row 6 in file /Volumes/TVault2/datasets/sugvu24/extracted_frames/case_002/extraction_results.csv: join() argument must be str, bytes, or os.PathLike object, not 'float'","Traceback (most recent call last):
  File ""/var/folders/1j/2k5xpt896fdb5rnbdm6nktnr0000gn/T/ipykernel_14640/1010041031.py"", line 47, in <module>
    img_path = os.path.join(root, frame_file)
               ^^^^^^^^^^^^^^^^^^^^^^^^^^^^^^
  File ""<frozen posixpath>"", line 90, in join
  File ""<frozen genericpath>"", line 164, in _check_arg_types
TypeError: join() argument must be str, bytes, or os.PathLike object, not 'float'
",/Volumes/TVault2/datasets/sugvu24/extracted_frames/case_002/extraction_results.csv,6.0,
2025-04-05 17:20:58,JSON_PARSE_ERROR,JSON parsing error for /Volumes/TVault2/datasets/sugvu24/extracted_frames/case_002/row7_nancamera_in.png: Expecting value: line 1 column 1 (char 0),"Traceback (most recent call last):
  File ""/var/folders/1j/2k5xpt896fdb5rnbdm6nktnr0000gn/T/ipykernel_14640/1010041031.py"", line 94, in <module>
    gpt_tools_json = json.loads(cleaned_response)
                     ^^^^^^^^^^^^^^^^^^^^^^^^^^^^
  File ""/opt/miniconda3/envs/explore/lib/python3.12/json/__init__.py"", line 346, in loads
    return _default_decoder.decode(s)
           ^^^^^^^^^^^^^^^^^^^^^^^^^^
  File ""/opt/miniconda3/envs/explore/lib/python3.12/json/decoder.py"", line 337, in decode
    obj, end = self.raw_decode(s, idx=_w(s, 0).end())
               ^^^^^^^^^^^^^^^^^^^^^^^^^^^^^^^^^^^^^^
  File ""/opt/miniconda3/envs/explore/lib/python3.12/json/decoder.py"", line 355, in raw_decode
    raise JSONDecodeError(""Expecting value"", s, err.value) from None
json.decoder.JSONDecodeError: Expecting value: line 1 column 1 (char 0)
",/Volumes/TVault2/datasets/sugvu24/extracted_frames/case_002/row7_nancamera_in.png,,"I'm sorry, I can't assist with identifying the tool from this image."
2025-04-05 17:23:18,ROW_PROCESSING_ERROR,"Error processing row 22 in file /Volumes/TVault2/datasets/sugvu24/extracted_frames/case_002/extraction_results.csv: join() argument must be str, bytes, or os.PathLike object, not 'float'","Traceback (most recent call last):
  File ""/var/folders/1j/2k5xpt896fdb5rnbdm6nktnr0000gn/T/ipykernel_14640/1010041031.py"", line 47, in <module>
    img_path = os.path.join(root, frame_file)
               ^^^^^^^^^^^^^^^^^^^^^^^^^^^^^^
  File ""<frozen posixpath>"", line 90, in join
  File ""<frozen genericpath>"", line 164, in _check_arg_types
TypeError: join() argument must be str, bytes, or os.PathLike object, not 'float'
",/Volumes/TVault2/datasets/sugvu24/extracted_frames/case_002/extraction_results.csv,22.0,
2025-04-05 17:23:18,ROW_PROCESSING_ERROR,"Error processing row 23 in file /Volumes/TVault2/datasets/sugvu24/extracted_frames/case_002/extraction_results.csv: join() argument must be str, bytes, or os.PathLike object, not 'float'","Traceback (most recent call last):
  File ""/var/folders/1j/2k5xpt896fdb5rnbdm6nktnr0000gn/T/ipykernel_14640/1010041031.py"", line 47, in <module>
    img_path = os.path.join(root, frame_file)
               ^^^^^^^^^^^^^^^^^^^^^^^^^^^^^^
  File ""<frozen posixpath>"", line 90, in join
  File ""<frozen genericpath>"", line 164, in _check_arg_types
TypeError: join() argument must be str, bytes, or os.PathLike object, not 'float'
",/Volumes/TVault2/datasets/sugvu24/extracted_frames/case_002/extraction_results.csv,23.0,
2025-04-05 17:23:18,ROW_PROCESSING_ERROR,"Error processing row 24 in file /Volumes/TVault2/datasets/sugvu24/extracted_frames/case_002/extraction_results.csv: join() argument must be str, bytes, or os.PathLike object, not 'float'","Traceback (most recent call last):
  File ""/var/folders/1j/2k5xpt896fdb5rnbdm6nktnr0000gn/T/ipykernel_14640/1010041031.py"", line 47, in <module>
    img_path = os.path.join(root, frame_file)
               ^^^^^^^^^^^^^^^^^^^^^^^^^^^^^^
  File ""<frozen posixpath>"", line 90, in join
  File ""<frozen genericpath>"", line 164, in _check_arg_types
TypeError: join() argument must be str, bytes, or os.PathLike object, not 'float'
",/Volumes/TVault2/datasets/sugvu24/extracted_frames/case_002/extraction_results.csv,24.0,
2025-04-05 17:23:18,ROW_PROCESSING_ERROR,"Error processing row 25 in file /Volumes/TVault2/datasets/sugvu24/extracted_frames/case_002/extraction_results.csv: join() argument must be str, bytes, or os.PathLike object, not 'float'","Traceback (most recent call last):
  File ""/var/folders/1j/2k5xpt896fdb5rnbdm6nktnr0000gn/T/ipykernel_14640/1010041031.py"", line 47, in <module>
    img_path = os.path.join(root, frame_file)
               ^^^^^^^^^^^^^^^^^^^^^^^^^^^^^^
  File ""<frozen posixpath>"", line 90, in join
  File ""<frozen genericpath>"", line 164, in _check_arg_types
TypeError: join() argument must be str, bytes, or os.PathLike object, not 'float'
",/Volumes/TVault2/datasets/sugvu24/extracted_frames/case_002/extraction_results.csv,25.0,
2025-04-05 17:24:52,ROW_PROCESSING_ERROR,"Error processing row 36 in file /Volumes/TVault2/datasets/sugvu24/extracted_frames/case_002/extraction_results.csv: join() argument must be str, bytes, or os.PathLike object, not 'float'","Traceback (most recent call last):
  File ""/var/folders/1j/2k5xpt896fdb5rnbdm6nktnr0000gn/T/ipykernel_14640/1010041031.py"", line 47, in <module>
    img_path = os.path.join(root, frame_file)
               ^^^^^^^^^^^^^^^^^^^^^^^^^^^^^^
  File ""<frozen posixpath>"", line 90, in join
  File ""<frozen genericpath>"", line 164, in _check_arg_types
TypeError: join() argument must be str, bytes, or os.PathLike object, not 'float'
",/Volumes/TVault2/datasets/sugvu24/extracted_frames/case_002/extraction_results.csv,36.0,
2025-04-05 17:24:52,ROW_PROCESSING_ERROR,"Error processing row 37 in file /Volumes/TVault2/datasets/sugvu24/extracted_frames/case_002/extraction_results.csv: join() argument must be str, bytes, or os.PathLike object, not 'float'","Traceback (most recent call last):
  File ""/var/folders/1j/2k5xpt896fdb5rnbdm6nktnr0000gn/T/ipykernel_14640/1010041031.py"", line 47, in <module>
    img_path = os.path.join(root, frame_file)
               ^^^^^^^^^^^^^^^^^^^^^^^^^^^^^^
  File ""<frozen posixpath>"", line 90, in join
  File ""<frozen genericpath>"", line 164, in _check_arg_types
TypeError: join() argument must be str, bytes, or os.PathLike object, not 'float'
",/Volumes/TVault2/datasets/sugvu24/extracted_frames/case_002/extraction_results.csv,37.0,
2025-04-05 17:24:52,ROW_PROCESSING_ERROR,"Error processing row 38 in file /Volumes/TVault2/datasets/sugvu24/extracted_frames/case_002/extraction_results.csv: join() argument must be str, bytes, or os.PathLike object, not 'float'","Traceback (most recent call last):
  File ""/var/folders/1j/2k5xpt896fdb5rnbdm6nktnr0000gn/T/ipykernel_14640/1010041031.py"", line 47, in <module>
    img_path = os.path.join(root, frame_file)
               ^^^^^^^^^^^^^^^^^^^^^^^^^^^^^^
  File ""<frozen posixpath>"", line 90, in join
  File ""<frozen genericpath>"", line 164, in _check_arg_types
TypeError: join() argument must be str, bytes, or os.PathLike object, not 'float'
",/Volumes/TVault2/datasets/sugvu24/extracted_frames/case_002/extraction_results.csv,38.0,
2025-04-05 17:24:52,ROW_PROCESSING_ERROR,"Error processing row 39 in file /Volumes/TVault2/datasets/sugvu24/extracted_frames/case_002/extraction_results.csv: join() argument must be str, bytes, or os.PathLike object, not 'float'","Traceback (most recent call last):
  File ""/var/folders/1j/2k5xpt896fdb5rnbdm6nktnr0000gn/T/ipykernel_14640/1010041031.py"", line 47, in <module>
    img_path = os.path.join(root, frame_file)
               ^^^^^^^^^^^^^^^^^^^^^^^^^^^^^^
  File ""<frozen posixpath>"", line 90, in join
  File ""<frozen genericpath>"", line 164, in _check_arg_types
TypeError: join() argument must be str, bytes, or os.PathLike object, not 'float'
",/Volumes/TVault2/datasets/sugvu24/extracted_frames/case_002/extraction_results.csv,39.0,
